Country/Region,Date,R,se_R,days_infectious,ci_95_u,ci_95_l,ci_50_u,ci_50_l
Germany,2020-02-26,5.835897435897436,0.0,7,5.835897435897436,5.835897435897436,5.835897435897436,5.835897435897436
Germany,2020-02-27,3.782899264202078,1.3517709643649785e-05,7,3.782925758426133,3.782872769978023,3.782908381758679,3.782890146645477
Germany,2020-02-28,2.593472142598187,0.0,7,2.593472142598187,2.593472142598187,2.593472142598187,2.593472142598187
Germany,2020-02-29,1.622503155987682,1.3517709643649785e-05,7,1.622529650211737,1.6224766617636268,1.6225122735442827,1.622494038431081
Germany,2020-03-01,1.1195767219635298,1.3517709643649785e-05,7,1.1196032161875848,1.1195502277394747,1.1195858395201306,1.119567604406929
Germany,2020-03-02,3.1393829186464037,1.3517709643649785e-05,7,3.139409412870459,3.1393564244223486,3.1393920362030046,3.139373801089803
Germany,2020-03-03,3.929979732331701,1.3517709643649785e-05,7,3.930006226555756,3.929953238107646,3.9299888498883018,3.9299706147751
Germany,2020-03-04,3.277724294845474,1.3517709643649785e-05,7,3.277750789069529,3.277697800621419,3.2777334124020747,3.277715177288873
Germany,2020-03-05,3.094277260700762,1.3517709643649785e-05,7,3.094303754924817,3.0942507664767067,3.0942863782573626,3.094268143144161
Germany,2020-03-06,3.310930069368782,1.3517709643649785e-05,7,3.3109565635928373,3.310903575144727,3.310939186925383,3.3109209518121814
Germany,2020-03-07,2.177959715582296,1.3517709643649785e-05,7,2.177986209806351,2.177933221358241,2.177968833138897,2.1779505980256952
Germany,2020-03-08,1.419309651558717,1.3517709643649785e-05,7,1.419336145782772,1.4192831573346618,1.4193187691153177,1.419300534002116
Germany,2020-03-09,2.573799505795976,1.3517709643649785e-05,7,2.573826000020031,2.573773011571921,2.5738086233525768,2.573790388239375
Germany,2020-03-10,2.956050491627034,1.3517709643649785e-05,7,2.956076985851089,2.956023997402979,2.956059609183635,2.956041374070433
Germany,2020-03-11,2.6229672476280483,1.3517709643649785e-05,7,2.6229937418521034,2.6229407534039932,2.622976365184649,2.6229581300714475
Germany,2020-03-12,2.304089342678668,1.3517709643649785e-05,7,2.304115836902723,2.304062848454613,2.3040984602352688,2.304080225122067
Germany,2020-03-13,1.9122381678358118,1.3517709643649785e-05,7,1.912264662059867,1.9122116736117567,1.9122472853924126,1.912229050279211
Germany,2020-03-14,1.416833363292612,1.3517709643649785e-05,7,1.416859857516667,1.416806869068557,1.4168424808492128,1.4168242457360112
Germany,2020-03-15,0.9609801883758698,1.3517709643649785e-05,7,0.9610066825999248,0.9609536941518149,0.9609893059324707,0.960971070819269
Germany,2020-03-16,1.4664697517639944,1.3517709643649785e-05,7,1.4664962459880495,1.4664432575399393,1.4664788693205952,1.4664606342073936
Germany,2020-03-17,1.743552623068727,1.3517709643649785e-05,7,1.7435791172927821,1.743526128844672,1.7435617406253279,1.7435435055121262
Germany,2020-03-18,1.7834789374895956,1.3517709643649785e-05,7,1.7835054317136507,1.7834524432655405,1.7834880550461965,1.7834698199329948
Germany,2020-03-19,1.635896214642723,1.3517709643649785e-05,7,1.635922708866778,1.6358697204186678,1.6359053321993238,1.6358870970861221
Germany,2020-03-20,1.51036038865728,1.3517709643649785e-05,7,1.5103868828813352,1.510333894433225,1.5103695062138809,1.5103512711006792
Germany,2020-03-21,1.1430953658720722,1.3517709643649785e-05,7,1.1431218600961273,1.143068871648017,1.143104483428673,1.1430862483154713
Germany,2020-03-22,0.7953254625451409,1.3517709643649785e-05,7,0.7953519567691959,0.7952989683210859,0.7953345801017417,0.7953163449885401
Germany,2020-03-23,1.0334976030587844,1.3517709643649785e-05,7,1.0335240972828394,1.0334711088347293,1.0335067206153852,1.0334884855021835
Germany,2020-03-24,1.411260476845711,1.3517709643649785e-05,7,1.4112869710697662,1.411233982621656,1.411269594402312,1.4112513592891103
Germany,2020-03-25,1.3701914414842231,1.3517709643649785e-05,7,1.3702179357082782,1.370164947260168,1.370200559040824,1.3701823239276223
Germany,2020-03-26,1.339703822909668,1.3517709643649785e-05,7,1.3397303171337231,1.339677328685613,1.3397129404662689,1.3396947053530672
Germany,2020-03-27,1.2281043750123724,1.3517709643649785e-05,7,1.2281308692364274,1.2280778807883173,1.2281134925689732,1.2280952574557715
Germany,2020-03-28,0.8793908201084145,1.3517709643649785e-05,7,0.8794173143324695,0.8793643258843595,0.8793999376650153,0.8793817025518137
Germany,2020-03-29,0.6054352608209174,1.3517709643649785e-05,7,0.6054617550449723,0.6054087665968624,0.6054443783775182,0.6054261432643165
Germany,2020-03-30,0.8382013802636961,1.3517709643649785e-05,7,0.838227874487751,0.8381748860396411,0.8382104978202969,0.8381922627070952
Germany,2020-03-31,1.1326248744425276,1.3517709643649785e-05,7,1.1326513686665827,1.1325983802184725,1.1326339919991284,1.1326157568859267
Germany,2020-04-01,1.1176853969215754,1.3517709643649785e-05,7,1.1177118911456305,1.1176589026975203,1.1176945144781762,1.1176762793649746
Germany,2020-04-02,1.0351995155746023,1.3517709643649785e-05,7,1.0352260097986574,1.0351730213505472,1.0352086331312031,1.0351903980180015
Germany,2020-04-03,0.7681033305882383,1.3517709643649785e-05,7,0.7681298248122933,0.7680768363641833,0.7681124481448391,0.7680942130316375
Germany,2020-04-04,0.7194293286355742,1.3517709643649785e-05,7,0.7194558228596292,0.7194028344115192,0.719438446192175,0.7194202110789734
Germany,2020-04-05,0.5522160049441359,1.3517709643649785e-05,7,0.5522424991681909,0.5521895107200809,0.5522251225007367,0.5522068873875351
Germany,2020-04-06,0.5261431317833136,1.3517709643649785e-05,7,0.5261696260073686,0.5261166375592586,0.5261522493399144,0.5261340142267128
Germany,2020-04-07,0.7532194837747375,1.3517709643649785e-05,7,0.7532459779987924,0.7531929895506825,0.7532286013313383,0.7532103662181366
Germany,2020-04-08,0.976393284789505,1.3517709643649785e-05,7,0.97641977901356,0.9763667905654501,0.9764024023461059,0.9763841672329042
Germany,2020-04-09,0.9949866157156434,1.3517709643649785e-05,7,0.9950131099396984,0.9949601214915884,0.9949957332722442,0.9949774981590426
Germany,2020-04-10,0.918379238136086,1.3517709643649785e-05,7,0.918405732360141,0.918352743912031,0.9183883556926868,0.9183701205794852
Germany,2020-04-11,0.7009021801719056,1.3517709643649785e-05,7,0.7009286743959606,0.7008756859478507,0.7009112977285065,0.7008930626153048
Germany,2020-04-12,0.5492694687135006,1.3517709643649785e-05,7,0.5492959629375556,0.5492429744894456,0.5492785862701014,0.5492603511568998
Germany,2020-04-13,0.6702673317501293,1.3517709643649785e-05,7,0.6702938259741843,0.6702408375260743,0.6702764493067301,0.6702582141935285
Germany,2020-04-14,0.8319514820877716,1.3517709643649785e-05,7,0.8319779763118266,0.8319249878637166,0.8319605996443724,0.8319423645311708
Germany,2020-04-15,0.9138703045717239,1.3517709643649785e-05,7,0.9138967987957789,0.9138438103476689,0.9138794221283247,0.9138611870151231
Germany,2020-04-16,0.8368388841509787,1.3517709643649785e-05,7,0.8368653783750337,0.8368123899269237,0.8368480017075796,0.8368297665943779
Germany,2020-04-17,0.7961442836562446,1.3517709643649785e-05,7,0.7961707778802996,0.7961177894321896,0.7961534012128454,0.7961351660996437
Germany,2020-04-18,0.6125542621848155,1.3517709643649785e-05,7,0.6125807564088704,0.6125277679607605,0.6125633797414163,0.6125451446282146
Germany,2020-04-19,0.4392598955621516,1.3517709643649785e-05,7,0.43928638978620665,0.4392334013380966,0.4392690131187524,0.43925077800555085
Germany,2020-04-20,0.6370631281714546,1.3517709643649785e-05,7,0.6370896223955096,0.6370366339473996,0.6370722457280554,0.6370540106148538
Germany,2020-04-21,0.797007611766591,1.3517709643649785e-05,7,0.797034105990646,0.796981117542536,0.7970167293231918,0.7969984942099901
Germany,2020-04-22,0.7983592333752584,1.3517709643649785e-05,7,0.7983857275993134,0.7983327391512034,0.7983683509318592,0.7983501158186576
Germany,2020-04-23,0.8439687814871416,1.3517709643649785e-05,7,0.8439952757111966,0.8439422872630866,0.8439778990437424,0.8439596639305408
Germany,2020-04-24,0.6194112132461845,1.3517709643649785e-05,7,0.6194377074702395,0.6193847190221295,0.6194203308027854,0.6194020956895837
Germany,2020-04-25,0.5075461123520969,1.3517709643649785e-05,7,0.5075726065761519,0.5075196181280419,0.5075552299086977,0.5075369947954961
Germany,2020-04-26,0.4224076949238945,1.3517709643649785e-05,7,0.42243418914794956,0.4223812006998395,0.4224168124804953,0.42239857736729375
Germany,2020-04-27,0.6350510680403572,1.3517709643649785e-05,7,0.6350775622644121,0.6350245738163022,0.635060185596958,0.6350419504837563
Germany,2020-04-28,0.9056392259355115,1.3517709643649785e-05,7,0.9056657201595665,0.9056127317114565,0.9056483434921123,0.9056301083789107
Germany,2020-04-29,0.9746429381687738,1.3517709643649785e-05,7,0.9746694323928288,0.9746164439447188,0.9746520557253746,0.974633820612173
Germany,2020-04-30,0.9788390850003129,1.3517709643649785e-05,7,0.9788655792243679,0.9788125907762579,0.9788482025569137,0.9788299674437121
Germany,2020-05-01,0.8386670446940315,1.3517709643649785e-05,7,0.8386935389180865,0.8386405504699765,0.8386761622506324,0.8386579271374307
Germany,2020-05-02,0.6581042703091022,1.3517709643649785e-05,7,0.6581307645331572,0.6580777760850473,0.6581133878657031,0.6580951527525014
Germany,2020-05-03,0.44357553094679736,1.3517709643649785e-05,7,0.4436020251708524,0.4435490367227423,0.4435846485033981,0.4435664133901966
Germany,2020-05-04,0.7589798709077493,1.3517709643649785e-05,7,0.7590063651318043,0.7589533766836943,0.7589889884643501,0.7589707533511485
Germany,2020-05-05,0.9103929898922626,1.3517709643649785e-05,7,0.9104194841163176,0.9103664956682076,0.9104021074488634,0.9103838723356618
Germany,2020-05-06,0.9612285997952232,1.3517709643649785e-05,7,0.9612550940192782,0.9612021055711683,0.9612377173518241,0.9612194822386224
Germany,2020-05-07,0.8821464330158756,1.3517709643649785e-05,7,0.8821729272399306,0.8821199387918206,0.8821555505724764,0.8821373154592748
Germany,2020-05-08,0.8312604947077776,1.3517709643649785e-05,7,0.8312869889318326,0.8312340004837226,0.8312696122643785,0.8312513771511768
Germany,2020-05-09,0.6055223465061828,1.3517709643649785e-05,7,0.6055488407302377,0.6054958522821278,0.6055314640627836,0.6055132289495819
Germany,2020-05-10,0.5047795472937143,1.3517709643649785e-05,7,0.5048060415177693,0.5047530530696593,0.5047886648503151,0.5047704297371135
Germany,2020-05-11,0.7769117047737987,1.3517709643649785e-05,7,0.7769381989978537,0.7768852105497437,0.7769208223303995,0.7769025872171978
Germany,2020-05-12,1.0022683638101084,1.3517709643649785e-05,7,1.0022948580341635,1.0022418695860533,1.0022774813667092,1.0022592462535076
Germany,2020-05-13,1.1191069040408679,1.3517709643649785e-05,7,1.119133398264923,1.1190804098168128,1.1191160215974687,1.119097786484267
Germany,2020-05-14,0.6455274556493982,1.3517709643649785e-05,7,0.6455539498734532,0.6455009614253432,0.645536573205999,0.6455183380927974
Germany,2020-05-15,0.8159466566951648,1.3517709643649785e-05,7,0.8159731509192197,0.8159201624711098,0.8159557742517656,0.8159375391385639
Germany,2020-05-16,0.605733560075514,1.3517709643649785e-05,7,0.605760054299569,0.6057070658514591,0.6057426776321149,0.6057244425189132
Germany,2020-05-17,0.46981323617401427,1.3517709643649785e-05,7,0.4698397303980693,0.46978674194995923,0.46982235373061504,0.4698041186174135
Germany,2020-05-18,0.7945981556841288,1.3517709643649785e-05,7,0.7946246499081838,0.7945716614600739,0.7946072732407297,0.794589038127528
Germany,2020-05-19,1.1129659219422396,1.3517709643649785e-05,7,1.1129924161662947,1.1129394277181845,1.1129750394988405,1.1129568043856388
Germany,2020-05-20,1.1186983670447186,1.3517709643649785e-05,7,1.1187248612687737,1.1186718728206635,1.1187074846013194,1.1186892494881178
Germany,2020-05-21,0.927855738853819,1.3517709643649785e-05,7,0.927882233077874,0.927829244629764,0.9278648564104198,0.9278466212972182
Germany,2020-05-22,0.806105820297102,1.3517709643649785e-05,7,0.806132314521157,0.806079326073047,0.8061149378537028,0.8060967027405012
Germany,2020-05-23,0.7331329735175285,1.3517709643649785e-05,7,0.7331594677415835,0.7331064792934735,0.7331420910741293,0.7331238559609277
Germany,2020-05-24,0.47268713795300366,1.3517709643649785e-05,7,0.4727136321770587,0.4726606437289486,0.4726962555096044,0.4726780203964029
Germany,2020-05-25,0.4284311849468774,1.3517709643649785e-05,7,0.4284576791709324,0.42840469072282233,0.42844030250347814,0.4284220673902766
Germany,2020-05-26,0.7758429426589537,1.3517709643649785e-05,7,0.7758694368830087,0.7758164484348987,0.7758520602155545,0.7758338251023529
Germany,2020-05-27,1.1757897713814955,1.3517709643649785e-05,7,1.1758162656055506,1.1757632771574404,1.1757988889380964,1.1757806538248947
Germany,2020-05-28,1.1819428695418603,1.3517709643649785e-05,7,1.1819693637659154,1.1819163753178052,1.1819519870984612,1.1819337519852595
Germany,2020-05-29,1.0063615559200199,1.3517709643649785e-05,7,1.006388050144075,1.0063350616959648,1.0063706734766207,1.006352438363419
Germany,2020-05-30,0.7298990626230142,1.3517709643649785e-05,7,0.7299255568470692,0.7298725683989592,0.729908180179615,0.7298899450664134
Germany,2020-05-31,0.4996340859452508,1.3517709643649785e-05,7,0.49966058016930587,0.4996075917211958,0.4996432035018516,0.49962496838865006
Germany,2020-06-01,0.8336119677704392,1.3517709643649785e-05,7,0.8336384619944942,0.8335854735463842,0.83362108532704,0.8336028502138384
Germany,2020-06-02,1.123385316099947,1.3517709643649785e-05,7,1.123411810324002,1.1233588218758919,1.1233944336565478,1.1233761985433461
Germany,2020-06-03,1.3119740084346538,1.3517709643649785e-05,7,1.312000502658709,1.3119475142105987,1.3119831259912547,1.311964890878053
Germany,2020-06-04,0.7776135541192087,1.3517709643649785e-05,7,0.7776400483432637,0.7775870598951538,0.7776226716758096,0.7776044365626079
Germany,2020-06-05,0.958509506101015,1.3517709643649785e-05,7,0.95853600032507,0.9584830118769601,0.9585186236576159,0.9585003885444142
Germany,2020-06-06,0.8460923222744243,1.3517709643649785e-05,7,0.8461188164984793,0.8460658280503693,0.8461014398310251,0.8460832047178235
Germany,2020-06-07,0.5871562866048797,1.3517709643649785e-05,7,0.5871827808289347,0.5871297923808247,0.5871654041614806,0.5871471690482789
Germany,2020-06-08,0.8380842285707778,1.3517709643649785e-05,7,0.8381107227948328,0.8380577343467228,0.8380933461273786,0.838075111014177
Germany,2020-06-09,1.4810568003344002,1.3517709643649785e-05,7,1.4810832945584553,1.4810303061103451,1.481065917891001,1.4810476827777994
Germany,2020-06-10,2.188864610186844,1.3517709643649785e-05,7,2.188891104410899,2.1888381159627888,2.1888737277434447,2.188855492630243
Germany,2020-06-11,1.6587188450486945,1.3517709643649785e-05,7,1.6587453392727496,1.6586923508246394,1.6587279626052953,1.6587097274920937
Germany,2020-06-12,1.905057627992747,1.3517709643649785e-05,7,1.905084122216802,1.9050311337686918,1.9050667455493477,1.905048510436146
Germany,2020-06-13,1.0359928672618177,1.3517709643649785e-05,7,1.0360193614858728,1.0359663730377626,1.0360019848184185,1.035983749705217
Germany,2020-06-14,0.5242660037667486,1.3517709643649785e-05,7,0.5242924979908036,0.5242395095426936,0.5242751213233494,0.5242568862101478
Germany,2020-06-15,0.9055050922579602,1.3517709643649785e-05,7,0.9055315864820151,0.9054785980339052,0.905514209814561,0.9054959747013593
Germany,2020-06-16,1.0904341073353503,1.3517709643649785e-05,7,1.0904606015594054,1.0904076131112952,1.0904432248919511,1.0904249897787495
Germany,2020-06-17,1.014732677427658,1.3517709643649785e-05,7,1.014759171651713,1.0147061832036028,1.0147417949842588,1.0147235598710571
Germany,2020-06-18,1.1062936863352621,1.3517709643649785e-05,7,1.1063201805593172,1.106267192111207,1.106302803891863,1.1062845687786613
Germany,2020-06-19,1.1052657895971176,1.3517709643649785e-05,7,1.1052922838211727,1.1052392953730625,1.1052749071537185,1.1052566720405168
Germany,2020-06-20,0.7010810951344091,1.3517709643649785e-05,7,0.7011075893584641,0.7010546009103541,0.7010902126910099,0.7010719775778083
Germany,2020-06-21,0.5287802502916459,1.3517709643649785e-05,7,0.5288067445157009,0.5287537560675909,0.5287893678482467,0.5287711327350451
Germany,2020-06-22,0.9431046882831595,1.3517709643649785e-05,7,0.9431311825072145,0.9430781940591045,0.9431138058397603,0.9430955707265587
Germany,2020-06-23,1.019639805095886,1.3517709643649785e-05,7,1.019666299319941,1.0196133108718308,1.0196489226524867,1.019630687539285
Germany,2020-06-24,1.061950910072827,1.3517709643649785e-05,7,1.0619774042968821,1.061924415848772,1.0619600276294279,1.0619417925162262
Germany,2020-06-25,1.032859986483771,1.3517709643649785e-05,7,1.0328864807078262,1.032833492259716,1.032869104040372,1.0328508689271703
Germany,2020-06-26,0.9569283133098453,1.3517709643649785e-05,7,0.9569548075339003,0.9569018190857903,0.9569374308664461,0.9569191957532445
Germany,2020-06-27,0.7156925674745144,1.3517709643649785e-05,7,0.7157190616985694,0.7156660732504594,0.7157016850311152,0.7156834499179136
Germany,2020-06-28,0.46597797180050626,1.3517709643649785e-05,7,0.4660044660245613,0.4659514775764512,0.46598708935710703,0.4659688542439055
Germany,2020-06-29,0.8756103525300123,1.3517709643649785e-05,7,0.8756368467540673,0.8755838583059573,0.8756194700866131,0.8756012349734115
Germany,2020-06-30,1.025311205764038,1.3517709643649785e-05,7,1.025337699988093,1.0252847115399828,1.0253203233206387,1.025302088207437
Germany,2020-07-01,1.148977188884674,1.3517709643649785e-05,7,1.1490036831087291,1.148950694660619,1.1489863064412749,1.1489680713280732
Germany,2020-07-02,1.0644143612257737,1.3517709643649785e-05,7,1.0644408554498288,1.0643878670017186,1.0644234787823745,1.0644052436691729
Germany,2020-07-03,1.0586733687380965,1.3517709643649785e-05,7,1.0586998629621516,1.0586468745140414,1.0586824862946973,1.0586642511814957
Germany,2020-07-04,0.7543737617687227,1.3517709643649785e-05,7,0.7544002559927777,0.7543472675446677,0.7543828793253236,0.7543646442121219
Germany,2020-07-05,0.4729739220221406,1.3517709643649785e-05,7,0.47300041624619565,0.4729474277980856,0.4729830395787414,0.47296480446553985
Germany,2020-07-06,0.9545002135081148,1.3517709643649785e-05,7,0.9545267077321697,0.9544737192840598,0.9545093310647156,0.9544910959515139
Germany,2020-07-07,1.2903875268306013,1.3517709643649785e-05,7,1.2904140210546564,1.2903610326065462,1.2903966443872021,1.2903784092740005
Germany,2020-07-08,1.391120434561926,1.3517709643649785e-05,7,1.391146928785981,1.3910939403378708,1.3911295521185267,1.391111317005325
Germany,2020-07-09,1.3405662657500748,1.3517709643649785e-05,7,1.3405927599741299,1.3405397715260197,1.3405753833066756,1.340557148193474
Germany,2020-07-10,1.2041578432448083,1.3517709643649785e-05,7,1.2041843374688634,1.2041313490207532,1.2041669608014092,1.2041487256882075
Germany,2020-07-11,1.0165641461579784,1.3517709643649785e-05,7,1.0165906403820335,1.0165376519339233,1.0165732637145792,1.0165550286013776
Germany,2020-07-12,0.5359105060052807,1.3517709643649785e-05,7,0.5359370002293357,0.5358840117812257,0.5359196235618815,0.5359013884486798
Germany,2020-07-13,1.1332487993469975,1.3517709643649785e-05,7,1.1332752935710526,1.1332223051229424,1.1332579169035983,1.1332396817903967
Germany,2020-07-14,1.2368728473901072,1.3517709643649785e-05,7,1.2368993416141623,1.236846353166052,1.236881964946708,1.2368637298335063
Germany,2020-07-15,1.5380274447456639,1.3517709643649785e-05,7,1.538053938969719,1.5380009505216088,1.5380365623022647,1.538018327189063
Germany,2020-07-16,1.413666173644768,1.3517709643649785e-05,7,1.413692667868823,1.413639679420713,1.4136752912013688,1.4136570560881672
Germany,2020-07-17,1.4965777807271847,1.3517709643649785e-05,7,1.4966042749512398,1.4965512865031296,1.4965868982837855,1.496568663170584
Germany,2020-07-18,1.0096168398813172,1.3517709643649785e-05,7,1.0096433341053723,1.0095903456572621,1.009625957437918,1.0096077223247164
Germany,2020-07-19,0.5187594267201239,1.3517709643649785e-05,7,0.5187859209441789,0.5187329324960689,0.5187685442767247,0.518750309163523
Germany,2020-07-20,1.0594235130156284,1.3517709643649785e-05,7,1.0594500072396835,1.0593970187915733,1.0594326305722293,1.0594143954590276
Germany,2020-07-21,1.4134548595652237,1.3517709643649785e-05,7,1.4134813537892787,1.4134283653411686,1.4134639771218245,1.4134457420086228
Germany,2020-07-22,1.5676029480270486,1.3517709643649785e-05,7,1.5676294422511037,1.5675764538029935,1.5676120655836494,1.5675938304704478
Germany,2020-07-23,1.362923930150488,1.3517709643649785e-05,7,1.3629504243745432,1.362897435926433,1.362933047707089,1.3629148125938872
Germany,2020-07-24,1.3739578375937116,1.3517709643649785e-05,7,1.3739843318177667,1.3739313433696565,1.3739669551503124,1.3739487200371108
Germany,2020-07-25,0.8756206677953788,1.3517709643649785e-05,7,0.8756471620194338,0.8755941735713239,0.8756297853519797,0.875611550238778
Germany,2020-07-26,0.5772308883921498,1.3517709643649785e-05,7,0.5772573826162047,0.5772043941680948,0.5772400059487506,0.5772217708355489
Germany,2020-07-27,1.2678943694865974,1.3517709643649785e-05,7,1.2679208637106525,1.2678678752625423,1.2679034870431982,1.2678852519299966
Germany,2020-07-28,1.4054902098604505,1.3517709643649785e-05,7,1.4055167040845056,1.4054637156363954,1.4054993274170513,1.4054810923038497
Germany,2020-07-29,1.5146406001684276,1.3517709643649785e-05,7,1.5146670943924827,1.5146141059443725,1.5146497177250284,1.5146314826118268
Germany,2020-07-30,1.463260241699523,1.3517709643649785e-05,7,1.4632867359235782,1.463233747475468,1.463269359256124,1.4632511241429222
Germany,2020-07-31,1.2106353399588243,1.3517709643649785e-05,7,1.2106618341828794,1.2106088457347692,1.2106444575154252,1.2106262224022235
Germany,2020-08-01,0.886782235712617,1.3517709643649785e-05,7,0.886808729936672,0.8867557414885621,0.8867913532692179,0.8867731181560162
Germany,2020-08-02,0.5170743814258811,1.3517709643649785e-05,7,0.5171008756499361,0.5170478872018262,0.517083498982482,0.5170652638692803
Germany,2020-08-03,1.3795762564343463,1.3517709643649785e-05,7,1.3796027506584014,1.3795497622102912,1.3795853739909472,1.3795671388777455
Germany,2020-08-04,1.4058685101640171,1.3517709643649785e-05,7,1.4058950043880722,1.405842015939962,1.405877627720618,1.4058593926074163
Germany,2020-08-05,1.6578793508071108,1.3517709643649785e-05,7,1.657905845031166,1.6578528565830557,1.6578884683637116,1.65787023325051
Germany,2020-08-06,1.452601106431521,1.3517709643649785e-05,7,1.452627600655576,1.4525746122074659,1.4526102239881218,1.4525919888749201
Germany,2020-08-07,1.2634739623737457,1.3517709643649785e-05,7,1.2635004565978007,1.2634474681496906,1.2634830799303465,1.2634648448171448
Germany,2020-08-08,0.7598334055220721,1.3517709643649785e-05,7,0.7598598997461271,0.7598069112980171,0.759842523078673,0.7598242879654713
Germany,2020-08-09,0.5818110311347171,1.3517709643649785e-05,7,0.5818375253587721,0.5817845369106621,0.5818201486913179,0.5818019135781163
Germany,2020-08-10,1.5050842430382267,1.3517709643649785e-05,7,1.5051107372622818,1.5050577488141716,1.5050933605948276,1.505075125481626
Germany,2020-08-11,1.3791634726093402,1.3517709643649785e-05,7,1.3791899668333953,1.3791369783852852,1.379172590165941,1.3791543550527394
Germany,2020-08-12,1.4593383529980886,1.3517709643649785e-05,7,1.4593648472221437,1.4593118587740335,1.4593474705546894,1.4593292354414877
Germany,2020-08-13,1.277409158544018,1.3517709643649785e-05,7,1.277435652768073,1.2773826643199628,1.2774182761006188,1.277400040987417
Germany,2020-08-14,1.2516570293215932,1.3517709643649785e-05,7,1.2516835235456483,1.251630535097538,1.251666146878194,1.2516479117649923
Germany,2020-08-15,0.7586483593387752,1.3517709643649785e-05,7,0.7586748535628302,0.7586218651147202,0.758657476895376,0.7586392417821743
Germany,2020-08-16,0.5598121444130167,1.3517709643649785e-05,7,0.5598386386370717,0.5597856501889618,0.5598212619696176,0.5598030268564159
Germany,2020-08-17,1.1884952446719261,1.3517709643649785e-05,7,1.1885217388959812,1.188468750447871,1.188504362228527,1.1884861271153253
Germany,2020-08-18,1.190097846185205,1.3517709643649785e-05,7,1.19012434040926,1.1900713519611499,1.1901069637418058,1.1900887286286042
Germany,2020-08-19,1.236682573289064,1.3517709643649785e-05,7,1.2367090675131192,1.236656079065009,1.2366916908456649,1.2366734557324632
Germany,2020-08-20,1.148235823107247,1.3517709643649785e-05,7,1.148262317331302,1.1482093288831918,1.1482449406638477,1.148226705550646
Germany,2020-08-21,1.0260278856094656,1.3517709643649785e-05,7,1.0260543798335207,1.0260013913854105,1.0260370031660664,1.0260187680528647
Germany,2020-08-22,0.6889452291626103,1.3517709643649785e-05,7,0.6889717233866652,0.6889187349385553,0.6889543467192111,0.6889361116060094
Germany,2020-08-23,0.5444902260427618,1.3517709643649785e-05,7,0.5445167202668167,0.5444637318187068,0.5444993435993626,0.5444811084861609
Germany,2020-08-24,1.0214789008028329,1.3517709643649785e-05,7,1.021505395026888,1.0214524065787778,1.0214880183594337,1.021469783246232
Germany,2020-08-25,1.1084134180005016,1.3517709643649785e-05,7,1.1084399122245567,1.1083869237764465,1.1084225355571025,1.1084043004439008
Germany,2020-08-26,1.1445895112222177,1.3517709643649785e-05,7,1.1446160054462728,1.1445630169981627,1.1445986287788186,1.144580393665617
Germany,2020-08-27,1.2029466020121564,1.3517709643649785e-05,7,1.2029730962362115,1.2029201077881013,1.2029557195687572,1.2029374844555556
Germany,2020-08-28,1.147250113666892,1.3517709643649785e-05,7,1.147276607890947,1.147223619442837,1.1472592312234928,1.1472409961102912
Germany,2020-08-29,0.8831312555463481,1.3517709643649785e-05,7,0.8831577497704031,0.8831047613222931,0.8831403731029489,0.8831221379897473
Germany,2020-08-30,0.5719312253281832,1.3517709643649785e-05,7,0.5719577195522382,0.5719047311041282,0.571940342884784,0.5719221077715824
Germany,2020-08-31,1.1748483008576516,1.3517709643649785e-05,7,1.1748747950817067,1.1748218066335965,1.1748574184142524,1.1748391833010507
Germany,2020-09-01,1.1143598517103441,1.3517709643649785e-05,7,1.1143863459343992,1.114333357486289,1.114368969266945,1.1143507341537433
Germany,2020-09-02,1.3388816899004774,1.3517709643649785e-05,7,1.3389081841245325,1.3388551956764223,1.3388908074570782,1.3388725723438766
Germany,2020-09-03,1.1762119431470621,1.3517709643649785e-05,7,1.1762384373711172,1.176185448923007,1.176221060703663,1.1762028255904613
Germany,2020-09-04,1.1856395726434248,1.3517709643649785e-05,7,1.1856660668674799,1.1856130784193697,1.1856486902000256,1.185630455086824
Germany,2020-09-05,0.9041254464185191,1.3517709643649785e-05,7,0.9041519406425741,0.9040989521944641,0.9041345639751199,0.9041163288619183
Germany,2020-09-06,0.6490805355148744,1.3517709643649785e-05,7,0.6491070297389294,0.6490540412908195,0.6490896530714753,0.6490714179582736
Germany,2020-09-07,1.1360255886268047,1.3517709643649785e-05,7,1.1360520828508598,1.1359990944027496,1.1360347061834055,1.1360164710702039
Germany,2020-09-08,1.4238000322275068,1.3517709643649785e-05,7,1.423826526451562,1.4237735380034517,1.4238091497841077,1.423790914670906
Germany,2020-09-09,1.440657195778899,1.3517709643649785e-05,7,1.440683690002954,1.4406307015548439,1.4406663133354998,1.4406480782222981
Germany,2020-09-10,1.4455992228488717,1.3517709643649785e-05,7,1.4456257170729268,1.4455727286248166,1.4456083404054725,1.4455901052922708
Germany,2020-09-11,1.2609341787523192,1.3517709643649785e-05,7,1.2609606729763743,1.260907684528264,1.26094329630892,1.2609250611957183
Germany,2020-09-12,0.8427653463837342,1.3517709643649785e-05,7,0.8427918406077892,0.8427388521596793,0.8427744639403351,0.8427562288271334
Germany,2020-09-13,0.5326092599479648,1.3517709643649785e-05,7,0.5326357541720198,0.5325827657239098,0.5326183775045656,0.532600142391364
Germany,2020-09-14,1.0698948088639937,1.3517709643649785e-05,7,1.0699213030880488,1.0698683146399386,1.0699039264205945,1.0698856913073929
Germany,2020-09-15,1.1287631364916255,1.3517709643649785e-05,7,1.1287896307156806,1.1287366422675704,1.1287722540482263,1.1287540189350247
Germany,2020-09-16,1.319642910156034,1.3517709643649785e-05,7,1.3196694043800892,1.319616415931979,1.319652027712635,1.3196337925994333
Germany,2020-09-17,1.3448300764773327,1.3517709643649785e-05,7,1.3448565707013878,1.3448035822532776,1.3448391940339335,1.3448209589207318
Germany,2020-09-18,1.2383137168637695,1.3517709643649785e-05,7,1.2383402110878245,1.2382872226397144,1.2383228344203703,1.2383045993071686
Germany,2020-09-19,0.9576594312563761,1.3517709643649785e-05,7,0.9576859254804311,0.9576329370323211,0.9576685488129769,0.9576503136997753
Germany,2020-09-20,0.5810550108083589,1.3517709643649785e-05,7,0.5810815050324138,0.5810285165843039,0.5810641283649597,0.581045893251758
Germany,2020-09-21,1.061350595194505,1.3517709643649785e-05,7,1.0613770894185601,1.06132410097045,1.0613597127511059,1.0613414776379042
Germany,2020-09-22,1.1867187826120018,1.3517709643649785e-05,7,1.186745276836057,1.1866922883879467,1.1867279001686026,1.186709665055401
Germany,2020-09-23,1.4137693982014727,1.3517709643649785e-05,7,1.4137958924255278,1.4137429039774176,1.4137785157580736,1.413760280644872
Germany,2020-09-24,1.4104749175682605,1.3517709643649785e-05,7,1.4105014117923156,1.4104484233442054,1.4104840351248613,1.4104658000116597
Germany,2020-09-25,1.3293894186479918,1.3517709643649785e-05,7,1.3294159128720469,1.3293629244239367,1.3293985362045926,1.329380301091391
Germany,2020-09-26,0.9906502680099193,1.3517709643649785e-05,7,0.9906767622339743,0.9906237737858643,0.9906593855665201,0.9906411504533185
Germany,2020-09-27,0.6257273287727041,1.3517709643649785e-05,7,0.6257538229967591,0.6257008345486491,0.6257364463293049,0.6257182112161033
Germany,2020-09-28,1.154931688967437,1.3517709643649785e-05,7,1.1549581831914921,1.154905194743382,1.1549408065240379,1.1549225714108362
Germany,2020-09-29,1.5552150515642484,1.3517709643649785e-05,7,1.5552415457883035,1.5551885573401933,1.5552241691208493,1.5552059340076476
Germany,2020-09-30,1.744940881786051,1.3517709643649785e-05,7,1.744967376010106,1.744914387561996,1.7449499993426518,1.7449317642294502
Germany,2020-10-01,1.6277690596064045,1.3517709643649785e-05,7,1.6277955538304596,1.6277425653823494,1.6277781771630053,1.6277599420498037
Germany,2020-10-02,1.5891918944986698,1.3517709643649785e-05,7,1.589218388722725,1.5891654002746147,1.5892010120552706,1.589182776942069
Germany,2020-10-03,1.0746625483953496,1.3517709643649785e-05,7,1.0746890426194047,1.0746360541712945,1.0746716659519504,1.0746534308387488
Germany,2020-10-04,0.7590886835259726,1.3517709643649785e-05,7,0.7591151777500276,0.7590621893019176,0.7590978010825734,0.7590795659693718
Germany,2020-10-05,1.2840823508112162,1.3517709643649785e-05,7,1.2841088450352713,1.2840558565871611,1.284091468367817,1.2840732332546154
Germany,2020-10-06,1.5008716819752501,1.3517709643649785e-05,7,1.5008981761993052,1.500845187751195,1.500880799531851,1.5008625644186493
Germany,2020-10-07,1.8149017537792553,1.3517709643649785e-05,7,1.8149282480033104,1.8148752595552002,1.8149108713358562,1.8148926362226545
Germany,2020-10-08,1.732614217649795,1.3517709643649785e-05,7,1.73264071187385,1.7325877234257399,1.7326233352063958,1.7326051000931941
Germany,2020-10-09,1.570904093248919,1.3517709643649785e-05,7,1.5709305874729742,1.570877599024864,1.57091321080552,1.5708949756923183
Germany,2020-10-10,1.0868552623975054,1.3517709643649785e-05,7,1.0868817566215605,1.0868287681734503,1.0868643799541062,1.0868461448409046
Germany,2020-10-11,0.7747630047888217,1.3517709643649785e-05,7,0.7747894990128766,0.7747365105647667,0.7747721223454225,0.7747538872322208
Germany,2020-10-12,1.2541331055528584,1.3517709643649785e-05,7,1.2541595997769135,1.2541066113288033,1.2541422231094592,1.2541239879962576
Germany,2020-10-13,1.6522580980560262,1.3517709643649785e-05,7,1.6522845922800813,1.652231603831971,1.652267215612627,1.6522489804994254
Germany,2020-10-14,1.9068145463698452,1.3517709643649785e-05,7,1.9068410405939002,1.90678805214579,1.906823663926446,1.9068054288132443
Germany,2020-10-15,1.8494009060171699,1.3517709643649785e-05,7,1.849427400241225,1.8493744117931148,1.8494100235737707,1.849391788460569
Germany,2020-10-16,1.6468572441707874,1.3517709643649785e-05,7,1.6468837383948425,1.6468307499467323,1.6468663617273882,1.6468481266141866
Germany,2020-10-17,1.2231185956277966,1.3517709643649785e-05,7,1.2231450898518517,1.2230921014037415,1.2231277131843974,1.2231094780711957
Germany,2020-10-18,0.8631099997674196,1.3517709643649785e-05,7,0.8631364939914746,0.8630835055433647,0.8631191173240205,0.8631008822108188
Germany,2020-10-19,1.2978316188024595,1.3517709643649785e-05,7,1.2978581130265145,1.2978051245784044,1.2978407363590603,1.2978225012458586
Germany,2020-10-20,1.572362659590035,1.3517709643649785e-05,7,1.5723891538140902,1.57233616536598,1.572371777146636,1.5723535420334342
Germany,2020-10-21,1.7137499691062814,1.3517709643649785e-05,7,1.7137764633303365,1.7137234748822263,1.7137590866628822,1.7137408515496806
Germany,2020-10-22,1.5773679478233795,1.3517709643649785e-05,7,1.5773944420474346,1.5773414535993244,1.5773770653799803,1.5773588302667787
Germany,2020-10-23,1.425673453996596,1.3517709643649785e-05,7,1.4256999482206512,1.425646959772541,1.4256825715531969,1.4256643364399952
Germany,2020-10-24,1.0144670373390272,1.3517709643649785e-05,7,1.0144935315630823,1.0144405431149721,1.014476154895628,1.0144579197824264
Germany,2020-10-25,0.8074028695479578,1.3517709643649785e-05,7,0.8074293637720128,0.8073763753239028,0.8074119871045586,0.807393751991357
Germany,2020-10-26,1.1279101715318156,1.3517709643649785e-05,7,1.1279366657558707,1.1278836773077605,1.1279192890884164,1.1279010539752148
Germany,2020-10-27,1.34548844808179,1.3517709643649785e-05,7,1.345514942305845,1.3454619538577348,1.3454975656383907,1.345479330525189
Germany,2020-10-28,1.3844047471919372,1.3517709643649785e-05,7,1.3844312414159923,1.384378252967882,1.384413864748538,1.3843956296353364
Germany,2020-10-29,1.3596301114931537,1.3517709643649785e-05,7,1.3596566057172088,1.3596036172690986,1.3596392290497545,1.359620993936553
Germany,2020-10-30,1.260144463206655,1.3517709643649785e-05,7,1.26017095743071,1.2601179689825999,1.2601535807632558,1.2601353456500541
Germany,2020-10-31,0.9441632544968721,1.3517709643649785e-05,7,0.9441897487209271,0.9441367602728171,0.9441723720534729,0.9441541369402713
Germany,2020-11-01,0.6808553359698313,1.3517709643649785e-05,7,0.6808818301938863,0.6808288417457763,0.6808644535264321,0.6808462184132305
Germany,2020-11-02,1.0063971121077775,1.3517709643649785e-05,7,1.0064236063318326,1.0063706178837224,1.0064062296643783,1.0063879945511767
Germany,2020-11-03,1.1877269428984323,1.3517709643649785e-05,7,1.1877534371224874,1.1877004486743772,1.187736060455033,1.1877178253418315
Germany,2020-11-04,1.3025390664577565,1.3517709643649785e-05,7,1.3025655606818116,1.3025125722337014,1.3025481840143573,1.3025299489011557
Germany,2020-11-05,1.2828751733890353,1.3517709643649785e-05,7,1.2829016676130904,1.2828486791649802,1.2828842909456362,1.2828660558324345
Germany,2020-11-06,1.142869197844081,1.3517709643649785e-05,7,1.1428956920681361,1.142842703620026,1.1428783154006819,1.1428600802874802
Germany,2020-11-07,0.8748229015208598,1.3517709643649785e-05,7,0.8748493957449148,0.8747964072968049,0.8748320190774607,0.874813783964259
Germany,2020-11-08,0.5876144993556315,1.3517709643649785e-05,7,0.5876409935796865,0.5875880051315765,0.5876236169122323,0.5876053817990307
Germany,2020-11-09,0.9031982501625702,1.3517709643649785e-05,7,0.9032247443866251,0.9031717559385152,0.903207367719171,0.9031891326059693
Germany,2020-11-10,1.1838439003302108,1.3517709643649785e-05,7,1.183870394554266,1.1838174061061557,1.1838530178868116,1.18383478277361
Germany,2020-11-11,1.3048859454329378,1.3517709643649785e-05,7,1.3049124396569929,1.3048594512088827,1.3048950629895386,1.304876827876337
Germany,2020-11-12,1.2526269540177712,1.3517709643649785e-05,7,1.2526534482418263,1.2526004597937161,1.252636071574372,1.2526178364611704
Germany,2020-11-13,1.1489562603465449,1.3517709643649785e-05,7,1.1489827545706,1.1489297661224898,1.1489653779031457,1.148947142789944
Germany,2020-11-14,0.8110940224263138,1.3517709643649785e-05,7,0.8111205166503688,0.8110675282022588,0.8111031399829146,0.811084904869713
Germany,2020-11-15,0.5756388668953494,1.3517709643649785e-05,7,0.5756653611194044,0.5756123726712944,0.5756479844519502,0.5756297493387486
Germany,2020-11-16,0.907294053233498,1.3517709643649785e-05,7,0.907320547457553,0.907267559009443,0.9073031707900988,0.9072849356768972
Germany,2020-11-17,1.1141643324344954,1.3517709643649785e-05,7,1.1141908266585505,1.1141378382104403,1.1141734499910962,1.1141552148778946
Germany,2020-11-18,1.2142256148778983,1.3517709643649785e-05,7,1.2142521091019534,1.2141991206538432,1.214234732434499,1.2142164973212974
Germany,2020-11-19,1.216640329154015,1.3517709643649785e-05,7,1.2166668233780702,1.21661383492996,1.216649446710616,1.2166312115974143
Germany,2020-11-20,1.066527126597736,1.3517709643649785e-05,7,1.0665536208217912,1.066500632373681,1.066536244154337,1.0665180090411353
Germany,2020-11-21,0.8273008888235447,1.3517709643649785e-05,7,0.8273273830475997,0.8272743945994897,0.8273100063801455,0.8272917712669439
Germany,2020-11-22,0.5814610593865435,1.3517709643649785e-05,7,0.5814875536105985,0.5814345651624885,0.5814701769431443,0.5814519418299426
Germany,2020-11-23,0.8344266111521886,1.3517709643649785e-05,7,0.8344531053762436,0.8344001169281337,0.8344357287087895,0.8344174935955878
Germany,2020-11-24,1.1317173589944793,1.3517709643649785e-05,7,1.1317438532185344,1.1316908647704242,1.1317264765510802,1.1317082414378785
Germany,2020-11-25,1.3039902924953883,1.3517709643649785e-05,7,1.3040167867194434,1.3039637982713332,1.3039994100519892,1.3039811749387875
Germany,2020-11-26,1.3046084541640228,1.3517709643649785e-05,7,1.304634948388078,1.3045819599399677,1.3046175717206236,1.304599336607422
Germany,2020-11-27,1.1515468833312559,1.3517709643649785e-05,7,1.151573377555311,1.1515203891072008,1.1515560008878567,1.151537765774655
Germany,2020-11-28,0.8510477056835221,1.3517709643649785e-05,7,0.851074199907577,0.8510212114594671,0.8510568232401229,0.8510385881269212
Germany,2020-11-29,0.635697366145123,1.3517709643649785e-05,7,0.6357238603691779,0.635670871921068,0.6357064837017238,0.6356882485885221
Germany,2020-11-30,0.9594878755507928,1.3517709643649785e-05,7,0.9595143697748478,0.9594613813267379,0.9594969931073937,0.959478757994192
Germany,2020-12-01,1.2500425308602652,1.3517709643649785e-05,7,1.2500690250843203,1.25001603663621,1.250051648416866,1.2500334133036644
Germany,2020-12-02,1.4150507332048163,1.3517709643649785e-05,7,1.4150772274288714,1.4150242389807612,1.4150598507614172,1.4150416156482155
Germany,2020-12-03,1.3835492554709774,1.3517709643649785e-05,7,1.3835757496950325,1.3835227612469223,1.3835583730275782,1.3835401379143766
Germany,2020-12-04,1.2509579398549975,1.3517709643649785e-05,7,1.2509844340790526,1.2509314456309424,1.2509670574115983,1.2509488222983967
Germany,2020-12-05,0.9537275109285771,1.3517709643649785e-05,7,0.9537540051526321,0.9537010167045221,0.9537366284851779,0.9537183933719763
Germany,2020-12-06,0.6635728288276574,1.3517709643649785e-05,7,0.6635993230517124,0.6635463346036025,0.6635819463842583,0.6635637112710566
Germany,2020-12-07,0.9607771624304593,1.3517709643649785e-05,7,0.9608036566545143,0.9607506682064043,0.9607862799870601,0.9607680448738585
Germany,2020-12-08,1.2668524086654676,1.3517709643649785e-05,7,1.2668789028895227,1.2668259144414125,1.2668615262220684,1.2668432911088667
Germany,2020-12-09,1.390105872233208,1.3517709643649785e-05,7,1.3901323664572631,1.390079378009153,1.3901149897898089,1.3900967546766072
Germany,2020-12-10,1.3342072211721727,1.3517709643649785e-05,7,1.3342337153962278,1.3341807269481176,1.3342163387287735,1.334198103615572
Germany,2020-12-11,1.1993900251372256,1.3517709643649785e-05,7,1.1994165193612807,1.1993635309131705,1.1993991426938264,1.1993809075806248
Germany,2020-12-12,0.9034504769256548,1.3517709643649785e-05,7,0.9034769711497098,0.9034239827015998,0.9034595944822557,0.903441359369054
Germany,2020-12-13,0.6575165154160867,1.3517709643649785e-05,7,0.6575430096401417,0.6574900211920317,0.6575256329726875,0.6575073978594859
Germany,2020-12-14,0.9135412315689062,1.3517709643649785e-05,7,0.9135677257929612,0.9135147373448512,0.913550349125507,0.9135321140123054
Germany,2020-12-15,1.231100765679773,1.3517709643649785e-05,7,1.231127259903828,1.231074271455718,1.2311098832363738,1.2310916481231722
Germany,2020-12-16,1.3603021758199907,1.3517709643649785e-05,7,1.3603286700440458,1.3602756815959356,1.3603112933765915,1.3602930582633899
Germany,2020-12-17,0.8804449425416726,1.3517709643649785e-05,7,0.8804714367657276,0.8804184483176176,0.8804540600982734,0.8804358249850718
Germany,2020-12-18,0.6332001505673461,1.3517709643649785e-05,7,0.6332266447914011,0.6331736563432911,0.633209268123947,0.6331910330107453
Germany,2020-12-19,0.6074432652971453,1.3517709643649785e-05,7,0.6074697595212003,0.6074167710730903,0.6074523828537461,0.6074341477405445
Germany,2020-12-20,0.5715108894383805,1.3517709643649785e-05,7,0.5715373836624354,0.5714843952143255,0.5715200069949813,0.5715017718817796
Germany,2020-12-21,0.8485654762062756,1.3517709643649785e-05,7,0.8485919704303306,0.8485389819822207,0.8485745937628765,0.8485563586496748
Germany,2020-12-22,1.358470066309082,1.3517709643649785e-05,7,1.3584965605331372,1.358443572085027,1.358479183865683,1.3584609487524812
Germany,2020-12-23,1.431853995723004,1.3517709643649785e-05,7,1.4318804899470592,1.431827501498949,1.431863113279605,1.4318448781664033
Germany,2020-12-24,0.9208822822337333,1.3517709643649785e-05,7,0.9209087764577882,0.9208557880096783,0.9208913997903341,0.9208731646771324
Germany,2020-12-25,0.5849683561574679,1.3517709643649785e-05,7,0.5849948503815229,0.5849418619334129,0.5849774737140687,0.5849592386008671
Germany,2020-12-26,0.6065118170589496,1.3517709643649785e-05,7,0.6065383112830046,0.6064853228348946,0.6065209346155505,0.6065026995023488
Germany,2020-12-27,0.581707011185167,1.3517709643649785e-05,7,0.581733505409222,0.581680516961112,0.5817161287417678,0.5816978936285662
Germany,2020-12-28,0.8709804594368993,1.3517709643649785e-05,7,0.8710069536609543,0.8709539652128443,0.8709895769935001,0.8709713418802985
Germany,2020-12-29,1.5167021107174754,1.3517709643649785e-05,7,1.5167286049415305,1.5166756164934203,1.5167112282740762,1.5166929931608746
Germany,2020-12-30,1.4180659201076087,1.3517709643649785e-05,7,1.4180924143316638,1.4180394258835536,1.4180750376642095,1.4180568025510079
Germany,2020-12-31,1.258970157670323,1.3517709643649785e-05,7,1.258996651894378,1.2589436634462678,1.2589792752269238,1.2589610401137221
Germany,2021-01-01,1.1507898215916574,1.3517709643649785e-05,7,1.1508163158157125,1.1507633273676023,1.1507989391482583,1.1507807040350566
Germany,2021-01-02,0.8278874420940864,1.3517709643649785e-05,7,0.8279139363181414,0.8278609478700314,0.8278965596506872,0.8278783245374856
Germany,2021-01-03,0.5325848693595818,1.3517709643649785e-05,7,0.5326113635836368,0.5325583751355268,0.5325939869161826,0.532575751802981
Germany,2021-01-04,0.7798764045094669,1.3517709643649785e-05,7,0.7799028987335219,0.779849910285412,0.7798855220660678,0.7798672869528661
Germany,2021-01-05,1.2074643124220792,1.3517709643649785e-05,7,1.2074908066461343,1.207437818198024,1.20747342997868,1.2074551948654784
Germany,2021-01-06,1.2334263942146755,1.3517709643649785e-05,7,1.2334528884387306,1.2333998999906204,1.2334355117712763,1.2334172766580747
Germany,2021-01-07,1.0406524253788914,1.3517709643649785e-05,7,1.0406789196029465,1.0406259311548363,1.0406615429354922,1.0406433078222905
Germany,2021-01-08,0.9466697600241247,1.3517709643649785e-05,7,0.9466962542481797,0.9466432658000697,0.9466788775807256,0.9466606424675239
Germany,2021-01-09,0.752347717316737,1.3517709643649785e-05,7,0.752374211540792,0.752321223092682,0.7523568348733378,0.7523385997601362
Germany,2021-01-10,0.48594999285890905,1.3517709643649785e-05,7,0.4859764870829641,0.485923498634854,0.4859591104155098,0.4859408753023083
Germany,2021-01-11,0.6368060485323245,1.3517709643649785e-05,7,0.6368325427563795,0.6367795543082695,0.6368151660889253,0.6367969309757237
Germany,2021-01-12,1.1376067741323024,1.3517709643649785e-05,7,1.1376332683563575,1.1375802799082473,1.1376158916889032,1.1375976565757016
Germany,2021-01-13,1.164683820772486,1.3517709643649785e-05,7,1.164710314996541,1.1646573265484308,1.1646929383290867,1.164674703215885
Germany,2021-01-14,1.0056476259971667,1.3517709643649785e-05,7,1.0056741202212218,1.0056211317731116,1.0056567435537676,1.005638508440566
Germany,2021-01-15,0.922225999825403,1.3517709643649785e-05,7,0.922252494049458,0.922199505601348,0.9222351173820038,0.9222168822688022
Germany,2021-01-16,0.7618271055349418,1.3517709643649785e-05,7,0.7618535997589968,0.7618006113108868,0.7618362230915426,0.761817987978341
Germany,2021-01-17,0.45513227480832863,1.3517709643649785e-05,7,0.45515876903238367,0.4551057805842736,0.4551413923649294,0.45512315725172786
Germany,2021-01-18,0.5812201813487092,1.3517709643649785e-05,7,0.5812466755727642,0.5811936871246542,0.58122929890531,0.5812110637921084
Germany,2021-01-19,1.1407267643089847,1.3517709643649785e-05,7,1.1407532585330398,1.1407002700849296,1.1407358818655855,1.1407176467523839
Germany,2021-01-20,1.1390113091130412,1.3517709643649785e-05,7,1.1390378033370963,1.138984814888986,1.139020426669642,1.1390021915564403
Germany,2021-01-21,0.965689310522604,1.3517709643649785e-05,7,0.965715804746659,0.965662816298549,0.9656984280792048,0.9656801929660032
Germany,2021-01-22,0.9242217745820442,1.3517709643649785e-05,7,0.9242482688060992,0.9241952803579893,0.9242308921386451,0.9242126570254434
Germany,2021-01-23,0.7827993372364387,1.3517709643649785e-05,7,0.7828258314604937,0.7827728430123837,0.7828084547930395,0.7827902196798379
Germany,2021-01-24,0.4573273386529597,1.3517709643649785e-05,7,0.45735383287701475,0.4573008444289047,0.4573364562095605,0.45731822109635895
Germany,2021-01-25,0.5994701406060101,1.3517709643649785e-05,7,0.5994966348300651,0.5994436463819551,0.5994792581626109,0.5994610230494093
Germany,2021-01-26,1.0926672188703814,1.3517709643649785e-05,7,1.0926937130944365,1.0926407246463263,1.0926763364269823,1.0926581013137806
Germany,2021-01-27,1.1571719904252105,1.3517709643649785e-05,7,1.1571984846492656,1.1571454962011554,1.1571811079818113,1.1571628728686096
Germany,2021-01-28,1.000076516127099,1.3517709643649785e-05,7,1.0001030103511541,1.000050021903044,1.0000856336836998,1.0000673985704982
Germany,2021-01-29,0.8932520418434264,1.3517709643649785e-05,7,0.8932785360674814,0.8932255476193715,0.8932611594000273,0.8932429242868256
Germany,2021-01-30,0.7976888299816092,1.3517709643649785e-05,7,0.7977153242056642,0.7976623357575542,0.79769794753821,0.7976797124250083
Germany,2021-01-31,0.427452286369559,1.3517709643649785e-05,7,0.42747878059361405,0.42742579214550397,0.4274614039261598,0.42744316881295824
Germany,2021-02-01,0.5456072345682663,1.3517709643649785e-05,7,0.5456337287923213,0.5455807403442113,0.5456163521248671,0.5455981170116655
Germany,2021-02-02,1.0129870623443333,1.3517709643649785e-05,7,1.0130135565683884,1.0129605681202782,1.0129961799009342,1.0129779447877325
Germany,2021-02-03,1.1176693480696713,1.3517709643649785e-05,7,1.1176958422937264,1.1176428538456162,1.1176784656262722,1.1176602305130705
Germany,2021-02-04,1.0179549837829418,1.3517709643649785e-05,7,1.017981478006997,1.0179284895588867,1.0179641013395426,1.017945866226341
Germany,2021-02-05,0.9449420369911554,1.3517709643649785e-05,7,0.9449685312152104,0.9449155427671004,0.9449511545477562,0.9449329194345546
Germany,2021-02-06,0.6959723468691121,1.3517709643649785e-05,7,0.6959988410931671,0.6959458526450572,0.695981464425713,0.6959632293125113
Germany,2021-02-07,0.5491216820034135,1.3517709643649785e-05,7,0.5491481762274685,0.5490951877793585,0.5491307995600143,0.5491125644468127
Germany,2021-02-08,0.6447704666507963,1.3517709643649785e-05,7,0.6447969608748513,0.6447439724267413,0.6447795842073971,0.6447613490941955
Germany,2021-02-09,1.2031213708984785,1.3517709643649785e-05,7,1.2031478651225336,1.2030948766744234,1.2031304884550793,1.2031122533418777
Germany,2021-02-10,1.2438193284146881,1.3517709643649785e-05,7,1.2438458226387432,1.243792834190633,1.243828445971289,1.2438102108580873
Germany,2021-02-11,1.1249618456388824,1.3517709643649785e-05,7,1.1249883398629374,1.1249353514148273,1.1249709631954832,1.1249527280822815
Germany,2021-02-12,1.0529279540687932,1.3517709643649785e-05,7,1.0529544482928483,1.0529014598447382,1.052937071625394,1.0529188365121924
Germany,2021-02-13,0.9540230342305686,1.3517709643649785e-05,7,0.9540495284546235,0.9539965400065136,0.9540321517871694,0.9540139166739677
Germany,2021-02-14,0.4975080173032813,1.3517709643649785e-05,7,0.49753451152733635,0.4974815230792263,0.4975171348598821,0.49749889974668055
Germany,2021-02-15,0.6724613230121195,1.3517709643649785e-05,7,0.6724878172361745,0.6724348287880645,0.6724704405687203,0.6724522054555186
Germany,2021-02-16,1.3607460257076265,1.3517709643649785e-05,7,1.3607725199316816,1.3607195314835714,1.3607551432642273,1.3607369081510257
Germany,2021-02-17,1.4103852108028478,1.3517709643649785e-05,7,1.410411705026903,1.4103587165787927,1.4103943283594487,1.410376093246247
Germany,2021-02-18,1.1886749719474259,1.3517709643649785e-05,7,1.188701466171481,1.1886484777233708,1.1886840895040267,1.188665854390825
Germany,2021-02-19,1.110618114225483,1.3517709643649785e-05,7,1.110644608449538,1.1105916200014279,1.1106272317820838,1.1106089966688821
Germany,2021-02-20,0.9237594406773062,1.3517709643649785e-05,7,0.9237859349013612,0.9237329464532512,0.923768558233907,0.9237503231207054
Germany,2021-02-21,0.5311297611536909,1.3517709643649785e-05,7,0.5311562553777459,0.5311032669296359,0.5311388787102918,0.5311206435970901
Germany,2021-02-22,0.6947108997607541,1.3517709643649785e-05,7,0.694737393984809,0.6946844055366991,0.6947200173173549,0.6947017822041532
Germany,2021-02-23,1.4155931897413876,1.3517709643649785e-05,7,1.4156196839654427,1.4155666955173325,1.4156023072979884,1.4155840721847868
Germany,2021-02-24,1.371605390225946,1.3517709643649785e-05,7,1.371631884450001,1.3715788960018909,1.3716145077825468,1.3715962726693451
Germany,2021-02-25,1.1860870379488462,1.3517709643649785e-05,7,1.1861135321729013,1.186060543724791,1.186096155505447,1.1860779203922454
Germany,2021-02-26,1.1094560525375983,1.3517709643649785e-05,7,1.1094825467616534,1.1094295583135432,1.109465170094199,1.1094469349809974
Germany,2021-02-27,0.9642672396497188,1.3517709643649785e-05,7,0.9642937338737738,0.9642407454256638,0.9642763572063197,0.964258122093118
Germany,2021-02-28,0.5137773601652655,1.3517709643649785e-05,7,0.5138038543893205,0.5137508659412106,0.5137864777218664,0.5137682426086647
Germany,2021-03-01,0.6919681584335642,1.3517709643649785e-05,7,0.6919946526576192,0.6919416642095092,0.691977275990165,0.6919590408769634
Germany,2021-03-02,1.4386264438865002,1.3517709643649785e-05,7,1.4386529381105553,1.438599949662445,1.438635561443101,1.4386173263298994
Germany,2021-03-03,1.598788607297664,1.3517709643649785e-05,7,1.5988151015217191,1.598762113073609,1.5987977248542649,1.5987794897410632
Germany,2021-03-04,1.3902424408511223,1.3517709643649785e-05,7,1.3902689350751773,1.3902159466270672,1.390251558407723,1.3902333232945214
Germany,2021-03-05,1.260705440788913,1.3517709643649785e-05,7,1.260731935012968,1.2606789465648578,1.2607145583455137,1.260696323232312
Germany,2021-03-06,1.0448744679757107,1.3517709643649785e-05,7,1.0449009621997658,1.0448479737516556,1.0448835855323115,1.0448653504191099
Germany,2021-03-07,0.5858536475508207,1.3517709643649785e-05,7,0.5858801417748757,0.5858271533267657,0.5858627651074215,0.5858445299942199
Germany,2021-03-08,0.7886404787581378,1.3517709643649785e-05,7,0.7886669729821928,0.7886139845340828,0.7886495963147386,0.788631361201537
Germany,2021-03-09,1.6201564738532066,1.3517709643649785e-05,7,1.6201829680772617,1.6201299796291515,1.6201655914098074,1.6201473562966058
Germany,2021-03-10,1.6886875156099364,1.3517709643649785e-05,7,1.6887140098339914,1.6886610213858813,1.6886966331665372,1.6886783980533355
Germany,2021-03-11,1.4038931604151252,1.3517709643649785e-05,7,1.4039196546391803,1.4038666661910701,1.403902277971726,1.4038840428585244
Germany,2021-03-12,1.2582690340156775,1.3517709643649785e-05,7,1.2582955282397326,1.2582425397916224,1.2582781515722783,1.2582599164590766
Germany,2021-03-13,1.049677411924998,1.3517709643649785e-05,7,1.0497039061490532,1.049650917700943,1.049686529481599,1.0496682943683973
Germany,2021-03-14,0.5790348400917915,1.3517709643649785e-05,7,0.5790613343158465,0.5790083458677365,0.5790439576483923,0.5790257225351907
Germany,2021-03-15,0.8123531460611297,1.3517709643649785e-05,7,0.8123796402851847,0.8123266518370748,0.8123622636177306,0.8123440285045289
Germany,2021-03-16,1.5862578194200334,1.3517709643649785e-05,7,1.5862843136440885,1.5862313251959783,1.5862669369766342,1.5862487018634326
Germany,2021-03-17,1.6620461273311884,1.3517709643649785e-05,7,1.6620726215552435,1.6620196331071333,1.6620552448877892,1.6620370097745876
Germany,2021-03-18,1.4643067393776539,1.3517709643649785e-05,7,1.464333233601709,1.4642802451535988,1.4643158569342547,1.464297621821053
Germany,2021-03-19,1.266581527014043,1.3517709643649785e-05,7,1.2666080212380981,1.266555032789988,1.2665906445706439,1.2665724094574422
Germany,2021-03-20,1.0009139460297596,1.3517709643649785e-05,7,1.0009404402538147,1.0008874518057045,1.0009230635863604,1.0009048284731588
Germany,2021-03-21,0.5857573181861677,1.3517709643649785e-05,7,0.5857838124102227,0.5857308239621127,0.5857664357427685,0.5857482006295669
Germany,2021-03-22,0.8049295700151621,1.3517709643649785e-05,7,0.8049560642392171,0.8049030757911071,0.8049386875717629,0.8049204524585613
Germany,2021-03-23,1.3588054669690646,1.3517709643649785e-05,7,1.3588319611931197,1.3587789727450095,1.3588145845256654,1.3587963494124637
Germany,2021-03-24,1.483180286000648,1.3517709643649785e-05,7,1.483206780224703,1.483153791776593,1.4831894035572488,1.4831711684440472
Germany,2021-03-25,1.256142507724909,1.3517709643649785e-05,7,1.2561690019489642,1.256116013500854,1.25615162528151,1.2561333901683083
Germany,2021-03-26,0.9270840308980582,1.3517709643649785e-05,7,0.9271105251221132,0.9270575366740033,0.9270931484546591,0.9270749133414574
Germany,2021-03-27,0.7078354493273646,1.3517709643649785e-05,7,0.7078619435514196,0.7078089551033097,0.7078445668839655,0.7078263317707638
Germany,2021-03-28,0.5578905402835481,1.3517709643649785e-05,7,0.5579170345076031,0.5578640460594931,0.5578996578401489,0.5578814227269473
Germany,2021-03-29,0.5841863112021914,1.3517709643649785e-05,7,0.5842128054262464,0.5841598169781365,0.5841954287587923,0.5841771936455906
Germany,2021-03-30,0.8801274815885969,1.3517709643649785e-05,7,0.8801539758126519,0.8801009873645419,0.8801365991451977,0.8801183640319961
Germany,2021-03-31,1.6241657012850708,1.3517709643649785e-05,7,1.6241921955091259,1.6241392070610157,1.6241748188416716,1.62415658372847
Germany,2021-04-01,1.5912213009833551,1.3517709643649785e-05,7,1.5912477952074102,1.5911948067593,1.591230418539956,1.5912121834267543
Germany,2021-04-02,1.3422008872378233,1.3517709643649785e-05,7,1.3422273814618784,1.3421743930137682,1.342210004794424,1.3421917696812224
Germany,2021-04-03,1.0327740998188228,1.3517709643649785e-05,7,1.032800594042878,1.0327476055947677,1.0327832173754237,1.032764982262222
Germany,2021-04-04,0.6063333161097478,1.3517709643649785e-05,7,0.6063598103338028,0.6063068218856928,0.6063424336663487,0.606324198553147
Germany,2021-04-05,0.7983559960771731,1.3517709643649785e-05,7,0.7983824903012281,0.7983295018531181,0.7983651136337739,0.7983468785205723
Germany,2021-04-06,1.5728029823022984,1.3517709643649785e-05,7,1.5728294765263535,1.5727764880782433,1.5728120998588992,1.5727938647456976
Germany,2021-04-07,1.5238402291628086,1.3517709643649785e-05,7,1.5238667233868637,1.5238137349387535,1.5238493467194094,1.5238311116062078
Germany,2021-04-08,1.2641385200753399,1.3517709643649785e-05,7,1.264165014299395,1.2641120258512848,1.2641476376319407,1.264129402518739
Germany,2021-04-09,1.136250019020944,1.3517709643649785e-05,7,1.136276513244999,1.1362235247968888,1.1362591365775447,1.136240901464343
Germany,2021-04-10,0.8990923418189396,1.3517709643649785e-05,7,0.8991188360429946,0.8990658475948846,0.8991014593755404,0.8990832242623388
Germany,2021-04-11,0.5556936941845403,1.3517709643649785e-05,7,0.5557201884085953,0.5556671999604853,0.5557028117411411,0.5556845766279395
Germany,2021-04-12,0.7399140157216828,1.3517709643649785e-05,7,0.7399405099457378,0.7398875214976278,0.7399231332782836,0.739904898165082
Germany,2021-04-13,1.4833307979662491,1.3517709643649785e-05,7,1.4833572921903042,1.483304303742194,1.48333991552285,1.4833216804096483
Germany,2021-04-14,1.4401181573846102,1.3517709643649785e-05,7,1.4401446516086653,1.4400916631605551,1.440127274941211,1.4401090398280094
Germany,2021-04-15,1.1974732832460746,1.3517709643649785e-05,7,1.1974997774701297,1.1974467890220195,1.1974824008026754,1.1974641656894738
Germany,2021-04-16,1.0680142798806738,1.3517709643649785e-05,7,1.0680407741047289,1.0679877856566187,1.0680233974372746,1.068005162324073
Germany,2021-04-17,0.8745557864181045,1.3517709643649785e-05,7,0.8745822806421595,0.8745292921940495,0.8745649039747053,0.8745466688615037
Germany,2021-04-18,0.5342625580993707,1.3517709643649785e-05,7,0.5342890523234257,0.5342360638753157,0.5342716756559716,0.5342534405427699
Germany,2021-04-19,0.7086854203849655,1.3517709643649785e-05,7,0.7087119146090205,0.7086589261609105,0.7086945379415663,0.7086763028283647
Germany,2021-04-20,1.3118955918388595,1.3517709643649785e-05,7,1.3119220860629146,1.3118690976148044,1.3119047093954603,1.3118864742822587
Germany,2021-04-21,1.240168193895218,1.3517709643649785e-05,7,1.2401946881192731,1.240141699671163,1.2401773114518189,1.2401590763386172
Germany,2021-04-22,1.0544432261650276,1.3517709643649785e-05,7,1.0544697203890827,1.0544167319409725,1.0544523437216284,1.0544341086084268
Germany,2021-04-23,0.9589517611970397,1.3517709643649785e-05,7,0.9589782554210947,0.9589252669729847,0.9589608787536406,0.9589426436404389
Germany,2021-04-24,0.7987628466581673,1.3517709643649785e-05,7,0.7987893408822223,0.7987363524341123,0.7987719642147681,0.7987537291015665
Germany,2021-04-25,0.4770512861494224,1.3517709643649785e-05,7,0.4770777803734774,0.47702479192536734,0.47706040370602315,0.4770421685928216
Germany,2021-04-26,0.6184715514363616,1.3517709643649785e-05,7,0.6184980456604166,0.6184450572123066,0.6184806689929624,0.6184624338797607
Germany,2021-04-27,1.228487824232707,1.3517709643649785e-05,7,1.2285143184567622,1.228461330008652,1.228496941789308,1.2284787066761063
Germany,2021-04-28,1.1784981079091112,1.3517709643649785e-05,7,1.1785246021331663,1.1784716136850562,1.178507225465712,1.1784889903525104
Germany,2021-04-29,0.9829115353140573,1.3517709643649785e-05,7,0.9829380295381123,0.9828850410900023,0.9829206528706581,0.9829024177574565
Germany,2021-04-30,0.9094484886897942,1.3517709643649785e-05,7,0.9094749829138492,0.9094219944657392,0.909457606246395,0.9094393711331934
Germany,2021-05-01,0.7580976831075635,1.3517709643649785e-05,7,0.7581241773316185,0.7580711888835086,0.7581068006641644,0.7580885655509627
Germany,2021-05-02,0.4593626980588674,1.3517709643649785e-05,7,0.45938919228292246,0.4593362038348124,0.4593718156154682,0.45935358050226666
Germany,2021-05-03,0.5997529354973413,1.3517709643649785e-05,7,0.5997794297213963,0.5997264412732863,0.5997620530539421,0.5997438179407405
Germany,2021-05-04,1.1698421103378034,1.3517709643649785e-05,7,1.1698686045618585,1.1698156161137483,1.1698512278944042,1.1698329927812026
Germany,2021-05-05,1.124705479317658,1.3517709643649785e-05,7,1.1247319735417132,1.124678985093603,1.124714596874259,1.1246963617610573
Germany,2021-05-06,0.7289947158062797,1.3517709643649785e-05,7,0.7290212100303347,0.7289682215822247,0.7290038333628805,0.7289855982496789
Germany,2021-05-07,0.6439999727365973,1.3517709643649785e-05,7,0.6440264669606522,0.6439734785125423,0.6440090902931981,0.6439908551799964
Germany,2021-05-08,0.7275777798924743,1.3517709643649785e-05,7,0.7276042741165293,0.7275512856684193,0.7275868974490751,0.7275686623358735
Germany,2021-05-09,0.4772775638017851,1.3517709643649785e-05,7,0.47730405802584014,0.47725106957773006,0.47728668135838587,0.47726844624518433
Germany,2021-05-10,0.5757830347263738,1.3517709643649785e-05,7,0.5758095289504288,0.5757565405023188,0.5757921522829746,0.575773917169773
Germany,2021-05-11,1.1506888541693663,1.3517709643649785e-05,7,1.1507153483934214,1.1506623599453112,1.150697971725967,1.1506797366127655
Germany,2021-05-12,1.0486164698143188,1.3517709643649785e-05,7,1.0486429640383739,1.0485899755902637,1.0486255873709196,1.048607352257718
Germany,2021-05-13,0.8255855745642896,1.3517709643649785e-05,7,0.8256120687883446,0.8255590803402346,0.8255946921208904,0.8255764570076888
Germany,2021-05-14,0.7811029063223942,1.3517709643649785e-05,7,0.7811294005464492,0.7810764120983392,0.781112023878995,0.7810937887657934
Germany,2021-05-15,0.6627040289082147,1.3517709643649785e-05,7,0.6627305231322697,0.6626775346841597,0.6627131464648155,0.6626949113516138
Germany,2021-05-16,0.3715653565945888,1.3517709643649785e-05,7,0.3715918508186438,0.37153886237053374,0.37157447415118955,0.371556239037988
Germany,2021-05-17,0.3729871613584558,1.3517709643649785e-05,7,0.3730136555825108,0.37296066713440074,0.37299627891505654,0.372978043801855
Germany,2021-05-18,0.5966515632074769,1.3517709643649785e-05,7,0.5966780574315319,0.5966250689834219,0.5966606807640777,0.5966424456508761
Germany,2021-05-19,1.0361066964040446,1.3517709643649785e-05,7,1.0361331906280997,1.0360802021799895,1.0361158139606454,1.0360975788474438
Germany,2021-05-20,0.9892010104092687,1.3517709643649785e-05,7,0.9892275046333237,0.9891745161852137,0.9892101279658695,0.9891918928526678
Germany,2021-05-21,0.7975976167760371,1.3517709643649785e-05,7,0.7976241110000921,0.7975711225519821,0.797606734332638,0.7975884992194363
Germany,2021-05-22,0.6408636554122804,1.3517709643649785e-05,7,0.6408901496363354,0.6408371611882254,0.6408727729688812,0.6408545378556796
Germany,2021-05-23,0.40715209696627375,1.3517709643649785e-05,7,0.4071785911903288,0.4071256027422187,0.4071612145228745,0.407142979409673
Germany,2021-05-24,0.5527971862122485,1.3517709643649785e-05,7,0.5528236804363035,0.5527706919881935,0.5528063037688493,0.5527880686556477
Germany,2021-05-25,0.9905761232999427,1.3517709643649785e-05,7,0.9906026175239977,0.9905496290758877,0.9905852408565435,0.9905670057433419
Germany,2021-05-26,0.9031562500760096,1.3517709643649785e-05,7,0.9031827443000646,0.9031297558519547,0.9031653676326105,0.9031471325194088
Germany,2021-05-27,0.6631048501992982,1.3517709643649785e-05,7,0.6631313444233532,0.6630783559752432,0.663113967755899,0.6630957326426974
Germany,2021-05-28,0.5849003749758523,1.3517709643649785e-05,7,0.5849268691999073,0.5848738807517974,0.5849094925324532,0.5848912574192515
Germany,2021-05-29,0.6207553426518986,1.3517709643649785e-05,7,0.6207818368759536,0.6207288484278436,0.6207644602084994,0.6207462250952978
Germany,2021-05-30,0.4204538731488411,1.3517709643649785e-05,7,0.4204803673728961,0.42042737892478604,0.42046299070544185,0.4204447555922403
Germany,2021-05-31,0.5796858226407506,1.3517709643649785e-05,7,0.5797123168648056,0.5796593284166957,0.5796949401973515,0.5796767050841498
Germany,2021-06-01,1.034031398717376,1.3517709643649785e-05,7,1.034057892941431,1.0340049044933208,1.0340405162739768,1.034022281160775
Germany,2021-06-02,0.8717872089667218,1.3517709643649785e-05,7,0.8718137031907768,0.8717607147426668,0.8717963265233226,0.871778091410121
Germany,2021-06-03,0.7443239145884276,1.3517709643649785e-05,7,0.7443504088124826,0.7442974203643726,0.7443330321450284,0.7443147970318268
Germany,2021-06-04,0.6604614260882593,1.3517709643649785e-05,7,0.6604879203123143,0.6604349318642043,0.6604705436448601,0.6604523085316585
Germany,2021-06-05,0.5471552321065585,1.3517709643649785e-05,7,0.5471817263306135,0.5471287378825035,0.5471643496631593,0.5471461145499577
Germany,2021-06-06,0.34935012434373347,1.3517709643649785e-05,7,0.3493766185677885,0.34932363011967843,0.34935924190033424,0.3493410067871327
Germany,2021-06-07,0.51132171335379,1.3517709643649785e-05,7,0.5113482075778449,0.511295219129735,0.5113308309103908,0.5113125957971891
Germany,2021-06-08,0.813068364609818,1.3517709643649785e-05,7,0.813094858833873,0.813041870385763,0.8130774821664188,0.8130592470532172
Germany,2021-06-09,0.7390463978907873,1.3517709643649785e-05,7,0.7390728921148423,0.7390199036667323,0.7390555154473881,0.7390372803341865
Germany,2021-06-10,0.6535174192388569,1.3517709643649785e-05,7,0.6535439134629119,0.6534909250148019,0.6535265367954577,0.653508301682256
Germany,2021-06-11,0.6252969798326486,1.3517709643649785e-05,7,0.6253234740567036,0.6252704856085937,0.6253060973892495,0.6252878622760478
Germany,2021-06-12,0.5279890074058478,1.3517709643649785e-05,7,0.5280155016299027,0.5279625131817928,0.5279981249624486,0.5279798898492469
Germany,2021-06-13,0.3345672848478959,1.3517709643649785e-05,7,0.3345937790719509,0.33454079062384084,0.33457640240449665,0.3345581672912951
Germany,2021-06-14,0.5343808941495336,1.3517709643649785e-05,7,0.5344073883735886,0.5343543999254786,0.5343900117061344,0.5343717765929328
Germany,2021-06-15,0.8321961472657798,1.3517709643649785e-05,7,0.8322226414898348,0.8321696530417249,0.8322052648223807,0.832187029709179
Germany,2021-06-16,0.7591686224326069,1.3517709643649785e-05,7,0.7591951166566618,0.7591421282085519,0.7591777399892077,0.759159504876006
Germany,2021-06-17,0.7296022168379533,1.3517709643649785e-05,7,0.7296287110620083,0.7295757226138984,0.7296113343945542,0.7295930992813525
Germany,2021-06-18,0.7074124149028729,1.3517709643649785e-05,7,0.7074389091269279,0.7073859206788179,0.7074215324594737,0.707403297346272
Germany,2021-06-19,0.5534724828609545,1.3517709643649785e-05,7,0.5534989770850095,0.5534459886368995,0.5534816004175553,0.5534633653043537
Germany,2021-06-20,0.37597861525420473,1.3517709643649785e-05,7,0.37600510947825977,0.3759521210301497,0.3759877328108055,0.37596949769760396
Germany,2021-06-21,0.6539719489895365,1.3517709643649785e-05,7,0.6539984432135915,0.6539454547654815,0.6539810665461373,0.6539628314329357
Germany,2021-06-22,1.0366528665264125,1.3517709643649785e-05,7,1.0366793607504676,1.0366263723023574,1.0366619840830134,1.0366437489698117
Germany,2021-06-23,0.997695821626957,1.3517709643649785e-05,7,0.997722315851012,0.997669327402902,0.9977049391835578,0.9976867040703562
Germany,2021-06-24,0.8591124057636,1.3517709643649785e-05,7,0.859138899987655,0.859085911539545,0.8591215233202009,0.8591032882069992
Germany,2021-06-25,0.8328822349525791,1.3517709643649785e-05,7,0.832908729176634,0.8328557407285241,0.8328913525091799,0.8328731173959782
Germany,2021-06-26,0.7044569575222599,1.3517709643649785e-05,7,0.7044834517463149,0.7044304632982049,0.7044660750788607,0.7044478399656591
Germany,2021-06-27,0.41708904644108813,1.3517709643649785e-05,7,0.41711554066514317,0.4170625522170331,0.4170981639976889,0.41707992888448736
Germany,2021-06-28,0.8409916538158415,1.3517709643649785e-05,7,0.8410181480398965,0.8409651595917865,0.8410007713724423,0.8409825362592407
Germany,2021-06-29,1.4531072062059474,1.3517709643649785e-05,7,1.4531337004300025,1.4530807119818923,1.4531163237625482,1.4530980886493465
Germany,2021-06-30,1.2592869689801907,1.3517709643649785e-05,7,1.2593134632042458,1.2592604747561356,1.2592960865367915,1.2592778514235898
Germany,2021-07-01,1.2178424659418194,1.3517709643649785e-05,7,1.2178689601658745,1.2178159717177643,1.2178515834984203,1.2178333483852186
Germany,2021-07-02,1.16613767118203,1.3517709643649785e-05,7,1.166164165406085,1.1661111769579748,1.1661467887386308,1.166128553625429
Germany,2021-07-03,0.9829327187461585,1.3517709643649785e-05,7,0.9829592129702135,0.9829062245221035,0.9829418363027593,0.9829236011895577
Germany,2021-07-04,0.5065929721103359,1.3517709643649785e-05,7,0.5066194663343909,0.506566477886281,0.5066020896669368,0.5065838545537351
Germany,2021-07-05,1.074609608105302,1.3517709643649785e-05,7,1.0746361023293571,1.074583113881247,1.0746187256619029,1.0746004905487012
Germany,2021-07-06,2.1125112488412237,1.3517709643649785e-05,7,2.1125377430652788,2.1124847546171686,2.1125203663978245,2.112502131284623
Germany,2021-07-07,1.6677105198940643,1.3517709643649785e-05,7,1.6677370141181194,1.6676840256700092,1.667719637450665,1.6677014023374634
Germany,2021-07-08,1.4160413212154728,1.3517709643649785e-05,7,1.4160678154395279,1.4160148269914177,1.4160504387720736,1.416032203658872
Germany,2021-07-09,1.40383942301505,1.3517709643649785e-05,7,1.403865917239105,1.4038129287909948,1.4038485405716508,1.4038303054584491
Germany,2021-07-10,1.094582356713518,1.3517709643649785e-05,7,1.094608850937573,1.094555862489463,1.0945914742701188,1.0945732391569172
Germany,2021-07-11,0.544453368027131,1.3517709643649785e-05,7,0.5444798622511859,0.544426873803076,0.5444624855837318,0.5444442504705301
Germany,2021-07-12,1.2729365932246375,1.3517709643649785e-05,7,1.2729630874486926,1.2729100990005824,1.2729457107812383,1.2729274756680367
Germany,2021-07-13,1.8529370149085584,1.3517709643649785e-05,7,1.8529635091326135,1.8529105206845033,1.8529461324651593,1.8529278973519576
Germany,2021-07-14,1.5990674919149168,1.3517709643649785e-05,7,1.599093986138972,1.5990409976908617,1.5990766094715176,1.599058374358316
Germany,2021-07-15,1.4336088552945467,1.3517709643649785e-05,7,1.4336353495186018,1.4335823610704916,1.4336179728511476,1.433599737737946
Germany,2021-07-16,1.294091494383247,1.3517709643649785e-05,7,1.2941179886073022,1.294065000159192,1.294100611939848,1.2940823768266463
Germany,2021-07-17,0.9782412190151434,1.3517709643649785e-05,7,0.9782677132391984,0.9782147247910884,0.9782503365717442,0.9782321014585426
Germany,2021-07-18,0.5112978997812585,1.3517709643649785e-05,7,0.5113243940053135,0.5112714055572035,0.5113070173378593,0.5112887822246577
Germany,2021-07-19,1.1074678831514928,1.3517709643649785e-05,7,1.107494377375548,1.1074413889274377,1.1074770007080936,1.107458765594892
Germany,2021-07-20,1.8297392118657037,1.3517709643649785e-05,7,1.8297657060897587,1.8297127176416486,1.8297483294223045,1.8297300943091028
Germany,2021-07-21,1.512969133966613,1.3517709643649785e-05,7,1.512995628190668,1.5129426397425578,1.5129782515232137,1.512960016410012
Germany,2021-07-22,1.3104691007023979,1.3517709643649785e-05,7,1.310495594926453,1.3104426064783428,1.3104782182589987,1.310459983145797
Germany,2021-07-23,1.2159986341587719,1.3517709643649785e-05,7,1.216025128382827,1.2159721399347168,1.2160077517153727,1.215989516602171
Germany,2021-07-24,0.9473412671802754,1.3517709643649785e-05,7,0.9473677614043304,0.9473147729562205,0.9473503847368763,0.9473321496236746
Germany,2021-07-25,0.5025725398787229,1.3517709643649785e-05,7,0.5025990341027778,0.5025460456546679,0.5025816574353237,0.502563422322122
Germany,2021-07-26,1.1085898787502928,1.3517709643649785e-05,7,1.108616372974348,1.1085633845262377,1.1085989963068936,1.108580761193692
Germany,2021-07-27,1.7604310194014658,1.3517709643649785e-05,7,1.760457513625521,1.7604045251774108,1.7604401369580667,1.760421901844865
Germany,2021-07-28,1.5095479521454653,1.3517709643649785e-05,7,1.5095744463695204,1.5095214579214102,1.5095570697020662,1.5095388345888645
Germany,2021-07-29,1.3947801038162364,1.3517709643649785e-05,7,1.3948065980402915,1.3947536095921813,1.3947892213728372,1.3947709862596356
Germany,2021-07-30,1.3135072713555436,1.3517709643649785e-05,7,1.3135337655795987,1.3134807771314885,1.3135163889121444,1.3134981537989427
Germany,2021-07-31,1.0351116416213375,1.3517709643649785e-05,7,1.0351381358453926,1.0350851473972824,1.0351207591779383,1.0351025240647367
Germany,2021-08-01,0.5387318083591055,1.3517709643649785e-05,7,0.5387583025831605,0.5387053141350505,0.5387409259157063,0.5387226908025047
Germany,2021-08-02,1.166203033446636,1.3517709643649785e-05,7,1.166229527670691,1.166176539222581,1.1662121510032368,1.1661939158900352
Germany,2021-08-03,1.9486030910642027,1.3517709643649785e-05,7,1.9486295852882578,1.9485765968401476,1.9486122086208035,1.9485939735076019
Germany,2021-08-04,1.7217978495276984,1.3517709643649785e-05,7,1.7218243437517535,1.7217713553036433,1.7218069670842993,1.7217887319710976
Germany,2021-08-05,1.5052693165132096,1.3517709643649785e-05,7,1.5052958107372647,1.5052428222891545,1.5052784340698104,1.5052601989566088
Germany,2021-08-06,1.4689908877803963,1.3517709643649785e-05,7,1.4690173820044514,1.4689643935563412,1.4690000053369971,1.4689817702237955
Germany,2021-08-07,1.1340526751415212,1.3517709643649785e-05,7,1.1340791693655763,1.134026180917466,1.134061792698122,1.1340435575849204
Germany,2021-08-08,0.6059007944670631,1.3517709643649785e-05,7,0.6059272886911181,0.6058743002430081,0.605909912023664,0.6058916769104623
Germany,2021-08-09,1.1656248100662316,1.3517709643649785e-05,7,1.1656513042902867,1.1655983158421765,1.1656339276228325,1.1656156925096308
Germany,2021-08-10,2.050440892652341,1.3517709643649785e-05,7,2.050467386876396,2.050414398428286,2.050450010208942,2.05043177509574
Germany,2021-08-11,1.730255849272091,1.3517709643649785e-05,7,1.730282343496146,1.7302293550480359,1.7302649668286918,1.7302467317154901
Germany,2021-08-12,1.5210190757484423,1.3517709643649785e-05,7,1.5210455699724974,1.5209925815243872,1.5210281933050431,1.5210099581918415
Germany,2021-08-13,1.4436764070810866,1.3517709643649785e-05,7,1.4437029013051417,1.4436499128570315,1.4436855246376874,1.4436672895244858
Germany,2021-08-14,1.0900421993475677,1.3517709643649785e-05,7,1.0900686935716228,1.0900157051235126,1.0900513169041686,1.090033081790967
Germany,2021-08-15,0.5964571215462234,1.3517709643649785e-05,7,0.5964836157702784,0.5964306273221684,0.5964662391028243,0.5964480039896226
Germany,2021-08-16,1.1140100484640225,1.3517709643649785e-05,7,1.1140365426880776,1.1139835542399674,1.1140191660206233,1.1140009309074217
Germany,2021-08-17,1.953719971603092,1.3517709643649785e-05,7,1.953746465827147,1.9536934773790369,1.9537290891596928,1.9537108540464911
Germany,2021-08-18,1.6721107266142665,1.3517709643649785e-05,7,1.6721372208383216,1.6720842323902114,1.6721198441708673,1.6721016090576657
Germany,2021-08-19,1.4025233219784974,1.3517709643649785e-05,7,1.4025498162025525,1.4024968277544423,1.4025324395350982,1.4025142044218966
Germany,2021-08-20,1.2020618927604303,1.3517709643649785e-05,7,1.2020883869844854,1.2020353985363752,1.2020710103170311,1.2020527752038295
Germany,2021-08-21,0.9745118751695439,1.3517709643649785e-05,7,0.9745383693935988,0.9744853809454889,0.9745209927261447,0.974502757612943
Germany,2021-08-22,0.5495836686664993,1.3517709643649785e-05,7,0.5496101628905543,0.5495571744424443,0.5495927862231001,0.5495745511098985
Germany,2021-08-23,0.9261108024103466,1.3517709643649785e-05,7,0.9261372966344016,0.9260843081862916,0.9261199199669474,0.9261016848537458
Germany,2021-08-24,1.693872844899798,1.3517709643649785e-05,7,1.693899339123853,1.6938463506757429,1.6938819624563988,1.6938637273431971
Germany,2021-08-25,1.5523374339070286,1.3517709643649785e-05,7,1.5523639281310837,1.5523109396829735,1.5523465514636294,1.5523283163504278
Germany,2021-08-26,1.2623844449886725,1.3517709643649785e-05,7,1.2624109392127276,1.2623579507646174,1.2623935625452734,1.2623753274320717
Germany,2021-08-27,1.1600539591179815,1.3517709643649785e-05,7,1.1600804533420366,1.1600274648939264,1.1600630766745823,1.1600448415613807
Germany,2021-08-28,0.9239873778046286,1.3517709643649785e-05,7,0.9240138720286836,0.9239608835805736,0.9239964953612294,0.9239782602480278
Germany,2021-08-29,0.5175226642070501,1.3517709643649785e-05,7,0.517549158431105,0.5174961699829951,0.5175317817636509,0.5175135466504492
Germany,2021-08-30,0.809283307599381,1.3517709643649785e-05,7,0.809309801823436,0.8092568133753261,0.8092924251559819,0.8092741900427802
Germany,2021-08-31,1.5448127971370784,1.3517709643649785e-05,7,1.5448392913611335,1.5447863029130233,1.5448219146936792,1.5448036795804776
Germany,2021-09-01,1.3449517952502221,1.3517709643649785e-05,7,1.3449782894742772,1.344925301026167,1.344960912806823,1.3449426776936213
Germany,2021-09-02,1.1496698187326624,1.3517709643649785e-05,7,1.1496963129567175,1.1496433245086073,1.1496789362892632,1.1496607011760616
Germany,2021-09-03,1.0290598743946655,1.3517709643649785e-05,7,1.0290863686187206,1.0290333801706104,1.0290689919512663,1.0290507568380647
Germany,2021-09-04,0.8303577412100068,1.3517709643649785e-05,7,0.8303842354340618,0.8303312469859518,0.8303668587666077,0.830348623653406
Germany,2021-09-05,0.4514785785758688,1.3517709643649785e-05,7,0.45150507279992386,0.4514520843518138,0.4514876961324696,0.45146946101926805
Germany,2021-09-06,0.7869992784810314,1.3517709643649785e-05,7,0.7870257727050863,0.7869727842569764,0.7870083960376322,0.7869901609244305
Germany,2021-09-07,1.3743510922688396,1.3517709643649785e-05,7,1.3743775864928947,1.3743245980447845,1.3743602098254404,1.3743419747122387
Germany,2021-09-08,1.2082489019342273,1.3517709643649785e-05,7,1.2082753961582824,1.2082224077101722,1.2082580194908281,1.2082397843776265
Germany,2021-09-09,1.0172788465678178,1.3517709643649785e-05,7,1.0173053407918728,1.0172523523437627,1.0172879641244186,1.017269729011217
Germany,2021-09-10,0.9028978506698028,1.3517709643649785e-05,7,0.9029243448938578,0.9028713564457478,0.9029069682264036,0.902888733113202
Germany,2021-09-11,0.7646678445691016,1.3517709643649785e-05,7,0.7646943387931566,0.7646413503450467,0.7646769621257025,0.7646587270125008
Germany,2021-09-12,0.4301779696064483,1.3517709643649785e-05,7,0.4302044638305033,0.43015147538239323,0.43018708716304904,0.4301688520498475
Germany,2021-09-13,0.7131764455778473,1.3517709643649785e-05,7,0.7132029398019023,0.7131499513537923,0.7131855631344481,0.7131673280212465
Germany,2021-09-14,1.3042913860768417,1.3517709643649785e-05,7,1.3043178803008968,1.3042648918527866,1.3043005036334425,1.3042822685202409
Germany,2021-09-15,1.1763655326997242,1.3517709643649785e-05,7,1.1763920269237793,1.1763390384756691,1.176374650256325,1.1763564151431234
Germany,2021-09-16,1.02177835830777,1.3517709643649785e-05,7,1.021804852531825,1.0217518640837149,1.0217874758643708,1.0217692407511691
Germany,2021-09-17,0.9551988655441985,1.3517709643649785e-05,7,0.9552253597682535,0.9551723713201435,0.9552079831007994,0.9551897479875977
Germany,2021-09-18,0.779176983727488,1.3517709643649785e-05,7,0.779203477951543,0.779150489503433,0.7791861012840888,0.7791678661708872
Germany,2021-09-19,0.4490289301995509,1.3517709643649785e-05,7,0.44905542442360596,0.4490024359754959,0.4490380477561517,0.44901981264295016
Germany,2021-09-20,0.8131642701196227,1.3517709643649785e-05,7,0.8131907643436777,0.8131377758955677,0.8131733876762235,0.8131551525630218
Germany,2021-09-21,1.5727421470089331,1.3517709643649785e-05,7,1.5727686412329882,1.572715652784878,1.572751264565534,1.5727330294523323
Germany,2021-09-22,1.3267789698833448,1.3517709643649785e-05,7,1.3268054641073999,1.3267524756592897,1.3267880874399456,1.326769852326744
Germany,2021-09-23,1.0843926658374623,1.3517709643649785e-05,7,1.0844191600615174,1.0843661716134072,1.0844017833940631,1.0843835482808615
