Country/Region,Date,R,se_R,days_infectious,ci_95_u,ci_95_l,ci_65_u,ci_65_l
Germany,2020-03-02,4.652255639097746,0.0,7,4.652255639097746,4.652255639097746,4.652255639097746,4.652255639097746
Germany,2020-03-03,3.5098782355147327,1.3397808800847794e-05,7,3.5099044947374543,3.509851976292011,3.5098907569633617,3.5098657140661036
Germany,2020-03-04,2.5543207088387607,1.1703125617973595e-09,7,2.5543207111325312,2.55432070654499,2.5543207099325222,2.554320707744999
Germany,2020-03-05,2.7324997986051733,1.3397808800847794e-05,7,2.732526057827895,2.7324735393824517,2.7325123200538024,2.7324872771565443
Germany,2020-03-06,2.518272358094674,1.3397808800847794e-05,7,2.5182986173173956,2.5182460988719524,2.518284879543303,2.518259836646045
Germany,2020-03-07,2.4851833824354945,1.3397808800847794e-05,7,2.485209641658216,2.485157123212773,2.4851959038841236,2.4851708609868655
Germany,2020-03-08,2.697292209599394,1.3397808800847794e-05,7,2.6973184688221155,2.6972659503766723,2.697304731048023,2.697279688150765
Germany,2020-03-09,2.456469020514885,1.3397808800847794e-05,7,2.4564952797376067,2.4564427612921635,2.456481541963514,2.456456499066256
Germany,2020-03-10,2.298810947498776,1.3397808800847794e-05,7,2.2988372067214975,2.2987846882760543,2.298823468947405,2.298798426050147
Germany,2020-03-11,1.9991483781446802,1.3397808800847794e-05,7,1.9991746373674015,1.9991221189219588,1.9991608995933092,1.999135856696051
Germany,2020-03-12,1.9487266362259268,1.3397808800847794e-05,7,1.9487528954486482,1.9487003770032054,1.9487391576745559,1.9487141147772977
Germany,2020-03-13,1.679015639144704,1.3397808800847794e-05,7,1.6790418983674253,1.6789893799219826,1.679028160593333,1.679003117696075
Germany,2020-03-14,1.556631693576159,1.3397808800847794e-05,7,1.5566579527988804,1.5566054343534377,1.5566442150247881,1.55661917212753
Germany,2020-03-15,1.7020627016990035,1.3397808800847794e-05,7,1.702088960921725,1.7020364424762822,1.7020752231476326,1.7020501802503745
Germany,2020-03-16,1.3712777304962174,1.3397808800847794e-05,7,1.3713039897189387,1.371251471273496,1.3712902519448464,1.3712652090475883
Germany,2020-03-17,1.29994174169838,1.3397808800847794e-05,7,1.2999680009211014,1.2999154824756587,1.2999542631470091,1.299929220249751
Germany,2020-03-18,1.1528581917124219,1.3397808800847794e-05,7,1.1528844509351432,1.1528319324897005,1.152870713161051,1.1528456702637928
Germany,2020-03-19,1.215376847183024,1.3397808800847794e-05,7,1.2154031064057453,1.2153505879603026,1.215389368631653,1.215364325734395
Germany,2020-03-20,1.0509057658428873,1.3397808800847794e-05,7,1.0509320250656087,1.050879506620166,1.0509182872915164,1.0508932443942582
Germany,2020-03-21,0.9567599845364163,1.3397808800847794e-05,7,0.9567862437591377,0.9567337253136949,0.9567725059850455,0.9567474630877871
Germany,2020-03-22,1.1497959311959185,1.3397808800847794e-05,7,1.1498221904186399,1.1497696719731971,1.1498084526445476,1.1497834097472894
Germany,2020-03-23,0.9780373634996739,1.3397808800847794e-05,7,0.9780636227223952,0.9780111042769525,0.978049884948303,0.9780248420510447
Germany,2020-03-24,1.02742885423336,1.3397808800847794e-05,7,1.0274551134560814,1.0274025950106387,1.0274413756819891,1.027416332784731
Germany,2020-03-25,0.966807293620366,1.3397808800847794e-05,7,0.9668335528430874,0.9667810343976446,0.9668198150689952,0.9667947721717368
Germany,2020-03-26,0.9881443856756827,1.3397808800847794e-05,7,0.9881706448984041,0.9881181264529614,0.9881569071243119,0.9881318642270536
Germany,2020-03-27,0.9579472540533364,1.3397808800847794e-05,7,0.9579735132760577,0.957920994830615,0.9579597755019655,0.9579347326047072
Germany,2020-03-28,0.8772947489773868,1.3397808800847794e-05,7,0.8773210082001082,0.8772684897546654,0.877307270426016,0.8772822275287576
Germany,2020-03-29,1.0523336423489396,1.3397808800847794e-05,7,1.052359901571661,1.0523073831262182,1.0523461637975686,1.0523211209003105
Germany,2020-03-30,0.9293760863706324,1.3397808800847794e-05,7,0.9294023455933538,0.929349827147911,0.9293886078192616,0.9293635649220032
Germany,2020-03-31,1.0048487998201237,1.3397808800847794e-05,7,1.004875059042845,1.0048225405974023,1.0048613212687527,1.0048362783714946
Germany,2020-04-01,0.959130497569058,1.3397808800847794e-05,7,0.9591567567917794,0.9591042383463366,0.9591430190176872,0.9591179761204288
Germany,2020-04-02,0.9654710214494165,1.3397808800847794e-05,7,0.9654972806721379,0.9654447622266952,0.9654835428980457,0.9654585000007874
Germany,2020-04-03,0.8650253822750174,1.3397808800847794e-05,7,0.8650516414977387,0.864999123052296,0.8650379037236465,0.8650128608263882
Germany,2020-04-04,0.8342862395508501,1.3397808800847794e-05,7,0.8343124987735715,0.8342599803281288,0.8342987609994793,0.834273718102221
Germany,2020-04-05,0.9524600912067943,1.3397808800847794e-05,7,0.9524863504295157,0.9524338319840729,0.9524726126554235,0.9524475697581651
Germany,2020-04-06,0.9130717695321853,1.3397808800847794e-05,7,0.9130980287549066,0.9130455103094639,0.9130842909808145,0.9130592480835561
Germany,2020-04-07,0.8943201460242567,1.3397808800847794e-05,7,0.8943464052469781,0.8942938868015353,0.8943326674728859,0.8943076245756275
Germany,2020-04-08,0.8783091712104936,1.3397808800847794e-05,7,0.8783354304332149,0.8782829119877722,0.8783216926591227,0.8782966497618644
Germany,2020-04-09,0.82816900602754,1.3397808800847794e-05,7,0.8281952652502613,0.8281427468048186,0.8281815274761691,0.8281564845789108
Germany,2020-04-10,0.7904580710359131,1.3397808800847794e-05,7,0.7904843302586345,0.7904318118131918,0.7904705924845423,0.790445549587284
Germany,2020-04-11,0.798340116640086,1.3397808800847794e-05,7,0.7983663758628073,0.7983138574173646,0.7983526380887151,0.7983275951914568
Germany,2020-04-12,0.8050050108694802,1.3397808800847794e-05,7,0.8050312700922015,0.8049787516467588,0.8050175323181094,0.804992489420851
Germany,2020-04-13,0.8379273071038923,1.3397808800847794e-05,7,0.8379535663266137,0.8379010478811709,0.8379398285525215,0.8379147856552631
Germany,2020-04-14,0.8525912847038057,1.3397808800847794e-05,7,0.8526175439265271,0.8525650254810844,0.8526038061524349,0.8525787632551766
Germany,2020-04-15,0.8259254977321806,1.3397808800847794e-05,7,0.825951756954902,0.8258992385094592,0.8259380191808098,0.8259129762835514
Germany,2020-04-16,0.8181438039421208,1.3397808800847794e-05,7,0.8181700631648422,0.8181175447193995,0.81815632539075,0.8181312824934917
Germany,2020-04-17,0.7847509136929316,1.3397808800847794e-05,7,0.784777172915653,0.7847246544702102,0.7847634351415608,0.7847383922443024
Germany,2020-04-18,0.772696803441618,1.3397808800847794e-05,7,0.7727230626643393,0.7726705442188966,0.7727093248902471,0.7726842819929888
Germany,2020-04-19,0.8680730524555829,1.3397808800847794e-05,7,0.8680993116783042,0.8680467932328615,0.868085573904212,0.8680605310069537
Germany,2020-04-20,0.8173949956127567,1.3397808800847794e-05,7,0.8174212548354781,0.8173687363900354,0.8174075170613859,0.8173824741641276
Germany,2020-04-21,0.8187920600676746,1.3397808800847794e-05,7,0.818818319290396,0.8187658008449532,0.8188045815163038,0.8187795386190454
Germany,2020-04-22,0.8294057822289196,1.3397808800847794e-05,7,0.829432041451641,0.8293795230061982,0.8294183036775488,0.8293932607802904
Germany,2020-04-23,0.8069782031054902,1.3397808800847794e-05,7,0.8070044623282115,0.8069519438827688,0.8069907245541194,0.806965681656861
Germany,2020-04-24,0.7779396163795766,1.3397808800847794e-05,7,0.777965875602298,0.7779133571568553,0.7779521378282058,0.7779270949309475
Germany,2020-04-25,0.7606396363371417,1.3397808800847794e-05,7,0.7606658955598631,0.7606133771144203,0.7606521577857709,0.7606271148885125
Germany,2020-04-26,0.8583550103885913,1.3397808800847794e-05,7,0.8583812696113127,0.8583287511658699,0.8583675318372205,0.8583424889399621
Germany,2020-04-27,0.810134070774429,1.3397808800847794e-05,7,0.8101603299971504,0.8101078115517076,0.8101465922230582,0.8101215493257998
Germany,2020-04-28,0.7968297512628584,1.3397808800847794e-05,7,0.7968560104855797,0.796803492040137,0.7968422727114876,0.7968172298142292
Germany,2020-04-29,0.8478951124035614,1.3397808800847794e-05,7,0.8479213716262828,0.84786885318084,0.8479076338521906,0.8478825909549322
Germany,2020-04-30,0.808586192834778,1.3397808800847794e-05,7,0.8086124520574993,0.8085599336120566,0.8085987142834071,0.8085736713861488
Germany,2020-05-01,0.7910019154297362,1.3397808800847794e-05,7,0.7910281746524576,0.7909756562070148,0.7910144368783654,0.790989393981107
Germany,2020-05-02,0.8182077674028057,1.3397808800847794e-05,7,0.818234026625527,0.8181815081800843,0.8182202888514348,0.8181952459541765
Germany,2020-05-03,0.9097463021854416,1.3397808800847794e-05,7,0.909772561408163,0.9097200429627202,0.9097588236340708,0.9097337807368124
Germany,2020-05-04,0.8793694053527199,1.3397808800847794e-05,7,0.8793956645754413,0.8793431461299985,0.8793819268013491,0.8793568839040907
Germany,2020-05-05,0.8528940058033216,1.3397808800847794e-05,7,0.852920265026043,0.8528677465806003,0.8529065272519508,0.8528814843546925
Germany,2020-05-06,0.8460029600388685,1.3397808800847794e-05,7,0.8460292192615899,0.8459767008161472,0.8460154814874977,0.8459904385902394
Germany,2020-05-07,0.8467062005373298,1.3397808800847794e-05,7,0.8467324597600512,0.8466799413146084,0.846718721985959,0.8466936790887006
Germany,2020-05-08,0.7999744901647857,1.3397808800847794e-05,7,0.8000007493875071,0.7999482309420644,0.7999870116134149,0.7999619687161565
Germany,2020-05-09,0.8033472704985103,1.3397808800847794e-05,7,0.8033735297212317,0.8033210112757889,0.8033597919471395,0.8033347490498811
Germany,2020-05-10,0.9007051639903958,1.3397808800847794e-05,7,0.9007314232131172,0.9006789047676744,0.900717685439025,0.9006926425417666
Germany,2020-05-11,0.8800106329218473,1.3397808800847794e-05,7,0.8800368921445687,0.879984373699126,0.8800231543704765,0.8799981114732182
Germany,2020-05-12,0.8699894314758788,1.3397808800847794e-05,7,0.8700156906986002,0.8699631722531574,0.870001952924508,0.8699769100272496
Germany,2020-05-13,0.8375672627722826,1.3397808800847794e-05,7,0.8375935219950039,0.8375410035495612,0.8375797842209117,0.8375547413236534
Germany,2020-05-14,0.9759888839704762,1.3397808800847794e-05,7,0.9760151431931976,0.9759626247477549,0.9760014054191054,0.975976362521847
Germany,2020-05-15,0.883446154477752,1.3397808800847794e-05,7,0.8834724137004734,0.8834198952550306,0.8834586759263812,0.8834336330291228
Germany,2020-05-16,0.7983730039995554,1.3397808800847794e-05,7,0.7983992632222767,0.798346744776834,0.7983855254481845,0.7983604825509262
Germany,2020-05-17,0.9704275408040537,1.3397808800847794e-05,7,0.9704538000267751,0.9704012815813323,0.9704400622526829,0.9704150193554245
Germany,2020-05-18,0.8422066391130802,1.3397808800847794e-05,7,0.8422328983358016,0.8421803798903589,0.8422191605617094,0.8421941176644511
Germany,2020-05-19,0.9479059193753524,1.3397808800847794e-05,7,0.9479321785980738,0.947879660152631,0.9479184408239816,0.9478933979267232
Germany,2020-05-20,0.7927829287290229,1.3397808800847794e-05,7,0.7928091879517443,0.7927566695063015,0.7927954501776521,0.7927704072803937
Germany,2020-05-21,0.8107066065831895,1.3397808800847794e-05,7,0.8107328658059109,0.8106803473604681,0.8107191280318187,0.8106940851345603
Germany,2020-05-22,0.8079227652622228,1.3397808800847794e-05,7,0.8079490244849442,0.8078965060395015,0.807935286710852,0.8079102438135937
Germany,2020-05-23,0.8325016096940042,1.3397808800847794e-05,7,0.8325278689167256,0.8324753504712828,0.8325141311426334,0.832489088245375
Germany,2020-05-24,0.9603806820518556,1.3397808800847794e-05,7,0.9604069412745769,0.9603544228291342,0.9603932035004847,0.9603681606032264
Germany,2020-05-25,0.9278263492737234,1.3397808800847794e-05,7,0.9278526084964448,0.9278000900510021,0.9278388707223526,0.9278138278250943
Germany,2020-05-26,0.9592073667563671,1.3397808800847794e-05,7,0.9592336259790885,0.9591811075336457,0.9592198882049963,0.9591948453077379
Germany,2020-05-27,0.8749304856010403,1.3397808800847794e-05,7,0.8749567448237616,0.8749042263783189,0.8749430070496694,0.8749179641524111
Germany,2020-05-28,0.8515497414365785,1.3397808800847794e-05,7,0.8515760006592998,0.8515234822138571,0.8515622628852076,0.8515372199879493
Germany,2020-05-29,0.7969599556890037,1.3397808800847794e-05,7,0.796986214911725,0.7969336964662823,0.7969724771376329,0.7969474342403745
Germany,2020-05-30,0.787319324845766,1.3397808800847794e-05,7,0.7873455840684874,0.7872930656230447,0.7873318462943952,0.7873068033971369
Germany,2020-05-31,0.8891597292888277,1.3397808800847794e-05,7,0.8891859885115491,0.8891334700661063,0.8891722507374569,0.8891472078401985
Germany,2020-06-01,1.0645373990064362,1.3397808800847794e-05,7,1.0645636582291576,1.0645111397837148,1.0645499204550652,1.0645248775578071
Germany,2020-06-02,0.9988383988781383,1.3397808800847794e-05,7,0.9988646581008597,0.9988121396554169,0.9988509203267675,0.9988258774295091
Germany,2020-06-03,0.9162913232226413,1.3397808800847794e-05,7,0.9163175824453627,0.9162650639999199,0.9163038446712705,0.9162788017740121
Germany,2020-06-04,0.8932151238922482,1.3397808800847794e-05,7,0.8932413831149696,0.8931888646695268,0.8932276453408774,0.893202602443619
Germany,2020-06-05,0.8775258042066645,1.3397808800847794e-05,7,0.8775520634293859,0.8774995449839431,0.8775383256552937,0.8775132827580353
Germany,2020-06-06,0.7851853036432469,1.3397808800847794e-05,7,0.7852115628659683,0.7851590444205255,0.7851978250918761,0.7851727821946177
Germany,2020-06-07,1.0958119328233495,1.3397808800847794e-05,7,1.095838192046071,1.0957856736006282,1.0958244542719786,1.0957994113747205
Germany,2020-06-08,1.1455259256985502,1.3397808800847794e-05,7,1.1455521849212715,1.1454996664758288,1.1455384471471792,1.145513404249921
Germany,2020-06-09,1.0942235673254626,1.3397808800847794e-05,7,1.094249826548184,1.0941973081027412,1.0942360887740916,1.0942110458768335
Germany,2020-06-10,0.9797774320908916,1.3397808800847794e-05,7,0.979803691313613,0.9797511728681703,0.9797899535395208,0.9797649106422625
Germany,2020-06-11,0.9946547342785786,1.3397808800847794e-05,7,0.9946809935013,0.9946284750558573,0.9946672557272078,0.9946422128299495
Germany,2020-06-12,0.9818080344264937,1.3397808800847794e-05,7,0.981834293649215,0.9817817752037723,0.9818205558751228,0.9817955129778645
Germany,2020-06-13,0.967632355915851,1.3397808800847794e-05,7,0.9676586151385723,0.9676060966931296,0.9676448773644801,0.9676198344672218
Germany,2020-06-14,1.415982016348384,1.3397808800847794e-05,7,1.4160082755711054,1.4159557571256627,1.4159945377970131,1.415969494899755
Germany,2020-06-15,1.9747000564780421,1.3397808800847794e-05,7,1.9747263157007635,1.9746737972553208,1.9747125779266712,1.974687535029413
Germany,2020-06-16,1.1644527675016456,1.3397808800847794e-05,7,1.164479026724367,1.1644265082789242,1.1644652889502747,1.1644402460530165
Germany,2020-06-17,1.0025962765275256,1.3397808800847794e-05,7,1.002622535750247,1.0025700173048042,1.0026087979761547,1.0025837550788965
Germany,2020-06-18,1.0407528313723586,1.3397808800847794e-05,7,1.04077909059508,1.0407265721496373,1.0407653528209877,1.0407403099237296
Germany,2020-06-19,0.9318117368964735,1.3397808800847794e-05,7,0.9318379961191948,0.9317854776737521,0.9318242583451026,0.9317992154478443
Germany,2020-06-20,0.8241339666524821,1.3397808800847794e-05,7,0.8241602258752034,0.8241077074297607,0.8241464881011112,0.8241214452038529
Germany,2020-06-21,0.9595743194076278,1.3397808800847794e-05,7,0.9596005786303492,0.9595480601849065,0.959586840856257,0.9595617979589987
Germany,2020-06-22,0.9194394543900668,1.3397808800847794e-05,7,0.9194657136127882,0.9194131951673454,0.919451975838696,0.9194269329414376
Germany,2020-06-23,0.9736967368521027,1.3397808800847794e-05,7,0.973722996074824,0.9736704776293813,0.9737092583007319,0.9736842154034735
Germany,2020-06-24,0.907104640523834,1.3397808800847794e-05,7,0.9071308997465554,0.9070783813011126,0.9071171619724632,0.9070921190752048
Germany,2020-06-25,0.9448344191156098,1.3397808800847794e-05,7,0.9448606783383312,0.9448081598928885,0.944846940564239,0.9448218976669807
Germany,2020-06-26,0.8561024188905028,1.3397808800847794e-05,7,0.8561286781132241,0.8560761596677814,0.8561149403391319,0.8560898974418736
Germany,2020-06-27,0.8216604955085602,1.3397808800847794e-05,7,0.8216867547312816,0.8216342362858389,0.8216730169571894,0.8216479740599311
Germany,2020-06-28,0.990335362694019,1.3397808800847794e-05,7,0.9903616219167404,0.9903091034712976,0.9903478841426482,0.9903228412453898
Germany,2020-06-29,1.0049148481887236,1.3397808800847794e-05,7,1.004941107411445,1.0048885889660022,1.0049273696373526,1.0049023267400945
Germany,2020-06-30,0.9632793004008802,1.3397808800847794e-05,7,0.9633055596236015,0.9632530411781588,0.9632918218495093,0.963266778952251
Germany,2020-07-01,0.8842860621703313,1.3397808800847794e-05,7,0.8843123213930527,0.88425980294761,0.8842985836189605,0.8842735407217022
Germany,2020-07-02,0.9019785059680361,1.3397808800847794e-05,7,0.9020047651907575,0.9019522467453147,0.9019910274166653,0.9019659845194069
Germany,2020-07-03,0.8477576853331656,1.3397808800847794e-05,7,0.847783944555887,0.8477314261104443,0.8477702067817948,0.8477451638845365
Germany,2020-07-04,0.8541071657652088,1.3397808800847794e-05,7,0.8541334249879302,0.8540809065424875,0.854119687213838,0.8540946443165797
Germany,2020-07-05,0.9916294646736986,1.3397808800847794e-05,7,0.99165572389642,0.9916032054509772,0.9916419861223278,0.9916169432250694
Germany,2020-07-06,1.001935366351299,1.3397808800847794e-05,7,1.0019616255740205,1.0019091071285777,1.0019478877999282,1.00192284490267
Germany,2020-07-07,0.9712556095807586,1.3397808800847794e-05,7,0.97128186880348,0.9712293503580373,0.9712681310293878,0.9712430881321295
Germany,2020-07-08,1.005806149547196,1.3397808800847794e-05,7,1.0058324087699173,1.0057798903244746,1.005818670995825,1.0057936280985669
Germany,2020-07-09,1.0860015709007975,1.3397808800847794e-05,7,1.086027830123519,1.0859753116780761,1.0860140923494266,1.0859890494521685
Germany,2020-07-10,1.0048113596139634,1.3397808800847794e-05,7,1.0048376188366848,1.004785100391242,1.0048238810625925,1.0047988381653343
Germany,2020-07-11,0.9652509198759264,1.3397808800847794e-05,7,0.9652771790986477,0.965224660653205,0.9652634413245555,0.9652383984272972
Germany,2020-07-12,1.247431492905438,1.3397808800847794e-05,7,1.2474577521281593,1.2474052336827166,1.247444014354067,1.247418971456809
Germany,2020-07-13,1.1656449859285698,1.3397808800847794e-05,7,1.1656712451512912,1.1656187267058484,1.1656575073771989,1.1656324644799407
Germany,2020-07-14,1.1895201761060026,1.3397808800847794e-05,7,1.189546435328724,1.1894939168832812,1.1895326975546316,1.1895076546573735
Germany,2020-07-15,1.039217769275522,1.3397808800847794e-05,7,1.0392440284982434,1.0391915100528006,1.039230290724151,1.039205247826893
Germany,2020-07-16,1.1158089216330143,1.3397808800847794e-05,7,1.1158351808557356,1.115782662410293,1.1158214430816433,1.1157964001843852
Germany,2020-07-17,1.0375761990707582,1.3397808800847794e-05,7,1.0376024582934795,1.0375499398480368,1.0375887205193872,1.037563677622129
Germany,2020-07-18,1.0703928807237904,1.3397808800847794e-05,7,1.0704191399465117,1.070366621501069,1.0704054021724194,1.0703803592751613
Germany,2020-07-19,1.2715671902597516,1.3397808800847794e-05,7,1.271593449482473,1.2715409310370303,1.2715797117083807,1.2715546688111226
Germany,2020-07-20,1.2271125228686983,1.3397808800847794e-05,7,1.2271387820914197,1.227086263645977,1.2271250443173274,1.2271000014200693
Germany,2020-07-21,1.2242068157497057,1.3397808800847794e-05,7,1.224233074972427,1.2241805565269843,1.2242193371983348,1.2241942943010766
Germany,2020-07-22,1.1205582002233272,1.3397808800847794e-05,7,1.1205844594460486,1.1205319410006058,1.1205707216719563,1.1205456787746981
Germany,2020-07-23,1.1152177234106795,1.3397808800847794e-05,7,1.1152439826334009,1.1151914641879581,1.1152302448593086,1.1152052019620504
Germany,2020-07-24,1.0245180651968893,1.3397808800847794e-05,7,1.0245443244196106,1.024491805974168,1.0245305866455183,1.0245055437482602
Germany,2020-07-25,1.0112875211243706,1.3397808800847794e-05,7,1.011313780347092,1.0112612619016492,1.0113000425729997,1.0112749996757415
Germany,2020-07-26,1.2173801922475023,1.3397808800847794e-05,7,1.2174064514702236,1.217353933024781,1.2173927136961313,1.2173676707988732
Germany,2020-07-27,1.1231528940633015,1.3397808800847794e-05,7,1.123179153286023,1.1231266348405802,1.1231654155119306,1.1231403726146725
Germany,2020-07-28,1.0803859425579008,1.3397808800847794e-05,7,1.0804122017806221,1.0803596833351794,1.0803984640065298,1.0803734211092717
Germany,2020-07-29,1.0874048060178954,1.3397808800847794e-05,7,1.0874310652406167,1.087378546795174,1.0874173274665244,1.0873922845692663
Germany,2020-07-30,1.0834565114039427,1.3397808800847794e-05,7,1.083482770626664,1.0834302521812214,1.0834690328525718,1.0834439899553137
Germany,2020-07-31,1.1098038159966301,1.3397808800847794e-05,7,1.1098300752193515,1.1097775567739088,1.1098163374452592,1.109791294548001
Germany,2020-08-01,1.144774392434397,1.3397808800847794e-05,7,1.1448006516571183,1.1447481332116756,1.144786913883026,1.1447618709857679
Germany,2020-08-02,1.2674804996656088,1.3397808800847794e-05,7,1.2675067588883302,1.2674542404428875,1.267493021114238,1.2674679782169798
Germany,2020-08-03,1.1522257209506335,1.3397808800847794e-05,7,1.1522519801733548,1.152199461727912,1.1522382423992625,1.1522131995020044
Germany,2020-08-04,1.122185468028117,1.3397808800847794e-05,7,1.1222117272508383,1.1221592088053955,1.122197989476746,1.1221729465794879
Germany,2020-08-05,1.1125257639962596,1.3397808800847794e-05,7,1.112552023218981,1.1124995047735382,1.1125382854448886,1.1125132425476305
Germany,2020-08-06,1.1256159090880664,1.3397808800847794e-05,7,1.1256421683107878,1.125589649865345,1.1256284305366955,1.1256033876394373
Germany,2020-08-07,1.0722716725023944,1.3397808800847794e-05,7,1.0722979317251158,1.072245413279673,1.0722841939510235,1.0722591510537653
Germany,2020-08-08,1.08545731524428,1.3397808800847794e-05,7,1.0854835744670013,1.0854310560215585,1.085469836692909,1.0854447937956508
Germany,2020-08-09,1.2941303695790927,1.3397808800847794e-05,7,1.294156628801814,1.2941041103563713,1.2941428910277217,1.2941178481304636
Germany,2020-08-10,1.1824728735243313,1.3397808800847794e-05,7,1.1824991327470527,1.18244661430161,1.1824853949729603,1.1824603520757022
Germany,2020-08-11,1.1545351756484485,1.3397808800847794e-05,7,1.15456143487117,1.1545089164257272,1.1545476970970776,1.1545226541998195
Germany,2020-08-12,1.1466086930758368,1.3397808800847794e-05,7,1.1466349522985582,1.1465824338531154,1.1466212145244659,1.1465961716272077
Germany,2020-08-13,1.1033302285284128,1.3397808800847794e-05,7,1.1033564877511342,1.1033039693056914,1.1033427499770418,1.1033177070797837
Germany,2020-08-14,1.0270397348300226,1.3397808800847794e-05,7,1.027065994052744,1.0270134756073013,1.0270522562786517,1.0270272133813936
Germany,2020-08-15,1.0061925723358027,1.3397808800847794e-05,7,1.006218831558524,1.0061663131130814,1.0062050937844318,1.0061800508871737
Germany,2020-08-16,1.1278606487126883,1.3397808800847794e-05,7,1.1278869079354097,1.127834389489967,1.1278731701613174,1.1278481272640593
Germany,2020-08-17,1.1272712772582314,1.3397808800847794e-05,7,1.1272975364809528,1.12724501803551,1.1272837987068605,1.1272587558096023
Germany,2020-08-18,1.0291455447157758,1.3397808800847794e-05,7,1.0291718039384972,1.0291192854930544,1.0291580661644049,1.0291330232671467
Germany,2020-08-19,0.9533826289884246,1.3397808800847794e-05,7,0.953408888211146,0.9533563697657033,0.9533951504370538,0.9533701075397955
Germany,2020-08-20,0.967496447277892,1.3397808800847794e-05,7,0.9675227065006133,0.9674701880551706,0.9675089687265211,0.9674839258292628
Germany,2020-08-21,0.9512308029536932,1.3397808800847794e-05,7,0.9512570621764146,0.9512045437309719,0.9512433244023224,0.951218281505064
Germany,2020-08-22,0.9800453578975188,1.3397808800847794e-05,7,0.9800716171202402,0.9800190986747974,0.980057879346148,0.9800328364488896
Germany,2020-08-23,1.1114472323591837,1.3397808800847794e-05,7,1.1114734915819051,1.1114209731364624,1.1114597538078128,1.1114347109105547
Germany,2020-08-24,1.0478083527571111,1.3397808800847794e-05,7,1.0478346119798325,1.0477820935343898,1.0478208742057402,1.047795831308482
Germany,2020-08-25,0.9802677464005605,1.3397808800847794e-05,7,0.9802940056232818,0.9802414871778391,0.9802802678491896,0.9802552249519313
Germany,2020-08-26,0.9903952079716363,1.3397808800847794e-05,7,0.9904214671943576,0.9903689487489149,0.9904077294202654,0.9903826865230071
Germany,2020-08-27,0.9542333093041554,1.3397808800847794e-05,7,0.9542595685268768,0.954207050081434,0.9542458307527846,0.9542207878555262
Germany,2020-08-28,0.8778616158581356,1.3397808800847794e-05,7,0.877887875080857,0.8778353566354142,0.8778741373067648,0.8778490944095064
Germany,2020-08-29,0.922940900570064,1.3397808800847794e-05,7,0.9229671597927853,0.9229146413473426,0.9229534220186931,0.9229283791214348
Germany,2020-08-30,1.1001859686873563,1.3397808800847794e-05,7,1.1002122279100777,1.100159709464635,1.1001984901359854,1.1001734472387272
Germany,2020-08-31,1.1419409840963783,1.3397808800847794e-05,7,1.1419672433190997,1.141914724873657,1.1419535055450074,1.1419284626477493
Germany,2020-09-01,1.046002381020773,1.3397808800847794e-05,7,1.0460286402434944,1.0459761217980517,1.046014902469402,1.045989859572144
Germany,2020-09-02,1.0050195830772928,1.3397808800847794e-05,7,1.0050458423000141,1.0049933238545714,1.0050321045259218,1.0050070616286637
Germany,2020-09-03,1.0130063318313505,1.3397808800847794e-05,7,1.0130325910540718,1.012980072608629,1.0130188532799795,1.0129938103827214
Germany,2020-09-04,0.9562847927290458,1.3397808800847794e-05,7,0.9563110519517671,0.9562585335063244,0.9562973141776749,0.9562722712804166
Germany,2020-09-05,1.0300214386944828,1.3397808800847794e-05,7,1.0300476979172042,1.0299951794717614,1.0300339601431119,1.0300089172458538
Germany,2020-09-06,1.1580480280335388,1.3397808800847794e-05,7,1.1580742872562602,1.1580217688108174,1.1580605494821679,1.1580355065849097
Germany,2020-09-07,1.1267919215882496,1.3397808800847794e-05,7,1.126818180810971,1.1267656623655282,1.1268044430368787,1.1267794001396205
Germany,2020-09-08,1.112180094941218,1.3397808800847794e-05,7,1.1122063541639393,1.1121538357184966,1.112192616389847,1.1121675734925889
Germany,2020-09-09,1.1051753549172345,1.3397808800847794e-05,7,1.1052016141399559,1.1051490956945131,1.1051878763658636,1.1051628334686054
Germany,2020-09-10,1.0939187172675784,1.3397808800847794e-05,7,1.0939449764902998,1.093892458044857,1.0939312387162075,1.0939061958189493
Germany,2020-09-11,1.0366885499838927,1.3397808800847794e-05,7,1.036714809206614,1.0366622907611713,1.0367010714325218,1.0366760285352636
Germany,2020-09-12,1.046853962948648,1.3397808800847794e-05,7,1.0468802221713693,1.0468277037259266,1.046866484397277,1.046841441500019
Germany,2020-09-13,1.252193037550151,1.3397808800847794e-05,7,1.2522192967728725,1.2521667783274297,1.2522055589987802,1.252180516101522
Germany,2020-09-14,1.1457111121570458,1.3397808800847794e-05,7,1.1457373713797672,1.1456848529343244,1.1457236336056749,1.1456985907084167
Germany,2020-09-15,1.0927014262225834,1.3397808800847794e-05,7,1.0927276854453047,1.092675166999862,1.0927139476712124,1.0926889047739543
Germany,2020-09-16,1.020558192475166,1.3397808800847794e-05,7,1.0205844516978875,1.0205319332524447,1.0205707139237952,1.020545671026537
Germany,2020-09-17,1.0123979109935874,1.3397808800847794e-05,7,1.0124241702163088,1.012371651770866,1.0124104324422165,1.0123853895449584
Germany,2020-09-18,0.9399733961384493,1.3397808800847794e-05,7,0.9399996553611707,0.939947136915728,0.9399859175870785,0.9399608746898201
Germany,2020-09-19,0.9931378814794906,1.3397808800847794e-05,7,0.9931641407022119,0.9931116222567692,0.9931504029281197,0.9931253600308614
Germany,2020-09-20,1.18874982467867,1.3397808800847794e-05,7,1.1887760839013914,1.1887235654559487,1.1887623461272991,1.188737303230041
Germany,2020-09-21,1.142567776259037,1.3397808800847794e-05,7,1.1425940354817583,1.1425415170363156,1.142580297707666,1.1425552548104079
Germany,2020-09-22,1.0940014947201795,1.3397808800847794e-05,7,1.0940277539429009,1.0939752354974581,1.0940140161688086,1.0939889732715504
Germany,2020-09-23,1.0755969698455679,1.3397808800847794e-05,7,1.0756232290682892,1.0755707106228465,1.075609491294197,1.0755844483969388
Germany,2020-09-24,1.0908984613056778,1.3397808800847794e-05,7,1.0909247205283992,1.0908722020829564,1.0909109827543069,1.0908859398570487
Germany,2020-09-25,1.0065914026267055,1.3397808800847794e-05,7,1.006617661849427,1.0065651434039842,1.0066039240753346,1.0065788811780765
Germany,2020-09-26,0.998752786557426,1.3397808800847794e-05,7,0.9987790457801474,0.9987265273347047,0.9987653080060552,0.9987402651087969
Germany,2020-09-27,1.2265950045607459,1.3397808800847794e-05,7,1.2266212637834673,1.2265687453380245,1.226607526009375,1.2265824831121168
Germany,2020-09-28,1.2130119466355263,1.3397808800847794e-05,7,1.2130382058582476,1.2129856874128049,1.2130244680841553,1.2129994251868972
Germany,2020-09-29,1.1779260516168106,1.3397808800847794e-05,7,1.177952310839532,1.1778997923940893,1.1779385730654397,1.1779135301681816
Germany,2020-09-30,1.203738354322222,1.3397808800847794e-05,7,1.2037646135449434,1.2037120950995006,1.203750875770851,1.203725832873593
Germany,2020-10-01,1.2556714969114426,1.3397808800847794e-05,7,1.255697756134164,1.2556452376887213,1.2556840183600717,1.2556589754628136
Germany,2020-10-02,1.2022934404006882,1.3397808800847794e-05,7,1.2023196996234096,1.2022671811779668,1.2023059618493173,1.2022809189520591
Germany,2020-10-03,1.1788686451187234,1.3397808800847794e-05,7,1.1788949043414447,1.178842385896002,1.1788811665673524,1.1788561236700943
Germany,2020-10-04,1.4277265852533003,1.3397808800847794e-05,7,1.4277528444760217,1.427700326030579,1.4277391067019294,1.4277140638046713
Germany,2020-10-05,1.3380358716054925,1.3397808800847794e-05,7,1.338062130828214,1.3380096123827712,1.3380483930541216,1.3380233501568635
Germany,2020-10-06,1.2878082996572031,1.3397808800847794e-05,7,1.2878345588799245,1.2877820404344817,1.2878208211058322,1.287795778208574
Germany,2020-10-07,1.2410675646334421,1.3397808800847794e-05,7,1.2410938238561635,1.2410413054107208,1.2410800860820712,1.241055043184813
Germany,2020-10-08,1.2564478646356618,1.3397808800847794e-05,7,1.2564741238583832,1.2564216054129405,1.256460386084291,1.2564353431870328
Germany,2020-10-09,1.1965890279028242,1.3397808800847794e-05,7,1.1966152871255455,1.1965627686801028,1.1966015493514532,1.196576506454195
Germany,2020-10-10,1.186666935870751,1.3397808800847794e-05,7,1.1866931950934723,1.1866406766480295,1.18667945731938,1.1866544144221218
Germany,2020-10-11,1.4161626356693993,1.3397808800847794e-05,7,1.4161888948921206,1.416136376446678,1.4161751571180283,1.4161501142207702
Germany,2020-10-12,1.3656864553166286,1.3397808800847794e-05,7,1.36571271453935,1.3656601960939072,1.3656989767652576,1.3656739338679995
Germany,2020-10-13,1.3508077259409659,1.3397808800847794e-05,7,1.3508339851636872,1.3507814667182445,1.350820247389595,1.3507952044923368
Germany,2020-10-14,1.3020735833842556,1.3397808800847794e-05,7,1.302099842606977,1.3020473241615342,1.3020861048328847,1.3020610619356265
Germany,2020-10-15,1.3217512036536547,1.3397808800847794e-05,7,1.321777462876376,1.3217249444309334,1.3217637251022838,1.3217386822050257
Germany,2020-10-16,1.2378717092274172,1.3397808800847794e-05,7,1.2378979684501386,1.2378454500046958,1.2378842306760462,1.2378591877787881
Germany,2020-10-17,1.2821547968025448,1.3397808800847794e-05,7,1.2821810560252662,1.2821285375798235,1.282167318251174,1.2821422753539158
Germany,2020-10-18,1.4827957107692855,1.3397808800847794e-05,7,1.4828219699920069,1.4827694515465641,1.4828082322179146,1.4827831893206564
Germany,2020-10-19,1.4368852282131057,1.3397808800847794e-05,7,1.436911487435827,1.4368589689903843,1.4368977496617348,1.4368727067644766
Germany,2020-10-20,1.3728079321986075,1.3397808800847794e-05,7,1.372834191421329,1.3727816729758862,1.3728204536472366,1.3727954107499785
Germany,2020-10-21,1.271994857622465,1.3397808800847794e-05,7,1.2720211168451863,1.2719685983997435,1.272007379071094,1.2719823361738358
Germany,2020-10-22,1.2614268601262753,1.3397808800847794e-05,7,1.2614531193489966,1.2614006009035539,1.2614393815749043,1.2614143386776462
Germany,2020-10-23,1.1726088718592553,1.3397808800847794e-05,7,1.1726351310819767,1.172582612636534,1.1726213933078844,1.1725963504106263
Germany,2020-10-24,1.168586833565152,1.3397808800847794e-05,7,1.1686130927878733,1.1685605743424305,1.168599355013781,1.1685743121165229
Germany,2020-10-25,1.2996012671207504,1.3397808800847794e-05,7,1.2996275263434718,1.299575007898029,1.2996137885693795,1.2995887456721213
Germany,2020-10-26,1.2057794357134437,1.3397808800847794e-05,7,1.205805694936165,1.2057531764907223,1.2057919571620728,1.2057669142648146
Germany,2020-10-27,1.1546279701409081,1.3397808800847794e-05,7,1.1546542293636295,1.1546017109181868,1.1546404915895372,1.154615448692279
Germany,2020-10-28,1.0781822870207232,1.3397808800847794e-05,7,1.0782085462434445,1.0781560277980018,1.0781948084693522,1.078169765572094
Germany,2020-10-29,1.0822536099682083,1.3397808800847794e-05,7,1.0822798691909297,1.082227350745487,1.0822661314168374,1.0822410885195792
Germany,2020-10-30,1.0084369277146037,1.3397808800847794e-05,7,1.008463186937325,1.0084106684918823,1.0084494491632328,1.0084244062659746
Germany,2020-10-31,1.0457952355153488,1.3397808800847794e-05,7,1.0458214947380702,1.0457689762926274,1.0458077569639779,1.0457827140667197
Germany,2020-11-01,1.1969098516775225,1.3397808800847794e-05,7,1.1969361109002439,1.1968835924548011,1.1969223731261516,1.1968973302288934
Germany,2020-11-02,1.0928004086923262,1.3397808800847794e-05,7,1.0928266679150476,1.0927741494696048,1.0928129301409553,1.0927878872436971
Germany,2020-11-03,1.043576483702576,1.3397808800847794e-05,7,1.0436027429252974,1.0435502244798547,1.0435890051512051,1.043563962253947
Germany,2020-11-04,0.9869821316881375,1.3397808800847794e-05,7,0.9870083909108589,0.9869558724654162,0.9869946531367667,0.9869696102395084
Germany,2020-11-05,0.9746471231145294,1.3397808800847794e-05,7,0.9746733823372508,0.974620863891808,0.9746596445631586,0.9746346016659002
Germany,2020-11-06,0.9414862701080183,1.3397808800847794e-05,7,0.9415125293307397,0.941460010885297,0.9414987915566475,0.9414737486593892
Germany,2020-11-07,0.9523871888577958,1.3397808800847794e-05,7,0.9524134480805172,0.9523609296350745,0.952399710306425,0.9523746674091667
Germany,2020-11-08,1.0949224567888043,1.3397808800847794e-05,7,1.0949487160115257,1.094896197566083,1.0949349782374334,1.0949099353401752
Germany,2020-11-09,1.05882005129918,1.3397808800847794e-05,7,1.0588463105219015,1.0587937920764587,1.0588325727478092,1.058807529850551
Germany,2020-11-10,1.0325653518606084,1.3397808800847794e-05,7,1.0325916110833298,1.032539092637887,1.0325778733092374,1.0325528304119793
Germany,2020-11-11,1.0184942285797867,1.3397808800847794e-05,7,1.018520487802508,1.0184679693570653,1.0185067500284157,1.0184817071311576
Germany,2020-11-12,1.039139766259446,1.3397808800847794e-05,7,1.0391660254821673,1.0391135070367246,1.039152287708075,1.0391272448108169
Germany,2020-11-13,0.9661605797247026,1.3397808800847794e-05,7,0.966186838947424,0.9661343205019812,0.9661731011733318,0.9661480582760734
Germany,2020-11-14,0.9763641629071194,1.3397808800847794e-05,7,0.9763904221298407,0.976337903684398,0.9763766843557485,0.9763516414584902
Germany,2020-11-15,1.1121501754531584,1.3397808800847794e-05,7,1.1121764346758798,1.112123916230437,1.1121626969017875,1.1121376540045294
Germany,2020-11-16,1.0604326020136485,1.3397808800847794e-05,7,1.06045886123637,1.0604063427909272,1.0604451234622776,1.0604200805650195
Germany,2020-11-17,1.024180984897775,1.3397808800847794e-05,7,1.0242072441204964,1.0241547256750536,1.024193506346404,1.024168463449146
Germany,2020-11-18,0.9782163061871232,1.3397808800847794e-05,7,0.9782425654098446,0.9781900469644018,0.9782288276357524,0.978203784738494
Germany,2020-11-19,0.9660168114538279,1.3397808800847794e-05,7,0.9660430706765493,0.9659905522311065,0.9660293329024571,0.9660042900051987
Germany,2020-11-20,0.8951514792456341,1.3397808800847794e-05,7,0.8951777384683555,0.8951252200229127,0.8951640006942633,0.8951389577970049
Germany,2020-11-21,0.9096010342111701,1.3397808800847794e-05,7,0.9096272934338915,0.9095747749884487,0.9096135556597993,0.9095885127625409
Germany,2020-11-22,1.055289227061202,1.3397808800847794e-05,7,1.0553154862839234,1.0552629678384806,1.055301748509831,1.055276705612573
Germany,2020-11-23,1.0117379263839121,1.3397808800847794e-05,7,1.0117641856066335,1.0117116671611908,1.0117504478325412,1.011725404935283
Germany,2020-11-24,0.9923459077689459,1.3397808800847794e-05,7,0.9923721669916673,0.9923196485462246,0.9923584292175751,0.9923333863203168
Germany,2020-11-25,0.9639051819993241,1.3397808800847794e-05,7,0.9639314412220454,0.9638789227766027,0.9639177034479532,0.9638926605506949
Germany,2020-11-26,0.9822749515388723,1.3397808800847794e-05,7,0.9823012107615937,0.982248692316151,0.9822874729875015,0.9822624300902432
Germany,2020-11-27,0.9535626202113759,1.3397808800847794e-05,7,0.9535888794340973,0.9535363609886546,0.9535751416600051,0.9535500987627468
Germany,2020-11-28,0.9546204110780033,1.3397808800847794e-05,7,0.9546466703007247,0.954594151855282,0.9546329325266325,0.9546078896293742
Germany,2020-11-29,1.1468503488918056,1.3397808800847794e-05,7,1.146876608114527,1.1468240896690842,1.1468628703404347,1.1468378274431765
Germany,2020-11-30,1.1223174817493213,1.3397808800847794e-05,7,1.1223437409720427,1.1222912225266,1.1223300031979504,1.1223049603006923
Germany,2020-12-01,1.0973507101030797,1.3397808800847794e-05,7,1.097376969325801,1.0973244508803583,1.0973632315517088,1.0973381886544507
Germany,2020-12-02,1.0897947120439335,1.3397808800847794e-05,7,1.089820971266655,1.0897684528212122,1.0898072334925626,1.0897821905953045
Germany,2020-12-03,1.0961344972882754,1.3397808800847794e-05,7,1.0961607565109968,1.096108238065554,1.0961470187369045,1.0961219758396463
Germany,2020-12-04,1.0469643681095868,1.3397808800847794e-05,7,1.0469906273323082,1.0469381088868654,1.0469768895582159,1.0469518466609578
Germany,2020-12-05,1.05052686119053,1.3397808800847794e-05,7,1.0505531204132514,1.0505006019678087,1.0505393826391591,1.050514339741901
Germany,2020-12-06,1.1988582069516895,1.3397808800847794e-05,7,1.198884466174411,1.1988319477289682,1.1988707284003186,1.1988456855030605
Germany,2020-12-07,1.1562989092579843,1.3397808800847794e-05,7,1.1563251684807057,1.156272650035263,1.1563114307066134,1.1562863878093552
Germany,2020-12-08,1.110245363805829,1.3397808800847794e-05,7,1.1102716230285503,1.1102191045831076,1.110257885254458,1.1102328423571999
Germany,2020-12-09,1.0783615547217855,1.3397808800847794e-05,7,1.078387813944507,1.0783352954990642,1.0783740761704146,1.0783490332731565
Germany,2020-12-10,1.0606806568155611,1.3397808800847794e-05,7,1.0607069160382825,1.0606543975928397,1.0606931782641902,1.060668135366932
Germany,2020-12-11,1.0143378829199137,1.3397808800847794e-05,7,1.014364142142635,1.0143116236971923,1.0143504043685427,1.0143253614712846
Germany,2020-12-12,0.9934699011258827,1.3397808800847794e-05,7,0.9934961603486041,0.9934436419031614,0.9934824225745119,0.9934573796772536
Germany,2020-12-13,1.140652449541562,1.3397808800847794e-05,7,1.1406787087642833,1.1406261903188406,1.140664970990191,1.140639928092933
Germany,2020-12-14,1.079956771559419,1.3397808800847794e-05,7,1.0799830307821403,1.0799305123366976,1.079969293008048,1.0799442501107899
Germany,2020-12-15,1.04044973169639,1.3397808800847794e-05,7,1.0404759909191115,1.0404234724736687,1.0404622531450192,1.040437210247761
Germany,2020-12-16,0.9941010351260727,1.3397808800847794e-05,7,0.9941272943487941,0.9940747759033514,0.9941135565747019,0.9940885136774436
Germany,2020-12-17,0.979997397554195,1.3397808800847794e-05,7,0.9800236567769164,0.9799711383314736,0.9800099190028242,0.9799848761055658
Germany,2020-12-18,0.923024706696481,1.3397808800847794e-05,7,0.9230509659192023,0.9229984474737596,0.9230372281451101,0.9230121852478518
Germany,2020-12-19,0.9170756634609789,1.3397808800847794e-05,7,0.9171019226837003,0.9170494042382575,0.9170881849096081,0.9170631420123497
Germany,2020-12-20,1.0038323884073643,1.3397808800847794e-05,7,1.0038586476300857,1.003806129184643,1.0038449098559934,1.0038198669587353
Germany,2020-12-21,0.9416593224113683,1.3397808800847794e-05,7,0.9416855816340897,0.9416330631886469,0.9416718438599975,0.9416468009627391
Germany,2020-12-22,0.897580301080663,1.3397808800847794e-05,7,0.8976065603033844,0.8975540418579416,0.8975928225292922,0.8975677796320338
Germany,2020-12-23,0.8568736901822476,1.3397808800847794e-05,7,0.8568999494049689,0.8568474309595262,0.8568862116308767,0.8568611687336184
Germany,2020-12-24,0.8305685477219219,1.3397808800847794e-05,7,0.8305948069446433,0.8305422884992005,0.8305810691705511,0.8305560262732927
Germany,2020-12-25,0.8872375830882425,1.3397808800847794e-05,7,0.8872638423109639,0.8872113238655212,0.8872501045368717,0.8872250616396133
Germany,2020-12-26,0.9521700316185546,1.3397808800847794e-05,7,0.952196290841276,0.9521437723958333,0.9521825530671838,0.9521575101699254
Germany,2020-12-27,1.083378388834882,1.3397808800847794e-05,7,1.0834046480576034,1.0833521296121607,1.083390910283511,1.083365867386253
Germany,2020-12-28,0.9616951691169695,1.3397808800847794e-05,7,0.9617214283396909,0.9616689098942481,0.9617076905655987,0.9616826476683403
Germany,2020-12-29,0.9007063138659238,1.3397808800847794e-05,7,0.9007325730886452,0.9006800546432024,0.900718835314553,0.9006937924172946
Germany,2020-12-30,0.8615718701021151,1.3397808800847794e-05,7,0.8615981293248365,0.8615456108793937,0.8615843915507443,0.8615593486534859
Germany,2020-12-31,0.890702284896289,1.3397808800847794e-05,7,0.8907285441190104,0.8906760256735676,0.8907148063449182,0.8906897634476598
Germany,2021-01-01,0.9385028887170069,1.3397808800847794e-05,7,0.9385291479397283,0.9384766294942856,0.9385154101656361,0.9384903672683778
Germany,2021-01-02,0.9930787791635429,1.3397808800847794e-05,7,0.9931050383862643,0.9930525199408216,0.9930913006121721,0.9930662577149137
Germany,2021-01-03,1.115849228273671,1.3397808800847794e-05,7,1.1158754874963923,1.1158229690509496,1.1158617497223,1.1158367068250419
Germany,2021-01-04,1.0282776740591488,1.3397808800847794e-05,7,1.0283039332818702,1.0282514148364275,1.028290195507778,1.0282651526105198
Germany,2021-01-05,0.9572213508243316,1.3397808800847794e-05,7,0.9572476100470529,0.9571950916016102,0.9572338722729608,0.9572088293757024
Germany,2021-01-06,0.9189895603944462,1.3397808800847794e-05,7,0.9190158196171676,0.9189633011717249,0.9190020818430754,0.9189770389458171
Germany,2021-01-07,0.9221054875766278,1.3397808800847794e-05,7,0.9221317467993492,0.9220792283539064,0.922118009025257,0.9220929661279986
Germany,2021-01-08,0.8654301806616621,1.3397808800847794e-05,7,0.8654564398843835,0.8654039214389407,0.8654427021102913,0.8654176592130329
Germany,2021-01-09,0.899756958072731,1.3397808800847794e-05,7,0.8997832172954524,0.8997306988500097,0.8997694795213602,0.8997444366241019
Germany,2021-01-10,1.0051963306778822,1.3397808800847794e-05,7,1.0052225899006035,1.0051700714551608,1.0052088521265112,1.005183809229253
Germany,2021-01-11,0.9555746042223286,1.3397808800847794e-05,7,0.95560086344505,0.9555483449996073,0.9555871256709578,0.9555620827736995
Germany,2021-01-12,0.9367471093241428,1.3397808800847794e-05,7,0.9367733685468642,0.9367208501014215,0.936759630772772,0.9367345878755137
Germany,2021-01-13,0.9064127213502282,1.3397808800847794e-05,7,0.9064389805729496,0.9063864621275068,0.9064252427988574,0.906400199901599
Germany,2021-01-14,0.9167664935226743,1.3397808800847794e-05,7,0.9167927527453956,0.9167402342999529,0.9167790149713034,0.9167539720740451
Germany,2021-01-15,0.8745913128593893,1.3397808800847794e-05,7,0.8746175720821107,0.8745650536366679,0.8746038343080185,0.8745787914107601
Germany,2021-01-16,0.8902579592195288,1.3397808800847794e-05,7,0.8902842184422501,0.8902316999968074,0.890270480668158,0.8902454377708996
Germany,2021-01-17,1.0328705575525676,1.3397808800847794e-05,7,1.032896816775289,1.0328442983298463,1.0328830790011967,1.0328580361039386
Germany,2021-01-18,0.9706583929461763,1.3397808800847794e-05,7,0.9706846521688977,0.9706321337234549,0.9706709143948055,0.9706458714975471
Germany,2021-01-19,0.9494629584333159,1.3397808800847794e-05,7,0.9494892176560372,0.9494366992105945,0.949475479881945,0.9494504369846867
Germany,2021-01-20,0.8926390050314389,1.3397808800847794e-05,7,0.8926652642541603,0.8926127458087175,0.8926515264800681,0.8926264835828097
Germany,2021-01-21,0.9001762485634199,1.3397808800847794e-05,7,0.9002025077861413,0.9001499893406986,0.9001887700120491,0.9001637271147908
Germany,2021-01-22,0.8612737099250247,1.3397808800847794e-05,7,0.8612999691477461,0.8612474507023034,0.8612862313736539,0.8612611884763955
Germany,2021-01-23,0.8620134531700749,1.3397808800847794e-05,7,0.8620397123927963,0.8619871939473536,0.8620259746187041,0.8620009317214458
Germany,2021-01-24,0.9923558367418885,1.3397808800847794e-05,7,0.9923820959646099,0.9923295775191672,0.9923683581905177,0.9923433152932594
Germany,2021-01-25,0.9396819213930254,1.3397808800847794e-05,7,0.9397081806157468,0.939655662170304,0.9396944428416546,0.9396693999443962
Germany,2021-01-26,0.9008918157279268,1.3397808800847794e-05,7,0.9009180749506481,0.9008655565052054,0.9009043371765559,0.9008792942792976
Germany,2021-01-27,0.8887324475225153,1.3397808800847794e-05,7,0.8887587067452367,0.888706188299794,0.8887449689711445,0.8887199260738862
Germany,2021-01-28,0.8828241183959815,1.3397808800847794e-05,7,0.8828503776187029,0.8827978591732601,0.8828366398446107,0.8828115969473523
Germany,2021-01-29,0.8429812853174234,1.3397808800847794e-05,7,0.8430075445401448,0.8429550260947021,0.8429938067660526,0.8429687638687943
Germany,2021-01-30,0.8469544829100347,1.3397808800847794e-05,7,0.8469807421327561,0.8469282236873134,0.8469670043586639,0.8469419614614055
Germany,2021-01-31,0.9879547499888013,1.3397808800847794e-05,7,0.9879810092115227,0.9879284907660799,0.9879672714374305,0.9879422285401721
Germany,2021-02-01,0.9411196822314877,1.3397808800847794e-05,7,0.941145941454209,0.9410934230087663,0.9411322036801169,0.9411071607828585
Germany,2021-02-02,0.9064687754812496,1.3397808800847794e-05,7,0.906495034703971,0.9064425162585282,0.9064812969298788,0.9064562540326204
Germany,2021-02-03,0.8659027221027022,1.3397808800847794e-05,7,0.8659289813254236,0.8658764628799809,0.8659152435513314,0.8658902006540731
Germany,2021-02-04,0.8677070085088365,1.3397808800847794e-05,7,0.8677332677315579,0.8676807492861152,0.8677195299574657,0.8676944870602074
Germany,2021-02-05,0.8351026119853413,1.3397808800847794e-05,7,0.8351288712080627,0.8350763527626199,0.8351151334339705,0.8350900905367121
Germany,2021-02-06,0.8336952866794325,1.3397808800847794e-05,7,0.8337215459021539,0.8336690274567111,0.8337078081280617,0.8336827652308033
Germany,2021-02-07,0.9630036144123302,1.3397808800847794e-05,7,0.9630298736350515,0.9629773551896088,0.9630161358609594,0.962991092963701
Germany,2021-02-08,0.9380249239732593,1.3397808800847794e-05,7,0.9380511831959807,0.937998664750538,0.9380374454218885,0.9380124025246301
Germany,2021-02-09,0.9289371319531575,1.3397808800847794e-05,7,0.9289633911758789,0.9289108727304362,0.9289496534017867,0.9289246105045283
Germany,2021-02-10,0.8873884970405532,1.3397808800847794e-05,7,0.8874147562632746,0.8873622378178319,0.8874010184891824,0.887375975591924
Germany,2021-02-11,0.9159181030396916,1.3397808800847794e-05,7,0.9159443622624129,0.9158918438169702,0.9159306244883207,0.9159055815910624
Germany,2021-02-12,0.8914317922039509,1.3397808800847794e-05,7,0.8914580514266722,0.8914055329812295,0.89144431365258,0.8914192707553217
Germany,2021-02-13,0.9193081108640481,1.3397808800847794e-05,7,0.9193343700867694,0.9192818516413267,0.9193206323126772,0.9192955894154189
Germany,2021-02-14,1.0745606751731533,1.3397808800847794e-05,7,1.0745869343958747,1.074534415950432,1.0745731966217824,1.0745481537245243
Germany,2021-02-15,1.0330536247624333,1.3397808800847794e-05,7,1.0330798839851547,1.033027365539712,1.0330661462110624,1.0330411033138043
Germany,2021-02-16,1.0227997847956203,1.3397808800847794e-05,7,1.0228260440183417,1.022773525572899,1.0228123062442493,1.0227872633469912
Germany,2021-02-17,0.9935227570793663,1.3397808800847794e-05,7,0.9935490163020877,0.993496497856645,0.9935352785279955,0.9935102356307371
Germany,2021-02-18,0.9894540999885568,1.3397808800847794e-05,7,0.9894803592112782,0.9894278407658355,0.989466621437186,0.9894415785399276
Germany,2021-02-19,0.9712381727018242,1.3397808800847794e-05,7,0.9712644319245456,0.9712119134791029,0.9712506941504534,0.971225651253195
Germany,2021-02-20,0.9561415798860192,1.3397808800847794e-05,7,0.9561678391087406,0.9561153206632979,0.9561541013346484,0.95612905843739
Germany,2021-02-21,1.0989006483602248,1.3397808800847794e-05,7,1.0989269075829462,1.0988743891375035,1.098913169808854,1.0988881269115958
Germany,2021-02-22,1.0494891963866917,1.3397808800847794e-05,7,1.049515455609413,1.0494629371639703,1.0495017178353208,1.0494766749380626
Germany,2021-02-23,1.0122446167483015,1.3397808800847794e-05,7,1.0122708759710228,1.01221835752558,1.0122571381969305,1.0122320952996724
Germany,2021-02-24,0.9794588541101997,1.3397808800847794e-05,7,0.9794851133329211,0.9794325948874784,0.9794713755588289,0.9794463326615706
Germany,2021-02-25,1.0026931403248296,1.3397808800847794e-05,7,1.002719399547551,1.0026668811021082,1.0027056617734587,1.0026806188762005
Germany,2021-02-26,0.9474623727939423,1.3397808800847794e-05,7,0.9474886320166637,0.9474361135712209,0.9474748942425715,0.9474498513453131
Germany,2021-02-27,0.9663033596621958,1.3397808800847794e-05,7,0.9663296188849172,0.9662771004394745,0.966315881110825,0.9662908382135666
Germany,2021-02-28,1.1321441069992229,1.3397808800847794e-05,7,1.1321703662219442,1.1321178477765015,1.132156628447852,1.1321315855505938
Germany,2021-03-01,1.0656832436966976,1.3397808800847794e-05,7,1.065709502919419,1.0656569844739763,1.0656957651453267,1.0656707222480686
Germany,2021-03-02,1.061227455967297,1.3397808800847794e-05,7,1.0612537151900183,1.0612011967445756,1.061239977415926,1.0612149345186679
Germany,2021-03-03,1.0274463308392765,1.3397808800847794e-05,7,1.0274725900619979,1.0274200716165551,1.0274588522879056,1.0274338093906474
Germany,2021-03-04,1.0488189157848602,1.3397808800847794e-05,7,1.0488451750075816,1.0487926565621388,1.0488314372334893,1.0488063943362311
Germany,2021-03-05,1.0334563459756674,1.3397808800847794e-05,7,1.0334826051983887,1.033430086752946,1.0334688674242964,1.0334438245270383
Germany,2021-03-06,1.037201114634873,1.3397808800847794e-05,7,1.0372273738575943,1.0371748554121516,1.037213636083502,1.037188593186244
Germany,2021-03-07,1.2158382558325858,1.3397808800847794e-05,7,1.2158645150553071,1.2158119966098644,1.2158507772812148,1.2158257343839567
Germany,2021-03-08,1.1570945531376378,1.3397808800847794e-05,7,1.1571208123603591,1.1570682939149164,1.1571070745862668,1.1570820316890087
Germany,2021-03-09,1.1440740450129003,1.3397808800847794e-05,7,1.1441003042356217,1.144047785790179,1.1440865664615294,1.1440615235642713
Germany,2021-03-10,1.1052519647119294,1.3397808800847794e-05,7,1.1052782239346508,1.105225705489208,1.1052644861605585,1.1052394432633004
Germany,2021-03-11,1.1198403355759237,1.3397808800847794e-05,7,1.119866594798645,1.1198140763532023,1.1198528570245527,1.1198278141272946
Germany,2021-03-12,1.0872621583222484,1.3397808800847794e-05,7,1.0872884175449697,1.087235899099527,1.0872746797708774,1.0872496368736193
Germany,2021-03-13,1.0866562437261438,1.3397808800847794e-05,7,1.0866825029488651,1.0866299845034224,1.0866687651747728,1.0866437222775147
Germany,2021-03-14,1.2514520599641052,1.3397808800847794e-05,7,1.2514783191868266,1.2514258007413839,1.2514645814127343,1.2514395385154762
Germany,2021-03-15,1.175137771832944,1.3397808800847794e-05,7,1.1751640310556655,1.1751115126102227,1.1751502932815732,1.175125250384315
Germany,2021-03-16,1.1504062628055653,1.3397808800847794e-05,7,1.1504325220282867,1.150380003582844,1.1504187842541944,1.1503937413569363
Germany,2021-03-17,1.087789247905367,1.3397808800847794e-05,7,1.0878155071280884,1.0877629886826456,1.087801769353996,1.087776726456738
Germany,2021-03-18,1.1004225384983615,1.3397808800847794e-05,7,1.1004487977210828,1.10039627927564,1.1004350599469905,1.1004100170497324
Germany,2021-03-19,1.0905572864337314,1.3397808800847794e-05,7,1.0905835456564528,1.09053102721101,1.0905698078823605,1.0905447649851023
Germany,2021-03-20,1.0890476869333052,1.3397808800847794e-05,7,1.0890739461560266,1.0890214277105839,1.0890602083819343,1.0890351654846762
Germany,2021-03-21,1.2250415592566988,1.3397808800847794e-05,7,1.2250678184794201,1.2250153000339774,1.2250540807053278,1.2250290378080697
Germany,2021-03-22,1.1696833566699687,1.3397808800847794e-05,7,1.16970961589269,1.1696570974472473,1.1696958781185978,1.1696708352213396
Germany,2021-03-23,1.1152827555832683,1.3397808800847794e-05,7,1.1153090148059897,1.115256496360547,1.1152952770318973,1.1152702341346392
Germany,2021-03-24,1.0514976161286844,1.3397808800847794e-05,7,1.0515238753514058,1.051471356905963,1.0515101375773135,1.0514850946800554
Germany,2021-03-25,1.03130317774558,1.3397808800847794e-05,7,1.0313294369683013,1.0312769185228585,1.031315699194209,1.0312906562969508
Germany,2021-03-26,0.9823973530773915,1.3397808800847794e-05,7,0.9824236123001129,0.9823710938546701,0.9824098745260207,0.9823848316287623
Germany,2021-03-27,0.9664743275657455,1.3397808800847794e-05,7,0.9665005867884668,0.9664480683430241,0.9664868490143746,0.9664618061171163
Germany,2021-03-28,1.1032984361148876,1.3397808800847794e-05,7,1.103324695337609,1.1032721768921663,1.1033109575635167,1.1032859146662586
Germany,2021-03-29,1.0424270052207847,1.3397808800847794e-05,7,1.042453264443506,1.0424007459980633,1.0424395266694138,1.0424144837721556
Germany,2021-03-30,0.994060508038336,1.3397808800847794e-05,7,0.9940867672610574,0.9940342488156146,0.9940730294869652,0.9940479865897068
Germany,2021-03-31,1.0207803744124246,1.3397808800847794e-05,7,1.020806633635146,1.0207541151897033,1.0207928958610537,1.0207678529637956
Germany,2021-04-01,0.9645913055160575,1.3397808800847794e-05,7,0.9646175647387789,0.9645650462933362,0.9646038269646867,0.9645787840674284
Germany,2021-04-02,0.9446968640497915,1.3397808800847794e-05,7,0.9447231232725128,0.9446706048270701,0.9447093854984207,0.9446843426011623
Germany,2021-04-03,0.9573244668898017,1.3397808800847794e-05,7,0.957350726112523,0.9572982076670803,0.9573369883384308,0.9573119454411725
Germany,2021-04-04,1.0388090973917443,1.3397808800847794e-05,7,1.0388353566144657,1.038782838169023,1.0388216188403734,1.0387965759431153
Germany,2021-04-05,1.1260156610740153,1.3397808800847794e-05,7,1.1260419202967367,1.125989401851294,1.1260281825226444,1.1260031396253862
Germany,2021-04-06,1.1119624334766594,1.3397808800847794e-05,7,1.1119886926993807,1.111936174253938,1.1119749549252884,1.1119499120280303
Germany,2021-04-07,1.0808700662584143,1.3397808800847794e-05,7,1.0808963254811357,1.080843807035693,1.0808825877070434,1.0808575448097852
Germany,2021-04-08,1.0597516577164732,1.3397808800847794e-05,7,1.0597779169391945,1.0597253984937518,1.0597641791651022,1.059739136267844
Germany,2021-04-09,1.0470407322677056,1.3397808800847794e-05,7,1.047066991490427,1.0470144730449842,1.0470532537163346,1.0470282108190765
Germany,2021-04-10,1.0119799355801296,1.3397808800847794e-05,7,1.012006194802851,1.0119536763574082,1.0119924570287586,1.0119674141315005
Germany,2021-04-11,1.1562517990130832,1.3397808800847794e-05,7,1.1562780582358045,1.1562255397903618,1.1562643204617122,1.156239277564454
Germany,2021-04-12,1.0775174449630454,1.3397808800847794e-05,7,1.0775437041857667,1.077491185740324,1.0775299664116744,1.0775049235144163
Germany,2021-04-13,1.042436610657014,1.3397808800847794e-05,7,1.0424628698797354,1.0424103514342926,1.042449132105643,1.042424089208385
Germany,2021-04-14,1.0036108748801402,1.3397808800847794e-05,7,1.0036371341028616,1.0035846156574189,1.0036233963287693,1.0035983534315112
Germany,2021-04-15,1.0307093231172921,1.3397808800847794e-05,7,1.0307355823400135,1.0306830638945708,1.0307218445659212,1.030696801668663
Germany,2021-04-16,1.003959923188963,1.3397808800847794e-05,7,1.0039861824116845,1.0039336639662417,1.0039724446375922,1.003947401740334
Germany,2021-04-17,1.01808012194403,1.3397808800847794e-05,7,1.0181063811667515,1.0180538627213087,1.0180926433926591,1.018067600495401
Germany,2021-04-18,1.1406741284834996,1.3397808800847794e-05,7,1.140700387706221,1.1406478692607782,1.1406866499321286,1.1406616070348705
Germany,2021-04-19,1.0663837513524768,1.3397808800847794e-05,7,1.0664100105751981,1.0663574921297554,1.0663962728011058,1.0663712299038477
Germany,2021-04-20,1.0146853396941773,1.3397808800847794e-05,7,1.0147115989168987,1.014659080471456,1.0146978611428064,1.0146728182455482
Germany,2021-04-21,0.9625284187691537,1.3397808800847794e-05,7,0.9625546779918751,0.9625021595464324,0.9625409402177829,0.9625158973205246
Germany,2021-04-22,0.9532273232945219,1.3397808800847794e-05,7,0.9532535825172432,0.9532010640718005,0.953239844743151,0.9532148018458927
Germany,2021-04-23,0.9199560820353776,1.3397808800847794e-05,7,0.919982341258099,0.9199298228126562,0.9199686034840068,0.9199435605867484
Germany,2021-04-24,0.9140426305760195,1.3397808800847794e-05,7,0.9140688897987409,0.9140163713532982,0.9140551520246487,0.9140301091273904
Germany,2021-04-25,1.0281145960771363,1.3397808800847794e-05,7,1.0281408552998577,1.028088336854415,1.0281271175257654,1.0281020746285072
Germany,2021-04-26,0.9620934149405309,1.3397808800847794e-05,7,0.9621196741632523,0.9620671557178095,0.9621059363891601,0.9620808934919017
Germany,2021-04-27,0.9340632722342274,1.3397808800847794e-05,7,0.9340895314569487,0.934037013011506,0.9340757936828565,0.9340507507855982
Germany,2021-04-28,0.8811995450588359,1.3397808800847794e-05,7,0.8812258042815573,0.8811732858361145,0.8812120665074651,0.8811870236102067
Germany,2021-04-29,0.8983441711868528,1.3397808800847794e-05,7,0.8983704304095742,0.8983179119641315,0.898356692635482,0.8983316497382237
Germany,2021-04-30,0.8731323831185969,1.3397808800847794e-05,7,0.8731586423413182,0.8731061238958755,0.873144904567226,0.8731198616699677
Germany,2021-05-01,0.8660989116221962,1.3397808800847794e-05,7,0.8661251708449176,0.8660726523994748,0.8661114330708254,0.866086390173567
Germany,2021-05-02,0.9760192855025749,1.3397808800847794e-05,7,0.9760455447252963,0.9759930262798535,0.9760318069512041,0.9760067640539457
Germany,2021-05-03,0.9271070148835973,1.3397808800847794e-05,7,0.9271332741063186,0.9270807556608759,0.9271195363322264,0.9270944934349681
Germany,2021-05-04,0.9014074620946443,1.3397808800847794e-05,7,0.9014337213173657,0.9013812028719229,0.9014199835432735,0.9013949406460151
Germany,2021-05-05,0.8610000160499827,1.3397808800847794e-05,7,0.861026275272704,0.8609737568272613,0.8610125374986118,0.8609874946013535
Germany,2021-05-06,0.8447777905266105,1.3397808800847794e-05,7,0.8448040497493319,0.8447515313038891,0.8447903119752397,0.8447652690779813
Germany,2021-05-07,0.8209330328876653,1.3397808800847794e-05,7,0.8209592921103867,0.8209067736649439,0.8209455543362945,0.8209205114390361
Germany,2021-05-08,0.8315161294115891,1.3397808800847794e-05,7,0.8315423886343105,0.8314898701888678,0.8315286508602183,0.83150360796296
Germany,2021-05-09,0.9330988561311101,1.3397808800847794e-05,7,0.9331251153538315,0.9330725969083887,0.9331113775797393,0.9330863346824809
Germany,2021-05-10,0.8617677606449936,1.3397808800847794e-05,7,0.861794019867715,0.8617415014222722,0.8617802820936228,0.8617552391963644
Germany,2021-05-11,0.8266420608858558,1.3397808800847794e-05,7,0.8266683201085772,0.8266158016631344,0.826654582334485,0.8266295394372266
Germany,2021-05-12,0.7783396388380889,1.3397808800847794e-05,7,0.7783658980608102,0.7783133796153675,0.778352160286718,0.7783271173894597
Germany,2021-05-13,0.8050230496950266,1.3397808800847794e-05,7,0.805049308917748,0.8049967904723052,0.8050355711436558,0.8050105282463974
Germany,2021-05-14,0.8097072234248777,1.3397808800847794e-05,7,0.809733482647599,0.8096809642021563,0.8097197448735068,0.8096947019762485
Germany,2021-05-15,0.8116247352348804,1.3397808800847794e-05,7,0.8116509944576018,0.8115984760121591,0.8116372566835096,0.8116122137862513
Germany,2021-05-16,0.8944026777446523,1.3397808800847794e-05,7,0.8944289369673737,0.894376418521931,0.8944151991932815,0.8943901562960231
Germany,2021-05-17,0.8450019645479363,1.3397808800847794e-05,7,0.8450282237706577,0.8449757053252149,0.8450144859965655,0.8449894430993071
Germany,2021-05-18,0.8031970134323173,1.3397808800847794e-05,7,0.8032232726550387,0.8031707542095959,0.8032095348809465,0.8031844919836881
Germany,2021-05-19,0.7785186432016962,1.3397808800847794e-05,7,0.7785449024244175,0.7784923839789748,0.7785311646503253,0.778506121753067
Germany,2021-05-20,0.7599730713036047,1.3397808800847794e-05,7,0.7599993305263261,0.7599468120808833,0.7599855927522339,0.7599605498549755
Germany,2021-05-21,0.7443918123035466,1.3397808800847794e-05,7,0.7444180715262679,0.7443655530808252,0.7444043337521757,0.7443792908549174
Germany,2021-05-22,0.7290798361014499,1.3397808800847794e-05,7,0.7291060953241713,0.7290535768787285,0.7290923575500791,0.7290673146528207
Germany,2021-05-23,0.7800227704646088,1.3397808800847794e-05,7,0.7800490296873301,0.7799965112418874,0.780035291913238,0.7800102490159796
Germany,2021-05-24,0.8277776629274303,1.3397808800847794e-05,7,0.8278039221501516,0.8277514037047089,0.8277901843760594,0.8277651414788011
Germany,2021-05-25,0.8087617715783364,1.3397808800847794e-05,7,0.8087880308010578,0.808735512355615,0.8087742930269656,0.8087492501297072
Germany,2021-05-26,0.7919741353927026,1.3397808800847794e-05,7,0.7920003946154239,0.7919478761699812,0.7919866568413317,0.7919616139440734
Germany,2021-05-27,0.7871652800935829,1.3397808800847794e-05,7,0.7871915393163043,0.7871390208708615,0.7871778015422121,0.7871527586449537
Germany,2021-05-28,0.7540583756559486,1.3397808800847794e-05,7,0.75408463487867,0.7540321164332272,0.7540708971045778,0.7540458542073194
Germany,2021-05-29,0.7406308971750751,1.3397808800847794e-05,7,0.7406571563977965,0.7406046379523538,0.7406434186237043,0.740618375726446
Germany,2021-05-30,0.8267057842250757,1.3397808800847794e-05,7,0.826732043447797,0.8266795250023543,0.8267183056737049,0.8266932627764465
Germany,2021-05-31,0.8003987175300842,1.3397808800847794e-05,7,0.8004249767528056,0.8003724583073628,0.8004112389787134,0.800386196081455
Germany,2021-06-01,0.8024451950894557,1.3397808800847794e-05,7,0.802471454312177,0.8024189358667343,0.8024577165380848,0.8024326736408265
Germany,2021-06-02,0.7540995892806039,1.3397808800847794e-05,7,0.7541258485033253,0.7540733300578826,0.7541121107292331,0.7540870678319748
Germany,2021-06-03,0.7581414548976925,1.3397808800847794e-05,7,0.7581677141204138,0.7581151956749711,0.7581539763463216,0.7581289334490633
Germany,2021-06-04,0.7581664930496727,1.3397808800847794e-05,7,0.758192752272394,0.7581402338269513,0.7581790144983018,0.7581539716010435
Germany,2021-06-05,0.7713351874318091,1.3397808800847794e-05,7,0.7713614466545304,0.7713089282090877,0.7713477088804382,0.7713226659831799
Germany,2021-06-06,0.8362401468070156,1.3397808800847794e-05,7,0.836266406029737,0.8362138875842943,0.8362526682556448,0.8362276253583865
Germany,2021-06-07,0.7801877814701654,1.3397808800847794e-05,7,0.7802140406928868,0.7801615222474441,0.7802003029187946,0.7801752600215363
Germany,2021-06-08,0.7427482916857631,1.3397808800847794e-05,7,0.7427745509084844,0.7427220324630417,0.7427608131343922,0.7427357702371339
Germany,2021-06-09,0.7357059811876296,1.3397808800847794e-05,7,0.735732240410351,0.7356797219649083,0.7357185026362588,0.7356934597390005
Germany,2021-06-10,0.7089833513175142,1.3397808800847794e-05,7,0.7090096105402356,0.7089570920947929,0.7089958727661434,0.708970829868885
Germany,2021-06-11,0.6938776784398198,1.3397808800847794e-05,7,0.6939039376625412,0.6938514192170985,0.693890199888449,0.6938651569911907
Germany,2021-06-12,0.6945429196342181,1.3397808800847794e-05,7,0.6945691788569395,0.6945166604114967,0.6945554410828473,0.6945303981855889
Germany,2021-06-13,0.7683245124161479,1.3397808800847794e-05,7,0.7683507716388692,0.7682982531934265,0.768337033864777,0.7683119909675187
Germany,2021-06-14,0.736121554901271,1.3397808800847794e-05,7,0.7361478141239923,0.7360952956785496,0.7361340763499001,0.7361090334526418
Germany,2021-06-15,0.7457354405224249,1.3397808800847794e-05,7,0.7457616997451463,0.7457091812997035,0.7457479619710541,0.7457229190737957
Germany,2021-06-16,0.7130308251523589,1.3397808800847794e-05,7,0.7130570843750803,0.7130045659296376,0.7130433466009881,0.7130183037037298
Germany,2021-06-17,0.7164434605130977,1.3397808800847794e-05,7,0.7164697197358191,0.7164172012903763,0.7164559819617269,0.7164309390644685
Germany,2021-06-18,0.6738582958610679,1.3397808800847794e-05,7,0.6738845550837893,0.6738320366383466,0.6738708173096971,0.6738457744124388
Germany,2021-06-19,0.7074221083007697,1.3397808800847794e-05,7,0.707448367523491,0.7073958490780483,0.7074346297493989,0.7074095868521405
Germany,2021-06-20,0.8081889644476334,1.3397808800847794e-05,7,0.8082152236703548,0.8081627052249121,0.8082014858962626,0.8081764429990043
Germany,2021-06-21,0.8103529114469158,1.3397808800847794e-05,7,0.8103791706696372,0.8103266522241944,0.810365432895545,0.8103403899982866
Germany,2021-06-22,0.7835047153113504,1.3397808800847794e-05,7,0.7835309745340717,0.783478456088629,0.7835172367599795,0.7834921938627212
Germany,2021-06-23,0.7656056734241914,1.3397808800847794e-05,7,0.7656319326469128,0.76557941420147,0.7656181948728206,0.7655931519755622
Germany,2021-06-24,0.7799212153595163,1.3397808800847794e-05,7,0.7799474745822377,0.7798949561367949,0.7799337368081455,0.7799086939108871
Germany,2021-06-25,0.808711486549029,1.3397808800847794e-05,7,0.8087377457717504,0.8086852273263077,0.8087240079976582,0.8086989651003998
Germany,2021-06-26,0.7988542393034304,1.3397808800847794e-05,7,0.7988804985261517,0.798827980080709,0.7988667607520595,0.7988417178548012
Germany,2021-06-27,0.9496048207671524,1.3397808800847794e-05,7,0.9496310799898737,0.949578561544431,0.9496173422157815,0.9495922993185232
Germany,2021-06-28,0.8887671737336644,1.3397808800847794e-05,7,0.8887934329563858,0.8887409145109431,0.8887796951822936,0.8887546522850353
Germany,2021-06-29,0.9639618810165729,1.3397808800847794e-05,7,0.9639881402392942,0.9639356217938515,0.963974402465202,0.9639493595679437
Germany,2021-06-30,0.9159213358967314,1.3397808800847794e-05,7,0.9159475951194528,0.91589507667401,0.9159338573453606,0.9159088144481022
Germany,2021-07-01,0.927146398013282,1.3397808800847794e-05,7,0.9271726572360034,0.9271201387905607,0.9271589194619112,0.9271338765646528
Germany,2021-07-02,0.9511263809845768,1.3397808800847794e-05,7,0.9511526402072982,0.9511001217618554,0.951138902433206,0.9511138595359476
Germany,2021-07-03,1.0086082734368949,1.3397808800847794e-05,7,1.0086345326596162,1.0085820142141735,1.008620794885524,1.0085957519882658
Germany,2021-07-04,1.2423252844256525,1.3397808800847794e-05,7,1.2423515436483739,1.2422990252029311,1.2423378058742816,1.2423127629770234
Germany,2021-07-05,1.159657878655857,1.3397808800847794e-05,7,1.1596841378785783,1.1596316194331355,1.159670400104486,1.1596453572072278
Germany,2021-07-06,1.1259159718206737,1.3397808800847794e-05,7,1.125942231043395,1.1258897125979523,1.1259284932693028,1.1259034503720446
Germany,2021-07-07,1.1356146688630009,1.3397808800847794e-05,7,1.1356409280857223,1.1355884096402795,1.13562719031163,1.1356021474143718
Germany,2021-07-08,1.1184222905426007,1.3397808800847794e-05,7,1.118448549765322,1.1183960313198793,1.1184348119912297,1.1184097690939716
Germany,2021-07-09,1.1542051014239583,1.3397808800847794e-05,7,1.1542313606466796,1.154178842201237,1.1542176228725873,1.1541925799753292
Germany,2021-07-10,1.1826919726133696,1.3397808800847794e-05,7,1.182718231836091,1.1826657133906482,1.1827044940619986,1.1826794511647405
Germany,2021-07-11,1.382008570843222,1.3397808800847794e-05,7,1.3820348300659433,1.3819823116205006,1.382021092291851,1.3819960493945929
Germany,2021-07-12,1.301065614311418,1.3397808800847794e-05,7,1.3010918735341395,1.3010393550886967,1.3010781357600472,1.301053092862789
Germany,2021-07-13,1.2495984531831754,1.3397808800847794e-05,7,1.2496247124058968,1.249572193960454,1.2496109746318045,1.2495859317345464
Germany,2021-07-14,1.1338029712048747,1.3397808800847794e-05,7,1.133829230427596,1.1337767119821534,1.1338154926535038,1.1337904497562457
Germany,2021-07-15,1.1266317352331352,1.3397808800847794e-05,7,1.1266579944558566,1.1266054760104138,1.1266442566817643,1.1266192137845061
Germany,2021-07-16,1.1217250172902915,1.3397808800847794e-05,7,1.1217512765130129,1.1216987580675701,1.1217375387389206,1.1217124958416624
Germany,2021-07-17,1.1566977177831286,1.3397808800847794e-05,7,1.15672397700585,1.1566714585604072,1.1567102392317576,1.1566851963344995
Germany,2021-07-18,1.3184862163021696,1.3397808800847794e-05,7,1.318512475524891,1.3184599570794482,1.3184987377507986,1.3184736948535405
Germany,2021-07-19,1.2713873560037603,1.3397808800847794e-05,7,1.2714136152264817,1.271361096781039,1.2713998774523894,1.2713748345551312
Germany,2021-07-20,1.1780674544213567,1.3397808800847794e-05,7,1.178093713644078,1.1780411951986354,1.1780799758699858,1.1780549329727277
Germany,2021-07-21,1.0689345401809702,1.3397808800847794e-05,7,1.0689607994036916,1.0689082809582489,1.0689470616295993,1.0689220187323412
Germany,2021-07-22,1.1081065831568153,1.3397808800847794e-05,7,1.1081328423795367,1.108080323934094,1.1081191046054444,1.1080940617081863
Germany,2021-07-23,1.0855857979188208,1.3397808800847794e-05,7,1.0856120571415422,1.0855595386960994,1.0855983193674499,1.0855732764701918
Germany,2021-07-24,1.1016657274203625,1.3397808800847794e-05,7,1.1016919866430839,1.1016394681976411,1.1016782488689916,1.1016532059717334
Germany,2021-07-25,1.2684607527697893,1.3397808800847794e-05,7,1.2684870119925107,1.268434493547068,1.2684732742184184,1.2684482313211602
Germany,2021-07-26,1.2064468807427426,1.3397808800847794e-05,7,1.206473139965464,1.2064206215200213,1.2064594021913717,1.2064343592941136
Germany,2021-07-27,1.1468455858540578,1.3397808800847794e-05,7,1.1468718450767792,1.1468193266313365,1.146858107302687,1.1468330644054288
Germany,2021-07-28,1.0360292323637592,1.3397808800847794e-05,7,1.0360554915864806,1.0360029731410378,1.0360417538123883,1.0360167109151301
Germany,2021-07-29,1.0801922155780006,1.3397808800847794e-05,7,1.080218474800722,1.0801659563552792,1.0802047370266297,1.0801796941293715
Germany,2021-07-30,1.1035794080757764,1.3397808800847794e-05,7,1.1036056672984977,1.103553148853055,1.1035919295244054,1.1035668866271473
Germany,2021-07-31,1.1540122654567027,1.3397808800847794e-05,7,1.154038524679424,1.1539860062339813,1.1540247869053317,1.1539997440080736
Germany,2021-08-01,1.3034261566712981,1.3397808800847794e-05,7,1.3034524158940195,1.3033998974485768,1.3034386781199272,1.303413635222669
Germany,2021-08-02,1.2127000643839185,1.3397808800847794e-05,7,1.21272632360664,1.2126738051611972,1.2127125858325476,1.2126875429352895
Germany,2021-08-03,1.2063749043547365,1.3397808800847794e-05,7,1.2064011635774579,1.2063486451320151,1.2063874258033656,1.2063623829061074
Germany,2021-08-04,1.1594731386380341,1.3397808800847794e-05,7,1.1594993978607555,1.1594468794153128,1.1594856600866632,1.159460617189405
Germany,2021-08-05,1.2051007554266884,1.3397808800847794e-05,7,1.2051270146494097,1.205074496203967,1.2051132768753174,1.2050882339780593
Germany,2021-08-06,1.1518057318395856,1.3397808800847794e-05,7,1.151831991062307,1.1517794726168642,1.1518182532882146,1.1517932103909565
Germany,2021-08-07,1.1724989705048303,1.3397808800847794e-05,7,1.1725252297275517,1.172472711282109,1.1725114919534594,1.1724864490562013
Germany,2021-08-08,1.3662803009479731,1.3397808800847794e-05,7,1.3663065601706945,1.3662540417252518,1.3662928223966022,1.366267779499344
Germany,2021-08-09,1.3130682274918777,1.3397808800847794e-05,7,1.313094486714599,1.3130419682691563,1.3130807489405067,1.3130557060432486
Germany,2021-08-10,1.2839725750864002,1.3397808800847794e-05,7,1.2839988343091215,1.2839463158636788,1.2839850965350292,1.283960053637771
Germany,2021-08-11,1.1960254766647007,1.3397808800847794e-05,7,1.196051735887422,1.1959992174419793,1.1960379981133298,1.1960129552160716
Germany,2021-08-12,1.2383587284545152,1.3397808800847794e-05,7,1.2383849876772366,1.2383324692317939,1.2383712499031443,1.2383462070058862
Germany,2021-08-13,1.214904133472832,1.3397808800847794e-05,7,1.2149303926955535,1.2148778742501107,1.2149166549214612,1.214891612024203
Germany,2021-08-14,1.2008930985901778,1.3397808800847794e-05,7,1.2009193578128992,1.2008668393674564,1.2009056200388069,1.2008805771415487
Germany,2021-08-15,1.3752205551875711,1.3397808800847794e-05,7,1.3752468144102925,1.3751942959648498,1.3752330766362002,1.375208033738942
Germany,2021-08-16,1.2488340470661534,1.3397808800847794e-05,7,1.2488603062888748,1.248807787843432,1.2488465685147825,1.2488215256175244
Germany,2021-08-17,1.2720443102026238,1.3397808800847794e-05,7,1.2720705694253451,1.2720180509799024,1.2720568316512528,1.2720317887539947
Germany,2021-08-18,1.1489696531784996,1.3397808800847794e-05,7,1.148995912401221,1.1489433939557783,1.1489821746271287,1.1489571317298706
Germany,2021-08-19,1.1902396495629877,1.3397808800847794e-05,7,1.190265908785709,1.1902133903402663,1.1902521710116167,1.1902271281143586
Germany,2021-08-20,1.1342967334923237,1.3397808800847794e-05,7,1.134322992715045,1.1342704742696024,1.1343092549409528,1.1342842120436947
Germany,2021-08-21,1.1474204922741114,1.3397808800847794e-05,7,1.1474467514968327,1.14739423305139,1.1474330137227404,1.1474079708254823
Germany,2021-08-22,1.276711118989117,1.3397808800847794e-05,7,1.2767373782118383,1.2766848597663956,1.276723640437746,1.2766985975404879
Germany,2021-08-23,1.1528363344526669,1.3397808800847794e-05,7,1.1528625936753882,1.1528100752299455,1.152848855901296,1.1528238130040378
Germany,2021-08-24,1.127241818543967,1.3397808800847794e-05,7,1.1272680777666884,1.1272155593212456,1.127254339992596,1.127229297095338
Germany,2021-08-25,1.0629445037216791,1.3397808800847794e-05,7,1.0629707629444005,1.0629182444989578,1.0629570251703082,1.06293198227305
Germany,2021-08-26,1.06006496677915,1.3397808800847794e-05,7,1.0600912260018713,1.0600387075564286,1.060077488227779,1.060052445330521
Germany,2021-08-27,1.0384271174314486,1.3397808800847794e-05,7,1.03845337665417,1.0384008582087272,1.0384396388800776,1.0384145959828195
Germany,2021-08-28,1.0371005337055366,1.3397808800847794e-05,7,1.037126792928258,1.0370742744828152,1.0371130551541656,1.0370880122569075
Germany,2021-08-29,1.2113978286724443,1.3397808800847794e-05,7,1.2114240878951656,1.211371569449723,1.2114103501210733,1.2113853072238152
Germany,2021-08-30,1.109222748006501,1.3397808800847794e-05,7,1.1092490072292223,1.1091964887837795,1.10923526945513,1.1092102265578718
Germany,2021-08-31,1.1109711029285867,1.3397808800847794e-05,7,1.110997362151308,1.1109448437058653,1.1109836243772158,1.1109585814799576
Germany,2021-09-01,1.0074700998635329,1.3397808800847794e-05,7,1.0074963590862542,1.0074438406408115,1.007482621312162,1.0074575784149038
Germany,2021-09-02,1.031223307661213,1.3397808800847794e-05,7,1.0312495668839343,1.0311970484384916,1.031235829109842,1.0312107862125839
Germany,2021-09-03,0.9817503244276952,1.3397808800847794e-05,7,0.9817765836504165,0.9817240652049738,0.9817628458763243,0.981737802979066
Germany,2021-09-04,0.9670637800811094,1.3397808800847794e-05,7,0.9670900393038308,0.967037520858388,0.9670763015297386,0.9670512586324802
Germany,2021-09-05,1.0973861671033458,1.3397808800847794e-05,7,1.0974124263260672,1.0973599078806244,1.0973986885519749,1.0973736456547167
Germany,2021-09-06,1.0345408794782869,1.3397808800847794e-05,7,1.0345671387010082,1.0345146202555655,1.034553400926916,1.0345283580296578
Germany,2021-09-07,1.0010373561003618,1.3397808800847794e-05,7,1.0010636153230832,1.0010110968776404,1.0010498775489909,1.0010248346517328
Germany,2021-09-08,0.9315706210564576,1.3397808800847794e-05,7,0.931596880279179,0.9315443618337362,0.9315831425050868,0.9315580996078284
Germany,2021-09-09,0.9359211920888291,1.3397808800847794e-05,7,0.9359474513115504,0.9358949328661077,0.9359337135374582,0.9359086706401999
Germany,2021-09-10,0.8903527521422561,1.3397808800847794e-05,7,0.8903790113649774,0.8903264929195347,0.8903652735908852,0.8903402306936269
Germany,2021-09-11,0.8951931215060598,1.3397808800847794e-05,7,0.8952193807287812,0.8951668622833384,0.895205642954689,0.8951806000574306
Germany,2021-09-12,1.0030738737284144,1.3397808800847794e-05,7,1.0031001329511358,1.003047614505693,1.0030863951770435,1.0030613522797853
Germany,2021-09-13,0.978213840891442,1.3397808800847794e-05,7,0.9782401001141634,0.9781875816687207,0.9782263623400712,0.9782013194428129
Germany,2021-09-14,0.9386160420245134,1.3397808800847794e-05,7,0.9386423012472348,0.9385897828017921,0.9386285634731426,0.9386035205758843
Germany,2021-09-15,0.8919359910885424,1.3397808800847794e-05,7,0.8919622503112637,0.891909731865821,0.8919485125371716,0.8919234696399132
Germany,2021-09-16,0.886608174281505,1.3397808800847794e-05,7,0.8866344335042263,0.8865819150587836,0.8866206957301341,0.8865956528328758
Germany,2021-09-17,0.8700391136698268,1.3397808800847794e-05,7,0.8700653728925482,0.8700128544471054,0.870051635118456,0.8700265922211976
Germany,2021-09-18,0.9141368224805612,1.3397808800847794e-05,7,0.9141630817032825,0.9141105632578398,0.9141493439291903,0.914124301031932
Germany,2021-09-19,1.0222597269483091,1.3397808800847794e-05,7,1.0222859861710305,1.0222334677255878,1.0222722483969382,1.02224720549968
Germany,2021-09-20,0.9790030310188362,1.3397808800847794e-05,7,0.9790292902415576,0.9789767717961149,0.9790155524674654,0.9789905095702071
Germany,2021-09-21,0.9709939762710474,1.3397808800847794e-05,7,0.9710202354937688,0.9709677170483261,0.9710064977196766,0.9709814548224183
Germany,2021-09-22,0.9177049132058488,1.3397808800847794e-05,7,0.9177311724285702,0.9176786539831274,0.917717434654478,0.9176923917572196
Germany,2021-09-23,0.8819891723550528,1.3397808800847794e-05,7,0.8820154315777742,0.8819629131323314,0.882001693803682,0.8819766509064236
Germany,2021-09-24,0.8649064923851537,1.3397808851961804e-05,7,0.8649327516079753,0.8648802331623321,0.8649190138338306,0.8648939709364768
