date,consensus,RKI,SDSC,ETH,Ilmenau,epiforecasts,globalrt,rtlive,HZI
2019-12-28,NA,NA,NA,NA,NA,NA,NA,NA,NA
2019-12-29,NA,NA,NA,NA,NA,NA,NA,NA,NA
2019-12-30,NA,NA,NA,NA,NA,NA,NA,NA,NA
2019-12-31,NA,NA,NA,NA,NA,NA,NA,NA,NA
2020-01-01,NA,NA,NA,NA,NA,NA,NA,NA,NA
2020-01-02,NA,NA,NA,NA,NA,NA,NA,NA,NA
2020-01-03,NA,NA,NA,NA,NA,NA,NA,NA,NA
2020-01-04,NA,NA,NA,NA,NA,NA,NA,NA,NA
2020-01-05,NA,NA,NA,NA,NA,NA,NA,NA,NA
2020-01-06,NA,NA,NA,NA,NA,NA,NA,NA,NA
2020-01-07,NA,NA,NA,NA,NA,NA,NA,NA,NA
2020-01-08,NA,NA,NA,NA,NA,NA,NA,NA,NA
2020-01-09,NA,NA,NA,NA,NA,NA,NA,NA,NA
2020-01-10,NA,NA,NA,NA,NA,NA,NA,NA,NA
2020-01-11,NA,NA,NA,NA,NA,NA,NA,NA,0.305457
2020-01-12,NA,NA,NA,NA,NA,NA,NA,NA,0
2020-01-13,NA,NA,NA,NA,NA,NA,NA,NA,0
2020-01-14,NA,NA,NA,NA,NA,NA,NA,NA,0
2020-01-15,NA,NA,NA,NA,NA,NA,NA,NA,0
2020-01-16,NA,NA,NA,NA,NA,NA,NA,NA,0
2020-01-17,NA,NA,NA,NA,NA,NA,NA,NA,0
2020-01-18,NA,NA,NA,NA,NA,NA,NA,NA,0
2020-01-19,NA,NA,NA,NA,NA,NA,NA,NA,0
2020-01-20,NA,NA,NA,NA,NA,NA,NA,NA,0
2020-01-21,NA,NA,NA,NA,NA,NA,NA,NA,0
2020-01-22,NA,NA,NA,NA,NA,NA,NA,NA,0
2020-01-23,NA,NA,NA,NA,NA,NA,NA,NA,8.921558999999998
2020-01-24,NA,NA,NA,NA,NA,NA,NA,NA,8.9354885
2020-01-25,NA,NA,NA,NA,NA,NA,NA,NA,7.696003
2020-01-26,NA,NA,NA,NA,NA,NA,NA,NA,6.3286605
2020-01-27,NA,NA,NA,NA,NA,NA,NA,NA,5.0697434999999995
2020-01-28,NA,NA,NA,NA,NA,NA,NA,NA,5.4313835
2020-01-29,NA,NA,NA,NA,NA,NA,NA,NA,5.794380500000001
2020-01-30,NA,NA,NA,NA,NA,NA,NA,NA,5.135161500000001
2020-01-31,NA,NA,NA,0.782111153706469,NA,NA,NA,NA,5.3514870000000005
2020-02-01,NA,NA,NA,0.7012140541007923,NA,NA,NA,NA,4.91814
2020-02-02,NA,NA,NA,0.6356935853775888,NA,NA,NA,NA,4.143936500000001
2020-02-03,NA,NA,NA,0.5954814331969664,NA,NA,NA,NA,3.475792
2020-02-04,NA,NA,NA,0.5955476273487254,NA,NA,NA,NA,3.2939855
2020-02-05,NA,NA,NA,0.6547562140628402,NA,NA,NA,NA,2.8060115000000003
2020-02-06,NA,NA,NA,0.7934009584759062,NA,NA,NA,NA,2.3440325
2020-02-07,NA,NA,NA,1.0374263509504362,NA,NA,NA,NA,1.928878
2020-02-08,NA,NA,NA,1.4081441989894516,NA,NA,NA,NA,1.4697795
2020-02-09,NA,NA,NA,1.8781918716106174,NA,NA,NA,NA,1.0229055
2020-02-10,NA,NA,NA,2.3529705785846313,NA,NA,NA,NA,0.6102989999999999
2020-02-11,NA,NA,NA,2.8133710154753633,NA,NA,NA,NA,0.4737875
2020-02-12,NA,NA,NA,3.2738415519722235,NA,NA,NA,NA,0.298221
2020-02-13,NA,NA,NA,3.673745791647645,NA,NA,NA,NA,0.1123295
2020-02-14,NA,NA,NA,4.0349977136111566,NA,NA,NA,NA,0
2020-02-15,NA,NA,NA,4.3315204841657184,NA,NA,NA,NA,0
2020-02-16,NA,NA,NA,4.491700633348191,NA,NA,NA,NA,0
2020-02-17,NA,NA,NA,4.502619438387934,NA,NA,NA,NA,0
2020-02-18,NA,NA,NA,4.367660388870132,NA,NA,NA,NA,0
2020-02-19,NA,NA,NA,4.1182748290485485,NA,NA,NA,NA,0
2020-02-20,NA,NA,NA,3.815230114311505,NA,NA,NA,2.304,0.7230544999999999
2020-02-21,NA,NA,NA,3.496431839815112,NA,NA,NA,2.293,1.1975305
2020-02-22,NA,NA,NA,3.19612288869569,NA,NA,NA,2.288,1.253002
2020-02-23,NA,NA,NA,2.9412449263067346,NA,NA,NA,2.277,1.08468
2020-02-24,NA,NA,NA,2.7562727580473863,NA,NA,NA,2.263,1.1886715
2020-02-25,NA,NA,NA,2.6462783253811204,NA,NA,NA,2.241,2.0641215
2020-02-26,NA,NA,NA,2.6047637161104467,NA,NA,NA,2.214,3.7611455
2020-02-27,NA,NA,NA,2.610562121517418,NA,NA,NA,2.173,6.3770765
2020-02-28,NA,NA,NA,2.6560301106189574,NA,NA,NA,2.141,8.373433
2020-02-29,NA,NA,NA,2.7353309758792097,NA,NA,NA,2.088,8.204476499999998
2020-03-01,NA,NA,NA,2.819967205392257,4.741867043847242,2.242117968441131,NA,2.032,7.709260499999999
2020-03-02,NA,NA,NA,2.876617855548555,4.001273455934678,2.286904118015488,NA,1.967,7.108503499999999
2020-03-03,NA,NA,NA,2.8929381458558074,4.0045338324063575,2.319875990255731,NA,1.897,6.8384805
2020-03-04,NA,NA,NA,2.8589910734076636,4.017065384463802,2.3462771546642474,NA,1.822,6.926547
2020-03-05,NA,NA,NA,2.7748998105181464,4.136341033407171,2.357827261654834,NA,1.759,6.8693065
2020-03-06,NA,NA,NA,2.6486479109386307,4.45224557445731,2.3469599235238094,NA,1.687,6.5328865
2020-03-07,NA,NA,NA,2.4957820192200564,4.281520571044148,2.3165272334854077,NA,1.619,5.918533999999999
2020-03-08,1.8460726177277902,NA,NA,2.331203837480116,3.711437318470838,2.260857690822472,NA,1.55,5.1585015
2020-03-09,2.007731542945257,NA,2.708060828558308,2.162945886840384,3.512321748950171,2.1847863016359943,NA,1.482,4.793347000000001
2020-03-10,2.2677430999108625,NA,2.5511294639923614,1.996707111611807,3.4775366333394064,2.092069080095977,NA,1.421,4.7910699999999995
2020-03-11,2.2710871999214057,3.1182033096926713,2.3893253576649247,1.8383132656735357,3.425449389959254,1.9833588930754134,3.3366943022912063,1.357,4.8595975
2020-03-12,2.2724291574463256,2.842700156985871,2.227158856930348,1.6930083508792526,3.2923783026339835,1.8705226290955974,3.297467027415521,1.299,4.915363
2020-03-13,2.3829606975740747,2.500231964741359,2.071773677798456,1.5628358317082887,2.9965934494872433,1.7546681398159225,3.2094535162291207,1.24,5.0094294999999995
2020-03-14,2.1980602017291186,2.1820173516782053,1.9281313977175327,1.4464928432526405,2.6240451854326388,1.641623949033181,3.015263765606412,1.191,4.861743
2020-03-15,1.9194235132273043,1.9914535805362188,1.799407850595824,1.3422536380796317,2.2291366332091136,1.5344723889321292,2.866483967572821,1.143,4.466895
2020-03-16,1.951552016175592,1.7426551800309256,1.6868820263100692,1.2508670137239843,1.9604139139268084,1.4358958145522136,2.834457810864871,1.097,4.2324114999999995
2020-03-17,2.0334902827233727,1.5589831609222062,1.5902510433426178,1.1726611242315572,1.7779765361830642,1.348516591071337,2.7537900513596063,1.054,4.1678370000000005
2020-03-18,2.025858443114932,1.3948752961966344,1.5076929876974345,1.106714307355682,1.661648955720291,1.2707037135414425,2.5639988997625185,1.01,4.13094
2020-03-19,1.9491441337555038,1.2356890703952377,1.4371209600719397,1.051758129921434,1.5684086515725986,1.20313985827266,2.334655329389026,0.976,4.0486275
2020-03-20,1.7989541925976604,1.1317340600836607,1.3759983204491404,1.006918797687231,1.50581137204803,1.145373180926077,2.095956569421994,0.942,3.8689955
2020-03-21,1.642998510423108,1.0370756092480733,1.322867021041251,0.9713594592322066,1.4362916473405183,1.0952946937576749,1.945525311961372,0.909,3.562169
2020-03-22,1.4926878726344648,0.9787797644755406,1.276104745987081,0.9443915741757593,1.3588827045709266,1.053425098164678,1.8280185384818872,0.884,3.138025
2020-03-23,1.4263284130348906,0.919644857719023,1.233739939037459,0.9247567498386658,1.2805921550810238,1.0164061401461901,1.7175800013260176,0.858,2.7809955
2020-03-24,1.3902792415484524,0.8950522218799877,1.19388850075351,0.9107203442691677,1.2408431617816373,0.9835446506781945,1.6357937950723067,0.837,2.527475
2020-03-25,1.369643197038321,0.8962786560697787,1.1557798050455501,0.9011495163908577,1.192779969252424,0.9531026533216694,1.58665550919444,0.817,2.358015
2020-03-26,1.3363894697975105,0.8834206036359358,1.1195225737735293,0.8945562038060303,1.1571139639747468,0.9252053865908856,1.531784493247219,0.801,2.2280065
2020-03-27,1.3118093939741817,0.8977310796406274,1.0854444552526858,0.8892658567462178,1.119949423724896,0.8997049552348516,1.4802073924578771,0.782,2.1091865
2020-03-28,1.268615384774689,0.9047395588925388,1.0528161135166407,0.8840819787410351,1.0722354967409362,0.8758943878934835,1.432841559334693,0.767,1.9453545
2020-03-29,1.2175192196609104,0.9013701261284334,1.0202321634397888,0.8782837548446206,1.0299692900407809,0.8529643510877769,1.3668628719526963,0.756,1.7113055
2020-03-30,1.1696809085323376,0.9208817555192967,0.987066423274249,0.8711605279711684,0.9976649531920981,0.8317904957148647,1.2767676370440544,0.745,1.495637
2020-03-31,1.160917231113325,0.925365539233979,0.9539355133653367,0.8622028840104404,0.9622492717548161,0.8130256395897555,1.2191784670935792,0.734,1.3641645
2020-04-01,1.1352972932188063,0.9337136929460581,0.9214438265959471,0.8514600790954269,0.9283114369159099,0.7968692522256602,1.1740451694366054,0.724,1.292367
2020-04-02,1.1174310492999449,0.9450935824128991,0.8896307940924562,0.8394200373745808,0.8832575872001649,0.7842866026959154,1.1502189401473464,0.719,1.264699
2020-04-03,1.0934627079712163,0.9303561742903634,0.8584745099914042,0.8267522137332157,0.8087702696849394,0.7741545655543429,1.1267775703401584,0.712,1.2448169999999998
2020-04-04,1.057396660470171,0.9226821131356088,0.8282510179743785,0.8142281924143159,0.7817706781637911,0.765533521337717,1.0836160535710682,0.71,1.177482
2020-04-05,1.0288337752891925,0.8930859534125838,0.800634215353005,0.8029096070204403,0.7824904857442136,0.7608133785376643,1.0330056815325053,0.704,1.0391735
2020-04-06,1.011127854836455,0.8867009883131036,0.7776743894036491,0.7935520538339564,0.7473812276677056,0.7583910754180898,0.9755712912261896,0.702,0.906697
2020-04-07,0.9870019598776594,0.8717011932061098,0.7608191526394706,0.7864569901304701,0.6941452298616115,0.7570793216156244,0.9143631321032948,0.699,0.834767
2020-04-08,0.9632142489932565,0.8504450095359186,0.7507602262192811,0.7816113105089406,0.6649161600092387,0.7566826021111994,0.8523395480977831,0.695,0.8116114999999999
2020-04-09,0.9272070620118488,0.829324929507381,0.7473689303564255,0.7791083726570501,0.6510260220697506,0.757322499733083,0.8029442094406702,0.695,0.812422
2020-04-10,0.8617199722213534,0.8056450245804374,0.7498894361771664,0.7789468498590161,0.6827409239917379,0.7583121427440616,0.767741399927522,0.699,0.7852625
2020-04-11,0.8545348836679203,0.8142500445871232,0.7577088258608483,0.7805168755821663,0.699339725759582,0.7589645832962779,0.7782472283582973,0.7,0.732605
2020-04-12,0.8714497799331367,0.7852270603625491,0.7695100604265006,0.7825623049187164,0.7303521949208821,0.7578099851880098,0.7570682498563348,0.702,0.6390395
2020-04-13,0.833790230255627,0.78525,0.7823632058736273,0.784086036839621,0.7887979133207436,0.7573655023841437,0.6888054647442536,0.706,0.5227185000000001
2020-04-14,0.7768882256047973,0.7771173066806943,0.7926031158444017,0.7846145839864752,0.8259920363311714,0.7556644152565327,0.6566965654997994,0.71,0.4387865
2020-04-15,0.7554961209952111,0.7569817106560071,0.7977282960499509,0.7837500104745496,0.8263267727103484,0.7537954653731,0.6862636573348724,0.712,0.4269905
2020-04-16,0.7503093010663112,0.7818171000178497,0.7970316671773151,0.7810212559638523,0.7964144144362096,0.7522668180552111,0.731269162589691,0.716,0.480471
2020-04-17,0.7912915315743647,0.7995542820757721,0.7910715223267949,0.7762723146963363,0.7618776289359129,0.7503503184792021,0.7703070332488215,0.72,0.5638510000000001
2020-04-18,0.7986629769840109,0.8065389562038855,0.780575812808778,0.7700764122845509,0.7394767591906928,0.7516459115253864,0.7799853358681308,0.729,0.617501
2020-04-19,0.8158825524976,0.8395543981481481,0.766417900559226,0.7637086375247477,0.7244820905028203,0.7532338713723085,0.7684191268896996,0.733,0.611648
2020-04-20,0.8593819993644589,0.8374429223744292,0.7506947034493545,0.7583395317450904,0.7189884593554897,0.7564372213484021,0.7264851269135564,0.738,0.5914090000000001
2020-04-21,0.872103549488433,0.8247989169387593,0.7358700992244408,0.7550139458210144,0.7085236145075278,0.7626413514987633,0.6773757622371326,0.745,0.595488
2020-04-22,0.8479660240404867,0.8287033151489719,0.7234874104146829,0.7547040383529667,0.6803795374785867,0.7724440189088434,0.6468513502720665,0.752,0.640789
2020-04-23,0.8089670435016323,0.8080303291401,0.7142292233524252,0.7580035284729827,0.6745521075107171,0.7839808847356684,0.6375267406503654,0.758,0.6897265
2020-04-24,0.7834029998676075,0.8135223555070883,0.7085511799208911,0.7650836745464518,0.6421960187650564,0.797129924350188,0.6582233164901189,0.766,0.727576
2020-04-25,0.779145813634359,0.8251424157574587,0.7071818933600298,0.7755847161057751,0.6329056740151788,0.8111103958955567,0.6684811984816375,0.776,0.7176035000000001
2020-04-26,0.7806478495106319,0.817095402066032,0.7110675346812716,0.788279026121647,0.6543747086117708,0.8273755982949265,0.6601969925606241,0.783,0.6407544999999999
2020-04-27,0.7857434189605286,0.8168052889741949,0.7209259934957752,0.8019473420841203,0.6647925344293136,0.8444586759511689,0.6370710542014135,0.79,0.5673705
2020-04-28,0.7775156790801597,0.8079758713136729,0.7367353561114097,0.8157815593975658,0.6806218416619877,0.8610409421578634,0.5968950791024545,0.8,0.534986
2020-04-29,0.7472362760169563,0.8075122864498011,0.7578584746833655,0.8285710375533976,0.7106338436703913,0.8759551711408993,0.5641366308001209,0.809,0.537703
2020-04-30,0.7448450327056261,0.8144521566683193,0.7828879173010294,0.8390919312168355,0.733675735250205,0.889790954624655,0.5625705893216653,0.818,0.5747555
2020-05-01,0.7106845339973861,0.8231070496083551,0.8090348989076692,0.8464499232540048,0.7930634223824194,0.9015160844551615,0.5632467699786586,0.825,0.584735
2020-05-02,0.706080034657199,0.8510991289921195,0.8334910372234337,0.8505876940981085,0.8506903325577833,0.910459985240442,0.5963111321051542,0.834,0.551885
2020-05-03,0.735059235360867,0.861614258803072,0.8531162444143593,0.8519197844874046,0.8858828481646691,0.9161491470622017,0.6369265422389017,0.84,0.476264
2020-05-04,0.7424055562565449,0.88555775376655,0.8655438318357743,0.8512143802732693,0.9197907362511165,0.9193409470485212,0.6620429422120119,0.849,0.4199524999999999
2020-05-05,0.7506951045216111,0.9035685963521015,0.869918907533715,0.8492750762129994,0.9086782638565155,0.919489202067961,0.6878944502378901,0.857,0.4367385
2020-05-06,0.7726789440377834,0.8879142300194932,0.8674851266238889,0.846708385991141,0.8824492791236722,0.9167343832826722,0.7077811196700474,0.868,0.5287930000000001
2020-05-07,0.7828992352624892,0.8962327615203498,0.8603539280940153,0.8442876049724549,0.834866643007289,0.9129260672772451,0.7314454006906228,0.876,0.6681755
2020-05-08,0.8314671949407221,0.888125107406771,0.8521367015786594,0.843499721580738,0.8074860279422666,0.9064951809673422,0.7418971743865591,0.886,0.7912254999999999
2020-05-09,0.8710030015089517,0.8722134456731613,0.8442227537835945,0.8449517183629979,0.7867248670958098,0.8998432127906535,0.7461445705422833,0.892,0.842666
2020-05-10,0.8839606138191682,0.8680936699597512,0.8376338297705581,0.8490240645058394,0.8041059574393813,0.89140517732835,0.7410730126127892,0.9,0.7948205
2020-05-11,0.9016351601091526,0.8540063801838994,0.8324448062671835,0.8553409930241892,0.8052482221075231,0.88372270125877606,0.7408993257512074,0.909,0.7511445
2020-05-12,0.8829668801206876,0.8506191950464397,0.8290544849797792,0.8627549437644277,0.8148200783304005,0.8747674016927564,0.7173427630536005,0.917,0.746122
2020-05-13,0.8623531799010499,0.8490641980277722,0.8272611833536968,0.870322715931823,0.8368333983578937,0.8668703324206244,0.7002030696942738,0.93,0.78262
2020-05-14,0.8303505856716541,0.8889357218124342,0.8266309658775165,0.8767619838766602,0.7941122405212382,0.8596939056790953,0.7099228590177477,0.936,0.826726
2020-05-15,0.8259926488013464,0.9224346297517029,0.8267137600664224,0.8795829907088742,0.7856334841628959,0.8524249589274907,0.7227955602917229,0.947,0.8591395
2020-05-16,0.8250986450929926,0.9290263876251137,0.8277615673319407,0.8783199524514592,0.7907409714943304,0.8472737484960651,0.7396652995502249,0.956,0.8320115
2020-05-17,0.8581674221915294,0.9559137236311922,0.8299496186422697,0.8735118690093464,0.796956733303597,0.8427631052556108,0.7681264656647152,0.966,0.7447429999999999
2020-05-18,0.8594076044719589,0.9193930772878142,0.8344830127541506,0.8659921403424675,0.799506828528073,0.8391171568510557,0.7777381002595958,0.975,0.6804545
2020-05-19,0.8640223269247723,0.9173415912339209,0.8412212857339167,0.8568289717367139,0.8064847622884109,0.8384514675541872,0.7596628843805426,0.983,0.6814644999999999
2020-05-20,0.8794551440843997,0.9089128305582762,0.8488294937027627,0.8471766350929572,0.7909496476390819,0.8388761945627157,0.7200752946631256,0.988,0.7522825
2020-05-21,0.8250243551202177,0.848251921646417,0.8549081577663128,0.8386738148972042,0.8505382193723302,0.8408152255981366,0.6654791338240778,0.997,0.7673004999999999
2020-05-22,0.8212904738338919,0.8321299638989169,0.8571803344193214,0.8333743754426487,0.8558242043973665,0.8436504027318593,0.6895270975820762,1.005,0.776143
2020-05-23,0.8360419780627697,0.8195273954816931,0.855794763191399,0.832350792349961,0.8935276338653366,0.8496569317363638,0.726575119243623,1.011,0.73815
2020-05-24,0.8468655997837292,0.810614224137931,0.8516819277151192,0.8353995940917002,0.9136130435504491,0.8574347649064763,0.7745502430443105,1.017,0.6469165
2020-05-25,0.8486680339767303,0.8705057000876937,0.8460372392721648,0.8428358754576629,0.8516035451985577,0.8666947276160335,0.8224720770297789,1.019,0.5878165
2020-05-26,0.854080660169846,0.8893709327548807,0.8400296371493963,0.8547268724438647,0.7723185557507348,0.87966815718893,0.8306596275870503,1.024,0.6206855
2020-05-27,0.8335667862751669,0.905893536121673,0.8359817636282643,0.8701256688756416,0.7425262791680127,0.8948634544506138,0.7937887673447419,1.025,0.722329
2020-05-28,0.8971865410073028,0.936856098371552,0.8385965037645193,0.8874146217427842,0.7613312896868841,0.9128341853036102,0.7703957996242108,1.026,0.826925
2020-05-29,0.8887480152658864,0.9214237743451981,0.8503929457306718,0.9050798840640307,0.7927517673534024,0.9349935102137847,0.7499657175555281,1.026,0.8949595
2020-05-30,0.9164700407175645,0.9205574912891986,0.8706741062947796,0.9223233784797403,0.8025718428371086,0.961129656707836,0.7551636174819807,1.026,0.9105655
2020-05-31,0.923989011004102,0.8747813920951382,0.8949406615423543,0.9398010647180305,0.8330046049653902,0.9901774443024227,0.727359673179679,1.023,0.8342575
2020-06-01,0.8539588223290747,0.8886129833274211,0.918253548024013,0.9581332740123348,0.9342235259811198,1.021137995269164,0.6764433925146058,1.017,0.6993225
2020-06-02,0.7865572248177126,0.8932215743440233,0.9380660467964781,0.9786171164722307,1.0196923635373658,1.0565713696409054,0.6961963709592369,1.011,0.599919
2020-06-03,0.7858036109116887,0.9140802422407267,0.9538982378684876,1.0036855887840426,1.0611488052593874,1.0932628332132879,0.7829808874140497,1.005,0.6130705000000001
2020-06-04,0.8314491947457108,0.9544182327069173,0.9673779499133843,1.0357919042297454,0.9831130725077397,1.128892705462454,0.8731069652925143,0.999,0.7155285
2020-06-05,0.870790306175461,0.9564870259481038,0.9822408746751424,1.0768365531595074,0.9493833138690292,1.1629988144526633,0.8851001669711179,0.99,0.83172
2020-06-06,0.8686170323582673,0.9620563035495716,1.0046629138461043,1.1265228396567335,0.949011770140516,1.1921843234221903,0.8862559141079286,0.981,0.883301
2020-06-07,0.88659212327761,1.010351966873706,1.0423133478173419,1.179025383360814,0.9541248221755849,1.216122141127943,0.904884801171236,0.968,0.8418235000000001
2020-06-08,0.9744155726604447,1.0268118977796397,1.0985354214335126,1.2252977655532626,0.946020438451427,1.234301977718152,0.9286689166441136,0.962,0.8061035000000001
2020-06-09,1.022826078635616,1.0367278797996662,1.169748163965816,1.257438601372415,0.9953456595072376,1.2427518774919726,0.91548887681344715,0.955,0.834482
2020-06-10,1.0190406560875802,1.0640373197625106,1.2441753331630485,1.2693873695597375,1.156681564085246,1.2385184116936943,0.872422280431294,0.946,0.939619
2020-06-11,0.9208816814398032,1.0512295081967213,1.3067054229671582,1.259085175284795,1.3755354133366815,1.224335831901112,0.8349465327925929,0.935,0.9760495
2020-06-12,0.9083762273390432,1.0734394124847002,1.3429949869856066,1.2281953527634797,1.6508231711723864,1.1990285913828505,0.8828972686197996,0.933,1.001085
2020-06-13,0.9393503531063844,1.109098228663446,1.3469414169585578,1.1819583390487718,1.7220233375404088,1.1666588413383263,0.9884871883795254,0.932,0.9946185
2020-06-14,0.9636191981575492,1.19210840972499,1.3184941570117086,1.1278439812893195,1.6380085709750807,1.1263554961528417,1.088191851783764,0.931,0.9146215
2020-06-15,0.9595735009866431,1.4253411306042885,1.2622082575574698,1.0731149199956695,1.5606035590169416,1.0820561302488403,1.2075074375296553,0.93,0.8413085
2020-06-16,1.0114253377903937,1.475864690231851,1.1875202290145401,1.0221720102472924,1.4239769809327822,1.0367105218656634,1.400470406866019,0.933,0.8998275
2020-06-17,1.1591111859953023,1.4707803992740471,1.1070879270110876,0.9778275351755282,1.1921694628927277,0.9908940205210589,1.5785457137588197,0.932,1.1809150000000002
2020-06-18,1.307753301456622,1.4205951186894015,1.0310904572887167,0.9412944734871662,1.0447524414166776,0.9493868812699165,1.5944226374039787,0.938,1.482166
2020-06-19,1.4456167951779553,1.1920131291028446,0.9669612695362133,0.9133822313884901,0.8760387513455329,0.9117463595806654,1.5364108968494758,0.944,1.8010825
2020-06-20,1.3765725942447071,1.1254184908575844,0.9162138011135335,0.892847041034756,0.7859848222474046,0.8799124379348253,1.3492365826600496,0.948,1.895008
2020-06-21,1.2606599264410352,1.035538005923001,0.878692096125131,0.8794197245576035,0.7758556624416829,0.8540693143156988,1.171532173582539,0.955,1.756629
2020-06-22,1.2313411572710602,0.8265474229230407,0.8552199320058111,0.8718693915703901,0.7851588461117825,0.83633425930230465,1.054867196282943,0.965,1.5827045
2020-06-23,1.1754904606833885,0.7620468104635154,0.8455776374238839,0.8688230107178249,0.7929700369399603,0.8236452255808269,0.9540421688341992,0.972,1.4301485
2020-06-24,1.037740869498168,0.7308924485125858,0.8461802249957187,0.8695556527841829,0.8235822345211807,0.8170838834663428,0.8759304165180875,0.985,1.2906735
2020-06-25,0.982600980322731,0.7275977121067684,0.8529069306647817,0.8735966832185015,0.8377513799049934,0.8178284936816345,0.8949709078125945,0.997,1.1874384999999998
2020-06-26,0.8868350198896565,0.8342824601366743,0.8611226019899845,0.8797315665758727,0.8330090443090632,0.8242361155897244,0.9057888684804958,1.009,1.1178750000000002
2020-06-27,0.8550876903568757,0.8657031014754591,0.868353519068526,0.8875457261356335,0.8556476232010467,0.8364369818290656,0.9217475484024682,1.018,1.004733
2020-06-28,0.889570350488139,0.8860363180964308,0.8747868517449083,0.8955927958057359,0.8650259655546467,0.8534875339676651,0.9406165409093116,1.029,0.8437300000000001
2020-06-29,0.9132418652012074,0.9285948247625286,0.881089372874812,0.9042759013219295,0.8607824958279253,0.874124137950036,0.9247817058815831,1.043,0.735097
2020-06-30,0.9075649380341393,0.9457337883959044,0.8872347271099126,0.9149226866861605,0.8600241082055358,0.8988405153699524,0.8688496512139844,1.051,0.6840385
2020-07-01,0.9211972736469984,0.9405217391304348,0.8952240172421589,0.9284405698665774,0.8708987244589768,0.9256900692765907,0.8291754078979373,1.061,0.6866095
2020-07-02,0.9111870615751443,0.9250883392226148,0.9056756424435131,0.945658916127764,0.8766011596777874,0.954429756301886,0.8234885356124793,1.072,0.723462
2020-07-03,0.8852228556493643,0.9044091710758377,0.9204788198623944,0.9667996875105772,0.8981659517822809,0.9835972682378027,0.8320044357316674,1.083,0.76386
2020-07-04,0.9010390819444015,0.9177192349332371,0.9398833681704428,0.991471854449717,0.9158211420481361,1.0132629381118183,0.8697728523809303,1.091,0.7618275
2020-07-05,0.9052767296923655,0.9201183431952663,0.9630321814694389,1.0189068880545817,0.9325801513550809,1.044386251864085,0.8937890949928229,1.101,0.6833215
2020-07-06,0.896310134783836,0.9278074866310161,0.9891266463443578,1.0477144609499325,0.9495015237936085,1.0738009984166852,0.8897472406661172,1.11,0.636579
2020-07-07,0.8965425606074315,0.9286271450858035,1.0180513707780656,1.0769013542188757,0.9952701887904816,1.1009161844767115,0.8729326524307484,1.116,0.644385
2020-07-08,0.9095929852887604,0.9500589854502556,1.048518004012919,1.1058130858566115,1.041328369888232,1.124630663045032,0.8705187606026922,1.119,0.716799
2020-07-09,0.9119848927328872,1.005225080385852,1.0787963702903984,1.133662736612148,1.1011870856023152,1.1451595542945827,0.8831806066633932,1.119,0.8156384999999999
2020-07-10,0.9298181741932533,1.065459036640593,1.1060545691343702,1.1595420201995832,1.1380508536407412,1.161660044181119,0.9146974784335572,1.124,0.921057
2020-07-11,0.9401423477461983,1.115497690046199,1.1293902175939337,1.1824601614567534,1.1920260190257341,1.175070819979718,0.9518957422802166,1.124,0.95395
2020-07-12,0.9482832265637132,1.1705298013245033,1.1495992366688452,1.2014157335303406,1.1922174692976404,1.1840107913635853,0.9962004529806792,1.127,0.8794795
2020-07-13,0.9578556437845903,1.1875249900039984,1.1663249177875694,1.2153050913121242,1.2131696961540632,1.1908080199923856,1.0375245873488763,1.124,0.8368895000000001
2020-07-14,0.9978876653777433,1.2252704791344669,1.179702830018643,1.2230165331619371,1.1962538864032761,1.1922263227455918,1.0897914005254992,1.117,0.883327
2020-07-15,1.029583196583079,1.228539156626506,1.188508537221197,1.2243159093276819,1.2148596829738905,1.189676033567511,1.115616302050353,1.114,1.010053
2020-07-16,1.069409161766057,1.1902404526166903,1.1931400887948946,1.2195056115067902,1.223596499852522,1.1838308259568509,1.1401816913204723,1.115,1.1699875
2020-07-17,1.081929961097781,1.1673400673400673,1.195500049617898,1.2092153331909978,1.275798726288703,1.1778239577262903,1.1487202390847937,1.108,1.304766
2020-07-18,1.1155871644956823,1.1431725007883948,1.1964395386046838,1.1951639220404768,1.2669041493502209,1.169610424959916,1.1774492587176786,1.104,1.364772
2020-07-19,1.0988593975459189,1.1562978853815506,1.19535978406684,1.1792198179352622,1.2295428744685202,1.1589105753826106,1.1786415930729588,1.102,1.2716595
2020-07-20,1.115867680597211,1.1743909685086156,1.1918836420014214,1.1633534296165335,1.2016005091298079,1.1492778387871336,1.1858359078659126,1.091,1.210187
2020-07-21,1.1006036296822055,1.1915200461494087,1.186294394243757,1.1493212566101103,1.2199772616534028,1.1412848646655633,1.19261498654479,1.082,1.195477
2020-07-22,1.1268265212974526,1.1966896551724138,1.1800599452361378,1.1384780496250886,1.2329923993619218,1.13350975512691,1.2373947018884972,1.077,1.266845
2020-07-23,1.1377414182765622,1.1916247018287836,1.1747558910984746,1.1316441471301857,1.2304194570667857,1.1282194703469912,1.2715919575189036,1.071,1.3658015
2020-07-24,1.1860285213920043,1.1705034151277511,1.1710884358678786,1.1287989010397397,1.217454278933408,1.1235004666702888,1.292720014721982,1.065,1.4890855
2020-07-25,1.1627280930069293,1.1418542725732268,1.1689043112015594,1.1294517911057416,1.1783981364944904,1.1216397231256194,1.2621859748425377,1.06,1.5120170000000002
2020-07-26,1.1239674745702786,1.1180267404333795,1.1676067407409214,1.1338111683743954,1.1588807785888078,1.1214597812498992,1.2184609640482231,1.051,1.374457
2020-07-27,1.1094609517020702,1.0934163701067616,1.1672753623777496,1.141556693409838,1.1843219453040061,1.122985744601024,1.20257796206162,1.046,1.2591815
2020-07-28,1.1438177750890832,1.0633239680138318,1.167577911852669,1.1521222883431066,1.1938530981754554,1.1249616554721609,1.2362619314398369,1.041,1.229101
2020-07-29,1.1588783753539598,1.0614797540809837,1.168457906418714,1.1647355875583665,1.2037650442924657,1.1285076910556713,1.24814783427805,1.038,1.284818
2020-07-30,1.1517538696696124,1.0496907216494846,1.1690585376365,1.1781292542973454,1.2351186920220418,1.1334587077196785,1.2420675206602765,1.034,1.357013
2020-07-31,1.136716438812426,1.0775020341741253,1.1696454633129003,1.1910378359523264,1.215858602462973,1.1383856840522566,1.2450652516351637,1.027,1.430988
2020-08-01,1.1033699273575124,1.1339430894308944,1.170916544774029,1.2019476079701032,1.2053994157348642,1.142948769880595,1.2323073641433155,1.024,1.40242
2020-08-02,1.0973887723149884,1.1651687637307768,1.1734998716618785,1.2088896842856105,1.166515041176585,1.147571355583699,1.242057524216969,1.017,1.259474
2020-08-03,1.1339930991210474,1.1907287369868396,1.1765768368283913,1.2112051858900632,1.179593249458931,1.1506471620441563,1.253023342629812,1.015,1.1816615
2020-08-04,1.1398428327322154,1.1912403247121013,1.179464841319539,1.2093633285690173,1.1850300524783457,1.1522301038443565,1.2591640361977996,1.015,1.1782855
2020-08-05,1.14160041240645,1.17422477146442,1.1820808684065043,1.2037622936286505,1.2246298196745347,1.152208493802895,1.2514447038211312,1.01,1.24554
2020-08-06,1.1646617852405072,1.170380527939664,1.184628580392973,1.1953502725019816,1.2425429208980374,1.1495338643765063,1.2468856553810643,1.009,1.343557
2020-08-07,1.1350506235631894,1.1558891454965359,1.1862592106851872,1.1851298881805399,1.262186245533548,1.1447779922067416,1.2187461999978129,1.009,1.4029355
2020-08-08,1.1244156022645604,1.1345483359746433,1.1857988673814521,1.1732649905857298,1.2255105628176037,1.1373462011829476,1.22564924363884,1.009,1.371535
2020-08-09,1.093692404590899,1.1419630590749503,1.18263718860276,1.1594953874199623,1.2043711479642807,1.1257446213622866,1.2380465565518906,1.002,1.219677
2020-08-10,1.1207909191135308,1.1420620972466315,1.1767699365244546,1.1433435970250183,1.2251624632333016,1.1120700881683796,1.2781045930077888,1.004,1.1598645
2020-08-11,1.1303719236347685,1.1601255886970172,1.1684282701960436,1.1245676915923926,1.2266041618592125,1.096083407243761,1.3017351228165954,1.005,1.1702659999999998
2020-08-12,1.166417454320607,1.1845229780695627,1.1574190849480674,1.1037632383421452,1.2087640880796338,1.0783396379355314,1.3150097119974915,1.009,1.271766
2020-08-13,1.1687075417320574,1.1693623847079266,1.1434942397411385,1.0815555310395357,1.1821499107936067,1.0581402941068092,1.283429027946044,1.01,1.3881505
2020-08-14,1.1732053730733727,1.147345473198256,1.1262408454926864,1.0584194549693766,1.177282570492398,1.0369712333735643,1.2404163456480164,1.01,1.46751
2020-08-15,1.1285149887395296,1.1161274449501783,1.1061959304345912,1.034918544327806,1.1592092598534023,1.0167773256017658,1.2176579191336423,1.015,1.4157035
2020-08-16,1.1165558463383214,1.0715801886792453,1.083892511726917,1.0119279186063055,1.1327459747055564,0.9974832059087648,1.2451444260109998,1.02,1.2608755
2020-08-17,1.14904818199322,1.0557841792409695,1.0605478025371864,0.9907532876972689,1.0870806769639474,0.9791642578278551,1.2820480653308204,1.023,1.2135455
2020-08-18,1.1523432008215413,1.0295070973510674,1.0371178038143127,0.972375006298438,1.0536109991941982,0.9648320062079394,1.2552247548354667,1.024,1.2233195
2020-08-19,1.1332176640215705,0.9914030640361512,1.0145788020816728,0.9578721729404629,1.015567050195543,0.9535553526565572,1.2092842919263131,1.028,1.286049
2020-08-20,1.1120623081064849,0.9718278859909761,0.9937061609192577,0.9478514148522075,0.9902331244300433,0.9449340841259819,1.1675768977087322,1.034,1.3440029999999998
2020-08-21,1.1167539000835538,0.9465136422693807,0.975453820596746,0.9424685627376342,0.9505910918521279,0.9408847213740916,1.1477466733056754,1.038,1.386806
2020-08-22,1.105024304643471,0.948214091846705,0.9604741278343547,0.9423472781508534,0.936605811952703,0.9404155894455841,1.1200896716126962,1.044,1.322308
2020-08-23,1.0852170023455228,0.9724291272929405,0.9498185687016151,0.9478283745941288,0.9368938456176614,0.9430545523096716,1.1009179880966458,1.053,1.1639165
2020-08-24,1.0500261909467847,0.9759936587022987,0.9443437942106251,0.9583623920011459,0.9182438840059444,0.9510155836182232,1.0701936638497385,1.058,1.069151
2020-08-25,1.0332017926190922,0.975177304964539,0.9446110567023879,0.9730046245050264,0.9112240571875284,0.9624399661326601,1.0353278929413627,1.064,1.026448
2020-08-26,1.011679468653459,0.9848866498740554,0.9507633529847164,0.9901216978601574,0.900914554611159,0.9763692913568389,0.995439221016036,1.07,1.0329945
2020-08-27,1.001535041873508,0.9810220647078999,0.9620679721715982,1.008618541840276,0.9135165479787307,0.9932954040564834,0.9704801712523026,1.075,1.0578795
2020-08-28,0.971728959606781,0.9778396565726882,0.9774770521814303,1.0278991889853792,0.9430377148370345,1.0118485902485526,0.9590304413552856,1.081,1.069452
2020-08-29,0.9693624342600105,0.9726686217008798,0.9955913923216044,1.0466636709089931,0.992600422832981,1.0294939475355498,0.97215654640857,1.088,1.0108985
2020-08-30,0.9766507358486289,0.9564054870960241,1.014865385922946,1.0641781357437108,1.0132932195302975,1.0476077421884438,0.9859068972874208,1.092,0.8835135
2020-08-31,0.9565249645704778,0.976576156625102,1.0333512721147002,1.0804911993429394,1.0509179366139767,1.0655341675188565,0.9676101605258736,1.102,0.8070055
2020-09-01,0.9493973547571914,1.0097294731846227,1.049379379767599,1.0954518252725518,1.0621477886537045,1.0804267050048106,0.960880816544762,1.107,0.787452
2020-09-02,0.9391898980734105,1.0311143270622287,1.0622551888019824,1.1086489187989446,1.101187085602315,1.092564518486471,0.961151431524962,1.114,0.81996
2020-09-03,0.9534643280884457,1.0562781086665856,1.0730738478672772,1.119082021334011,1.1011993444576877,1.1030253019496659,1.0014919807898388,1.119,0.8959035
2020-09-04,0.9800118047960967,1.060381861575179,1.0838152567314523,1.1261855973838526,1.1057044998228416,1.1123204028779838,1.0468608072049057,1.125,0.9859965
2020-09-05,1.0185152805884041,1.0769682726204466,1.095627797084338,1.130032243484671,1.101566584690459,1.1169891965651855,1.086434465715384,1.134,1.0228015
2020-09-06,1.017116640397261,1.0985964912280701,1.1086022986989346,1.1301029652493473,1.1008741982926469,1.1181154840808234,1.0936118837650106,1.143,0.9592135
2020-09-07,1.0374670611062806,1.0922899884925201,1.1220445625981421,1.1263372164104102,1.0891064478693884,1.1152624968296587,1.089185345951467,1.152,0.9492945
2020-09-08,1.0334062404977196,1.0984695025883413,1.134505496062174,1.1197361161658075,1.1375635522307108,1.1100531793894626,1.0609626753671149,1.157,0.9688765
2020-09-09,1.0638331636348117,1.1055100927441353,1.144391807638863,1.111319449341966,1.165697765238268,1.101956801328659,1.0636687152926187,1.165,1.0493645
2020-09-10,1.0537979606447974,1.1177472585968273,1.1494013788391197,1.102239113417221,1.2255469106579913,1.091936241867185,1.0621410409920415,1.174,1.132246
2020-09-11,1.0565290071913709,1.146228402865571,1.1472833831370735,1.093496761889894,1.252483850643551,1.082961450607093,1.1009585266518689,1.185,1.2088245
2020-09-12,1.0545270188242546,1.1427107878291158,1.1380076845429354,1.0859661839254113,1.2322092130410658,1.072648842966767,1.146125182576958,1.197,1.2165765
2020-09-13,1.0589760672316006,1.153474141334386,1.1229544901064332,1.0805638295116244,1.1835283773951009,1.062759483040973,1.1812794920838674,1.206,1.13008
2020-09-14,1.0511022176337208,1.1496332984093722,1.1047133654655652,1.077169276391155,1.1537067850649854,1.0548861674453949,1.201316497491256,1.215,1.0840635
2020-09-15,1.1034236406021893,1.135845588235294,1.0868043351395502,1.0752760018758496,1.0931894247670413,1.047538291260023,1.23340469147702,1.225,1.1226875
2020-09-16,1.1195134379835348,1.116370808678501,1.07200028818267,1.0749871381590579,1.0603930811809912,1.0438535685755488,1.2212376016630488,1.234,1.219163
2020-09-17,1.1610776123455968,1.0709335158723368,1.0620878484215641,1.0765376334135246,1.0363828373843875,1.042566352092244,1.2063018816157072,1.249,1.3420985
2020-09-18,1.1627033088982615,1.0338856669428336,1.057912224812125,1.080144044857404,1.0283286592811067,1.044903584547241,1.1689846733941418,1.257,1.432378
2020-09-19,1.1279530669562703,1.0141608674542806,1.0590325698708358,1.0861418326327574,1.0485009394131404,1.0500017286275924,1.129589172184844,1.269,1.411048
2020-09-20,1.0854628080205486,1.0118856408609058,1.0647755143280837,1.0953776298133002,1.0568116699675276,1.0591329540300243,1.1060875031473731,1.28,1.2627445
2020-09-21,1.0783434643949574,1.0218120805369129,1.0742642980291075,1.1090026666612443,1.0657545614360744,1.0716241331745193,1.0904097138735915,1.29,1.150386
2020-09-22,1.041944495765732,1.0403077169645003,1.0861479162840653,1.1273438815081402,1.085573178839396,1.087652308095215,1.0716132961203086,1.298,1.0826165
2020-09-23,1.035290420871574,1.0636719061677171,1.099849793202051,1.1508245047919572,1.1140137683972344,1.1060317958907615,1.0818632939018054,1.31,1.082635
2020-09-24,1.0313155388731408,1.093968253968254,1.1158772043754321,1.179699363551514,1.1396391488185569,1.1251669397067994,1.108352154408351,1.314,1.135344
2020-09-25,1.0353822497432692,1.1112674955039488,1.1354438118275356,1.2128163885471142,1.1675538201091797,1.1469050261388714,1.1344884292633115,1.319,1.199478
2020-09-26,1.05825755191823,1.1158527191495917,1.1583517257759637,1.2483963463303362,1.174247606019152,1.1697185719393421,1.1588143368317247,1.319,1.20977
2020-09-27,1.0577857922886695,1.122121371239967,1.1845609719972856,1.283665200835871,1.1668020174923903,1.1920460144843354,1.1556455203884513,1.325,1.1122055
2020-09-28,1.0553165825449895,1.1296430644225188,1.2138286112224228,1.3155545878987658,1.1773396054174694,1.2144680201645228,1.1442557053707256,1.33,1.0422634999999998
2020-09-29,1.0663469537020158,1.1451590205460174,1.2458324109076202,1.3427773998729726,1.241902949031195,1.2344445379757132,1.1359353986131504,1.333,1.0237765
2020-09-30,1.08574660314201,1.1882507248377745,1.278881592962979,1.3644377192016708,1.3228760734992473,1.2528817944615582,1.1561445910734125,1.326,1.0811575
2020-10-01,1.0993529618795688,1.2318336787218398,1.309780392183567,1.3803068059365926,1.3935771535877743,1.2687467068612028,1.1921221978348688,1.327,1.1836755
2020-10-02,1.1145585682112251,1.275255282255475,1.3352210369545354,1.3904386397700634,1.4711891588942119,1.281634188219225,1.2270435348073212,1.329,1.2917055
2020-10-03,1.1098804802816211,1.3132411674347158,1.354474749911491,1.395067046158351,1.4785580247983345,1.2917092716024943,1.2627752161966783,1.324,1.325365
2020-10-04,1.0979727106757795,1.3633300412478941,1.367580691664739,1.3958884770665207,1.4525517336205513,1.299222165652877,1.294800781526655,1.322,1.2365905
2020-10-05,1.1107860437828097,1.3835133228414827,1.375349142098019,1.395289228493786,1.4488946239012184,1.3062505487486336,1.3474246214702053,1.317,1.179137
2020-10-06,1.1729589976098278,1.3910459787480485,1.3790098096397096,1.3952291675047537,1.4346599156902138,1.3122973259347748,1.4179551099555394,1.308,1.2207935
2020-10-07,1.2305876462714458,1.3845973892294017,1.3796411199565928,1.3974844908900992,1.4608179892522748,1.316930489579589,1.4525748614247904,1.301,1.360913
2020-10-08,1.26117867158019,1.346529168619764,1.3788559494302062,1.402998072265943,1.4969994245471736,1.321604962629754,1.4630656313203576,1.291,1.53008
2020-10-09,1.2951751728457535,1.3160743704401034,1.3786317441797913,1.4122186739245133,1.5110533673690194,1.3253988378770196,1.4690349062496957,1.281,1.6892895
2020-10-10,1.2692695450845113,1.2899500398233292,1.3811161398764287,1.4243125244879449,1.4879936076467017,1.328792086278675,1.4526149684923344,1.267,1.7245155
2020-10-11,1.2375324136361037,1.2966242016693137,1.3874542532884202,1.4369164301581765,1.4331334106850535,1.330464226445684,1.4532975426022168,1.259,1.6200855
2020-10-12,1.2466120857567649,1.3111807335675179,1.3971755305112794,1.4477749129682551,1.404938519124629,1.3339069283980938,1.4687641689622075,1.245,1.53758
2020-10-13,1.2478898742078035,1.3399201239866476,1.4083953861891096,1.4555754542153383,1.4300079352184143,1.3352905446035725,1.4859612953731642,1.237,1.51906
2020-10-14,1.2821629456480252,1.3659453846369733,1.4192257977935836,1.4584944877576387,1.4799232361346137,1.3357104150215546,1.5170165528960426,1.223,1.599409
2020-10-15,1.312144038038773,1.3773422636887231,1.4282138097217962,1.4550345432956227,1.5437718277410122,1.3323466599635647,1.5233769703553448,1.214,1.7217315000000002
2020-10-16,1.3107939058115639,1.3732863487159683,1.4340586887675268,1.4444826171470293,1.5923089926372453,1.325742210427593,1.507478600248943,1.2,1.8237955
2020-10-17,1.2792335517016018,1.375892519518651,1.4350608809718626,1.4265507550557528,1.603471387339601,1.316998687045659,1.4858792606838838,1.185,1.8073925
2020-10-18,1.2354180198876226,1.4009451407437847,1.4297162008620496,1.40151786710289,1.559697371301367,1.3040812091758855,1.4878081175854796,1.17,1.6642195
2020-10-19,1.2303617492355592,1.4219299905392622,1.4170956321310881,1.3704500176538537,1.5391351252745582,1.2886774889087365,1.5207758387413812,1.163,1.547855
2020-10-20,1.2715753851573741,1.4430384196281065,1.3976505169146936,1.3350679932755185,1.526700150641821,1.2692896215240648,1.5818131994456173,1.148,1.5278915
2020-10-21,1.316222279280095,1.4298693740300052,1.3728674284595417,1.2974132063915276,1.5160863386151193,1.2476593705708583,1.6277166391207738,1.136,1.617606
2020-10-22,1.3532386589950234,1.3894755367828229,1.3445313441712805,1.2594201338160569,1.4864570544558875,1.2231782844423393,1.6402476997325035,1.125,1.7610925000000002
2020-10-23,1.364751746275639,1.3369439380430876,1.3139102944335939,1.2225958316883188,1.449108422755208,1.1965449175304164,1.61556762826701,1.114,1.8831165
2020-10-24,1.3474410619290775,1.2869583221689036,1.2821116253792082,1.1879506522863073,1.3808629534427577,1.1682326565633891,1.5791197150630023,1.102,1.89628
2020-10-25,1.3000428265054984,1.2554892250638807,1.2501021145606486,1.155937456161536,1.3210429498877208,1.1406805106004123,1.538394958441608,1.092,1.7784695
2020-10-26,1.2958045425646159,1.2100485539370909,1.2191520144997223,1.1269556875176197,1.274329102937924,1.1135722742418916,1.51475339872726,1.086,1.674237
2020-10-27,1.3022311803517925,1.1678710062705284,1.1903529918635942,1.1011375341587364,1.2390984255066837,1.0892080334323742,1.490649993718132,1.081,1.6384495
2020-10-28,1.3048777559794589,1.1272677373257498,1.164291866835657,1.0785125435566936,1.197708292140322,1.0673822744742476,1.4603302823799038,1.069,1.672184
2020-10-29,1.2858201840801737,1.0852462559549003,1.1408905988687088,1.0588749278309766,1.1693656489147803,1.0474722006567665,1.4166564095654697,1.064,1.7232555
2020-10-30,1.2626386765783448,1.0557833217027215,1.1199885772447138,1.0417223296759386,1.1465572218010232,1.0295470251064351,1.3802786108103875,1.058,1.749902
2020-10-31,1.2154698066700127,1.040055907820277,1.1013534698003749,1.0267826026039488,1.1284804434410733,1.0149468334312786,1.3483952360357725,1.052,1.6858529999999998
2020-11-01,1.1847531474318262,1.0393653192293162,1.085013326489603,1.0141667129990726,1.0962858327776748,1.0032878201431428,1.325381500483429,1.049,1.5353845000000002
2020-11-02,1.1675132386519598,1.0323544299595881,1.0708900408562183,1.0037507768784553,1.0768439416898863,0.9928686554320207,1.2835095542119226,1.041,1.40379
2020-11-03,1.1563404752400628,1.0272896269674061,1.0585310213735084,0.9952330411472736,1.0583338810372005,0.985515857570338,1.2355484340044516,1.036,1.3302685
2020-11-04,1.1326189256644077,1.0166426300435938,1.047325893191405,0.9886842229881092,1.0526348228561153,0.979839930525761,1.189635364671747,1.035,1.3081505
2020-11-05,1.1198170465349997,0.9930373816677975,1.0371108709044645,0.9843144641177092,1.0493632092099314,0.9763998447828093,1.1741668189251344,1.032,1.31872
2020-11-06,1.108295044826516,0.9836586071635265,1.0282068983983226,0.9823099712752237,1.0374551082699262,0.9731847563268585,1.1740873611475542,1.027,1.332029
2020-11-07,1.0976994714125012,0.972043944731297,1.0209669030865869,0.9825214860016871,1.0277218728320041,0.9719154305780615,1.1725945654947307,1.027,1.2881365
2020-11-08,1.070721731680145,0.9585546519219454,1.0154385774574004,0.9845904984206223,1.009842039720884,0.9717960625673489,1.1555199321899643,1.025,1.166134
2020-11-09,1.0597609768085665,0.9625107774397683,1.0112709119463688,0.9880361722450894,0.9945547558760574,0.971290042371331,1.124552499138296,1.027,1.0619845
2020-11-10,1.048987225861279,0.9661613891726252,1.0081639246110643,0.9922580327155096,0.99661043854243625,0.9706191046767276,1.085103461534522,1.025,1.0101055
2020-11-11,1.0498123718750008,0.9874071254819546,1.0061212845274192,0.9964966427286314,1.0029129538503934,0.9704330161178566,1.0643595852353367,1.02,1.0198225
2020-11-12,1.0486590064470103,1.0222072734916965,1.0049834901721109,1.000080611226494,1.0052861872901373,0.9692215788428411,1.0585859912446465,1.025,1.0654775
2020-11-13,1.0358750307719151,1.038019825407959,1.0040558799191799,1.002504056497497,1.0133620934868035,0.9696066277420345,1.058363222345745,1.027,1.1078025
2020-11-14,1.0266273729469886,1.0502224402456146,1.002544075091637,1.003434472602419,1.0063716825453548,0.9697438989159021,1.0627639785589,1.027,1.095704
2020-11-15,1.010821332249042,1.052329478800067,0.9997579573436489,1.0024477645369665,1.0055456166030468,0.9703097302894537,1.0525534920094053,1.031,0.9979705
2020-11-16,1.0001696551108585,1.0412862148956123,0.9957649116038398,0.9993162269275873,1.008225964435241,0.9711175001012677,1.040697201915798,1.031,0.9095045
2020-11-17,1.0078733849565462,1.0360085319786374,0.9912296465466275,0.9945582807723009,0.999402895822727,0.9728892267020465,1.0378844055725742,1.033,0.8834235
2020-11-18,1.0152631876446614,1.0217198724350096,0.9866453156601033,0.98924011686165,0.9852086369321962,0.9755409791862093,1.0350305846159558,1.036,0.9264315
2020-11-19,1.0142202687654445,0.9977783971015647,0.9823474192267136,0.9845731465975475,0.9773508729237258,0.9793395509481913,1.03165008783033,1.039,1.0078295000000002
2020-11-20,1.0182936750309042,0.9751629339969191,0.9788487205179904,0.9817575664172405,0.9610561580716088,0.9853009871451864,1.033315958478587,1.04,1.086186
2020-11-21,1.0064920109142284,0.9544929472319359,0.9768347739088333,0.981692603346104,0.9635867772754788,0.9924503011727474,1.0238690450437953,1.043,1.088167
2020-11-22,1.004642268075138,0.941829761407436,0.9772133887974019,0.9852456847546887,0.967662188456664,1.002300599095539,1.01477426538335,1.046,0.9977925
2020-11-23,1.0077872970260746,0.937584792428136,0.9804610539233348,0.9932049987866997,0.959148551492547,1.012971783593505,1.0029885724434378,1.052,0.917723
2020-11-24,0.9987997994095953,0.9380108715904765,0.9864105328798891,1.0056923347000182,0.9637425954754059,1.0242208565132587,0.9799928184116706,1.052,0.8895120000000001
2020-11-25,0.9865855650951184,0.9430036883356385,0.9947787779739619,1.0222814899460666,0.9805629972232853,1.0363763148015694,0.9683683176011688,1.054,0.9194905
2020-11-26,0.9840549778404523,0.9554687042321888,1.0052928582925682,1.0420989272929226,1.0009154898198571,1.052832815606478,0.9769837679021108,1.058,0.9878765
2020-11-27,0.9722873648563323,0.9806528492999106,1.0177773394400194,1.064059455971023,1.0235297288802983,1.0692238277617054,0.9876848054112012,1.058,1.046735
2020-11-28,0.9802774534830331,1.0022541001304097,1.0319437548594308,1.0869815798941211,1.0337533196460946,1.0835480599778635,1.0015161119413771,1.059,1.0474905
2020-11-29,0.9855717306549822,1.0327393684357566,1.0474694494847716,1.1093365266313993,1.0456149028685247,1.0972988626295188,0.9999802011800104,1.056,0.9630115
2020-11-30,0.9744823911053018,1.0651408450704225,1.0636953328056682,1.1292582150081014,1.0677035402210813,1.110616116579493,0.991814421518196,1.057,0.8787935
2020-12-01,0.9787734911342845,1.087681838697358,1.0796066140303773,1.1450372278198224,1.09027338646379,1.1205254895071022,1.001560334655506,1.056,0.857191
2020-12-02,0.9947255147880346,1.1216630762602326,1.0939629895610645,1.1556395236696329,1.1151513793926326,1.1285871890059407,1.027920393617506,1.053,0.9119545
2020-12-03,1.0092049977087725,1.1437641071594626,1.10553934559646,1.1607338237450657,1.1356606460171828,1.132223178671665,1.0584186073508752,1.054,1.0175465
2020-12-04,1.0222916287850536,1.1532256074996916,1.1134367250842465,1.1602484653036422,1.157042455216559,1.1312585201807295,1.0759464230343962,1.049,1.116468
2020-12-05,1.0219278427553493,1.1625756100675104,1.1178277359498772,1.154298635347556,1.1715519318727428,1.1257237330049068,1.0821477969833433,1.047,1.1390685
2020-12-06,1.0268593497622336,1.1604222203443215,1.1195355145783372,1.1434161284252393,1.1619244686046866,1.1149494558551392,1.0909573197283855,1.043,1.068346
2020-12-07,1.0443168303390427,1.1542901912089698,1.1190482120637637,1.1284538526423489,1.1514129277207596,1.0984928915685512,1.10222279576486,1.037,1.006111
2020-12-08,1.0603985825121411,1.1461800653175316,1.1162256085027777,1.1104438753577877,1.1485522543341267,1.0784484799398282,1.1172449414618586,1.034,1.009373
2020-12-09,1.076401740872702,1.1293046050780098,1.1108032274040787,1.0897163804418974,1.1434114041260746,1.0554258628963786,1.1440615858480483,1.028,1.089417
2020-12-10,1.0870613024500517,1.108486537659466,1.1029930085321928,1.0661468137129868,1.1346262765238297,1.0300502513260366,1.1752509211704876,1.018,1.2086195000000002
2020-12-11,1.0996708045890053,1.0886010296339932,1.0933300916975452,1.0400886558890983,1.1227979693036916,1.002781266880196,1.186930404426825,1.013,1.3107449999999998
2020-12-12,1.1061907429558715,1.0668354713882218,1.0809804690347828,1.0129080192215851,1.1044105718699744,0.9761721669801684,1.171131907098523,1.005,1.332583
2020-12-13,1.0920728965135356,1.0540890442182038,1.064009637407471,0.9854639653662741,1.0889323583818475,0.9496935585584374,1.1417687556963636,0.997,1.2456235
2020-12-14,1.0849013055624226,1.0397639723360288,1.0412546843615678,0.9584804361317534,1.0738526931270105,0.9259634325963008,1.1211317726005283,0.988,1.153949
2020-12-15,1.089489964815779,1.0255162961960838,1.0133654050557657,0.9336873702010791,1.0678262133885734,0.9045547117161741,1.1095146558794942,0.983,1.1251365
2020-12-16,1.0905562757176646,1.0113423644602026,0.9824647468943597,0.9123198321991496,1.0670177664949239,0.8864364090798378,1.1152021280362898,0.974,1.163096
2020-12-17,1.0862478229743504,0.9922502075837254,0.9513875503752823,0.8950422001439311,0.9901436618667536,0.8733467791037877,1.145432623770576,0.962,1.232176
2020-12-18,1.078843718213284,0.974703611800386,0.922566709207835,0.8822242100952179,0.8825811902544846,0.8649262996565357,1.1514109785932476,0.953,1.287551
2020-12-19,1.0657833699477945,0.9601771180461952,0.8973227729971772,0.8733784402356612,0.8184763422421698,0.8624542481678847,1.1211111144227273,0.943,1.270835
2020-12-20,1.0575031488158306,0.9365435401842861,0.8766946552893495,0.8686473309829951,0.7978144638853643,0.865154621396492,1.078519383044346,0.934,1.1648115000000001
2020-12-21,1.049813235099427,0.909199209669921,0.8621611236798995,0.8687133219468628,0.7853694356841636,0.8724491030247403,1.03056285146746,0.927,1.0602845
2020-12-22,1.0502757716245459,0.8813556325578106,0.8554362109676794,0.872902066919697,0.8002793577539996,0.8847794753848558,0.9677551497910666,0.923,1.022075
2020-12-23,1.0529215664964464,0.850099161310363,0.8573810741122965,0.8808974580048086,0.8144201388237622,0.9011541875588546,0.900955231623978,0.913,1.056348
2020-12-24,0.9774364898110552,0.825761447103515,0.8665966057134529,0.8930918822881774,0.8400636179987799,0.9202205072330755,0.8142074440656586,0.905,1.046506
2020-12-25,0.8879969255962716,0.8296634815122559,0.8796921696211645,0.909202703448079,0.8577342305929843,0.9418554408386932,0.781084456592213,0.901,0.9642155
2020-12-26,0.8580429468558707,0.855261134401808,0.8960469732029932,0.9280353461128619,0.8818244194333503,0.9646768701306689,0.8252625038904406,0.892,0.8399655
2020-12-27,0.8703650200542602,0.8939638816667838,0.9165351742455368,0.9475395214663482,0.9054563954405024,0.9856395227661796,0.8950974956358426,0.885,0.694244
2020-12-28,0.8740407470621852,0.9336718336427554,0.9416471163209448,0.9649236615165758,0.9186934830721851,1.004370418877886,0.944320874958426,0.881,0.592508
2020-12-29,0.8943489066833201,0.9474904664689342,0.9699761316632163,0.9775463600727972,0.9373488355835085,1.0197694510676336,0.9599162997159912,0.876,0.619892
2020-12-30,0.8999593357683942,0.946533554318594,0.9984596845375492,0.984109057039894,0.9267767784448815,1.0298152532307245,0.9252660601753128,0.874,0.7583085
2020-12-31,0.9115477336030567,0.9524052821883352,1.0236334922742192,0.9841670231586487,0.9901265784075536,1.034525222720588,0.8404838345291261,0.871,0.8644324999999999
2021-01-01,0.9109490497217114,0.9660610900379317,1.0434182315185354,0.9782932269320624,1.1158139100962186,1.0333921039583287,0.7924136032623502,0.868,0.868493
2021-01-02,0.9198852575475007,0.979372138971778,1.05499456140514,0.9678106139536631,1.1780627737526475,1.0269629400175326,0.8442946370907075,0.863,0.8093035
2021-01-03,0.9305180694286935,0.9865948642554492,1.056426590143192,0.9541115954978938,1.1739699066192768,1.0136879517668538,0.9389073065284996,0.861,0.7118885
2021-01-04,0.9345867253948433,0.9907233937193084,1.046836337243781,0.939020180143037,1.1497431632050406,0.9967963049073256,1.0241761532124614,0.865,0.6499269999999999
2021-01-05,0.9489809443523664,0.9982475718123579,1.0270890945810371,0.9244362557894056,1.0829025297587112,0.977986746541921,1.0924581801551758,0.862,0.738646
2021-01-06,0.9339482836658517,1.0112492943247102,0.9997086517628025,0.9113667977447824,1.0238305579168963,0.9573602261060703,1.1029830784895949,0.86,0.9194585
2021-01-07,0.9994974910552314,1.0229384679782336,0.9689312445980035,0.9005819036622201,0.9569725095811251,0.9359683690664008,1.1127822045747129,0.859,1.1114355
2021-01-08,1.1108059787866895,0.9949933772627686,0.9391632622780641,0.8925385654784739,0.8959685483941254,0.9166092492637736,1.0954153582869104,0.855,1.2614615
2021-01-09,1.1248922578554659,0.9589443786590264,0.9132536738005819,0.887493162088499,0.8677763219607454,0.8990555552967525,1.0352827447383972,0.856,1.2947215
2021-01-10,1.0810738314950767,0.9119098245585229,0.8924425496115098,0.8860687234763135,0.8590777532447481,0.8841032952660424,0.980806901281066,0.857,1.1910094999999998
2021-01-11,1.0507943729229854,0.8766593010884688,0.8771966194477222,0.8876919688412251,0.8422746705550943,0.8719378599795504,0.9493933308586614,0.859,1.0679145
2021-01-12,1.0030189489409413,0.8758037508372405,0.8672374227819593,0.8911474948013122,0.8330642952866321,0.8623512730636365,0.9155072399593048,0.858,1.0177930000000002
2021-01-13,0.9772601996052155,0.8843400544017961,0.8619081613442873,0.8955428290550586,0.8225822024041857,0.8573934630455438,0.9007997603452128,0.86,1.027781
2021-01-14,0.9454787138001252,0.903922504208792,0.8599413543478117,0.8998467117390873,0.8194239498602204,0.8538802387070439,0.8947135148656624,0.864,1.0414585
2021-01-15,0.916133160518983,0.9244018334749204,0.8596273984032894,0.9033189182760201,0.8199530347260376,0.852943743627234,0.8907547788032046,0.866,1.0389615
2021-01-16,0.9150271554868188,0.9282832724700304,0.860015274102824,0.9056998287206813,0.8319051214958555,0.8531250131410693,0.8780721810180268,0.87,0.9889855
2021-01-17,0.9230998673554892,0.9352120377693802,0.860602169075892,0.9065831222774697,0.8467378286340944,0.855145749044145,0.8604936268693443,0.869,0.861863
2021-01-18,0.9076904269282411,0.940162342512823,0.8611234351888566,0.9061108099712912,0.8534227008021098,0.8585872863743882,0.8387350578894426,0.875,0.7251725
2021-01-19,0.8957137913967345,0.9400632189131598,0.8617105449828539,0.904613917360565,0.852600985869377,0.862078091949264,0.8265720261799101,0.878,0.6798109999999999
2021-01-20,0.8821968037855737,0.9399097874443895,0.8625939600044291,0.9020297093206929,0.8431338536894099,0.865452149949592,0.8265353516455229,0.88,0.711033
2021-01-21,0.8782487199814881,0.9329477113264283,0.8638595148366589,0.8986331235765623,0.8325401287964802,0.8684519506065456,0.8351787571159766,0.887,0.7666219999999999
2021-01-22,0.8778537997455569,0.9284299289172325,0.865446921004527,0.8946096951749847,0.8295510281255617,0.8707635831331992,0.8422629610731538,0.892,0.816827
2021-01-23,0.8888385771645844,0.9191178050405002,0.8671901881142745,0.8901835999956399,0.8362152494048537,0.8730912825439376,0.841230140867137,0.896,0.8277975
2021-01-24,0.8989361938157298,0.9064852249942478,0.8689253882586084,0.8856739368790341,0.8529789565386309,0.8748316374417204,0.8266236919151382,0.902,0.7496754999999999
2021-01-25,0.8978637628058375,0.8973968708731562,0.8705313636003317,0.8811001802027624,0.8701740955787495,0.8751763410749596,0.8115425674430928,0.908,0.64685
2021-01-26,0.890416806802275,0.8815851028628153,0.8718484792429968,0.8766444292980539,0.8593505880585651,0.8766869491039367,0.8078673158000647,0.915,0.636396
2021-01-27,0.87762685837896115,0.8814591441962668,0.8725924424503128,0.8727572066615802,0.8543851608206845,0.8782571238291124,0.8030525019284407,0.922,0.6978265
2021-01-28,0.8682353667999513,0.8859960838349409,0.8723477570107143,0.8693776573093714,0.8560819262914232,0.8799298951663173,0.8095594343658081,0.927,0.7739320000000001
2021-01-29,0.869890975351207,0.8895193674706308,0.8708266575563288,0.8665682579901569,0.8469800917510728,0.8831447031027141,0.8286303827679788,0.934,0.8442810000000001
2021-01-30,0.88059052223017,0.8987743162962867,0.8680268302033881,0.8643936728142657,0.8501052014285131,0.8873929109928809,0.8364890665595481,0.942,0.8723565
2021-01-31,0.89769213309772,0.8926075714380428,0.8643150183710608,0.8631543434988124,0.8582727834842347,0.8933074861800248,0.8316131341966859,0.953,0.8016175
2021-02-01,0.9095750304519371,0.8933180540776514,0.860156306143104,0.8636933132057838,0.8591284276216105,0.8998298933898274,0.818939927701417,0.962,0.7041835000000001
2021-02-02,0.8894031543641554,0.895775793177899,0.8563873713352965,0.8664184676341499,0.8392221048316796,0.9079820828945238,0.805719047229041,0.968,0.6897645
2021-02-03,0.8822549629709087,0.8913049739350826,0.8541856856421955,0.8713925870113602,0.818419434270411,0.918021728433756,0.8045434325249698,0.976,0.7496885
2021-02-04,0.8862210255062654,0.8921950205003268,0.8548027867637122,0.8785221995601544,0.8109710443884179,0.9300680135397185,0.8078341307050351,0.983,0.827386
2021-02-05,0.8786845940259617,0.8934669069362573,0.8591288269595929,0.8874799960902527,0.8150783407555808,0.9439930100816145,0.8142176654683272,0.992,0.8872755
2021-02-06,0.885412181100706,0.8905826929397587,0.8676825298774682,0.898514817013381,0.7986025062565903,0.9589925536455113,0.8216048200612545,0.993,0.906654
2021-02-07,0.8957442865984995,0.8837851811161017,0.880582467524854,0.9119122542287765,0.8380962879888052,0.9729622686354438,0.8038769418188968,1.002,0.8232535000000001
2021-02-08,0.8947361263838068,0.881499858472502,0.8977730441841493,0.9275962390964704,0.8731936179951613,0.9866720278675369,0.7796443241010205,1.011,0.7049829999999999
2021-02-09,0.871856227115773,0.883618774142823,0.918211496168965,0.9451539399816142,0.9089507502597661,1.0008969165347592,0.7599096465905573,1.021,0.659246
2021-02-10,0.8540306746786975,0.8898808477733647,0.940145296729287,0.9635522910271025,0.9348179560641505,1.0142519953802442,0.7728973961850794,1.025,0.6914965
2021-02-11,0.8540044738141278,0.9144256960567448,0.961797127227648,0.9817396760805867,0.9576733318245748,1.0254322278356298,0.8023027701080172,1.034,0.757582
2021-02-12,0.8643633178969015,0.9389142835555891,0.9818485571209215,0.998904874688959,0.9799401715222732,1.034862653000632,0.8288136399326692,1.038,0.827422
2021-02-13,0.8478873988507534,0.965201075497611,0.9993658897085594,1.014065046513959,1.0332610347386648,1.0416808646689417,0.8477734790011051,1.048,0.8405670000000001
2021-02-14,0.8927249641028828,0.9935026463385733,1.0141668774692334,1.0264271059866998,1.0261743047846252,1.0463365460989626,0.8938679414917841,1.052,0.7858499999999999
2021-02-15,0.9201277645941751,1.0149540183926429,1.0258085837004007,1.0354690307835457,1.0268984054981778,1.049061887412842,0.9081924796353332,1.06,0.7098435
2021-02-16,0.9395633452837873,1.0342600788605456,1.0341228960548217,1.0409844876490353,1.041175801660279,1.050207267915805,0.9110915579540164,1.065,0.7295105
2021-02-17,0.9463766972725233,1.0509038438414364,1.0394728980989918,1.043422352595813,1.0599602942307222,1.0482559264112514,0.920692280252274,1.073,0.8262084999999999
2021-02-18,0.9549752328573707,1.057129226548989,1.0427345517504079,1.0433949473650947,1.0664117171637526,1.045274907297255,0.9473754904770106,1.081,0.946395
2021-02-19,0.9676072440237513,1.0664394894421683,1.0444596750174633,1.0413457285948842,1.0714297353864393,1.0417268028547912,0.976297155648024,1.083,1.0529035
2021-02-20,1.0148203685065598,1.0628464725447861,1.0448046695465045,1.0380283274525575,1.0585521609903603,1.0376862060608856,1.0025213174905008,1.091,1.114784
2021-02-21,0.9953188096548802,1.0498493458941989,1.0433237885851911,1.0342838626627762,1.0540193506088493,1.0349485302490173,1.000964700319507,1.097,1.0448225
2021-02-22,0.9939389686023055,1.0418570542110903,1.0404371594179598,1.0311544466287312,1.0477105989702098,1.0332122022145773,1.0130358407220086,1.102,0.9394755
2021-02-23,1.012099417300341,1.023678912469293,1.037383814474876,1.0300797919651887,1.0506837923038197,1.0321632346988532,1.0305071472946226,1.107,0.944692
2021-02-24,1.0326378096447595,1.0131766772812123,1.0352489865700896,1.0318784220679502,1.0420572840474815,1.0339022451790143,1.0392366561982684,1.113,1.0378345
2021-02-25,1.034871313131417,1.010880621957422,1.0342605132855966,1.037102782596152,1.0374638181240352,1.0367304393257326,1.037344536352237,1.12,1.1374355
2021-02-26,1.0373574685317997,1.000758026964102,1.0346771115968614,1.0460733847792512,1.0337383375072569,1.0437795211352707,1.0390028466901633,1.125,1.214842
2021-02-27,1.024201232332482,1.0044025043754399,1.0372830354625546,1.058475350766084,1.0381715619482372,1.0526166509946964,1.03943969655095,1.126,1.2300405
2021-02-28,1.0249168677673675,1.0158592536396807,1.0433372915536105,1.0738815980471055,1.0308134101238926,1.0634328619678866,1.0451216613817378,1.13,1.125363
2021-03-01,1.024537708871789,1.0180050672943883,1.0536064847088291,1.0914342860032162,1.0268906148785104,1.0764073671176635,1.0491986411001406,1.135,0.988428
2021-03-02,1.0323692274001859,1.0380710202167758,1.0677907569243368,1.1097196898320465,1.0312841646766766,1.0902213344832463,1.0491936194141438,1.138,0.9713985
2021-03-03,1.0249055272119127,1.051754181112688,1.0847720227558386,1.1275645029484584,1.0724286771984797,1.1062066178336802,1.0353279572018566,1.137,1.0310175
2021-03-04,1.0233252196295302,1.0601706970128022,1.1035591129552842,1.143948850053707,1.1194841619563785,1.1205339528786304,1.03630380405469,1.138,1.103444
2021-03-05,1.022400812751016,1.0827846715972675,1.123154375387101,1.1583590554354648,1.1609821761467356,1.1342766378595295,1.0501041896802428,1.14,1.1606565
2021-03-06,1.0286932660911414,1.0950138985406532,1.1423496888661848,1.1702111776294402,1.1842057685585834,1.147010507623194,1.067602117890471,1.139,1.173947
2021-03-07,1.0203654773103115,1.1151533784245407,1.159582805733091,1.1789388657748257,1.1854612153291335,1.1590683066073275,1.08011539329718,1.137,1.069013
2021-03-08,1.017508767732239,1.1383838722662016,1.1733065727086247,1.1845908784624828,1.1872701347933048,1.1677616164456717,1.1034686192995309,1.136,0.935988
2021-03-09,1.023711821898045,1.1511500904748708,1.182472956019092,1.1875044695581543,1.2201378722951213,1.1748199497535101,1.1406044380132796,1.132,0.9260975
2021-03-10,1.0644466331935918,1.1656221739199417,1.1871891598888542,1.188451846267336,1.2491728350967486,1.178531971138503,1.1856646183703714,1.135,1.0353665
2021-03-11,1.0982400995857753,1.1718180425792617,1.1885017208681037,1.188077148899891,1.2595848977992987,1.1789485596825968,1.2082379282442175,1.131,1.1759780000000002
2021-03-12,1.1171050091554213,1.1703867403314918,1.187577030050076,1.1865810900438398,1.2593849180428651,1.174927098626518,1.214489041815055,1.124,1.298098
2021-03-13,1.1175879959662256,1.1681512426538272,1.1852086864719142,1.1843581637695773,1.2479140427121584,1.1681080188847712,1.2102840194209092,1.119,1.34972
2021-03-14,1.1057676834917263,1.1723607557031632,1.182076914866743,1.1814650418550676,1.212620693932887,1.156797267903095,1.2127427018346075,1.115,1.2621380000000002
2021-03-15,1.1058322274826977,1.169982224081142,1.1786335495661828,1.176987513962403,1.1901246011212188,1.1416849193791956,1.235045726935739,1.109,1.1399975
2021-03-16,1.1403823350432412,1.1681017119838872,1.1750055114369709,1.1700588832914174,1.1886277263466751,1.1242857655030525,1.271342696265603,1.106,1.1506145
2021-03-17,1.1630663668432042,1.1580331923044285,1.171004900256253,1.1603431379945361,1.1962940688745491,1.1047976749290322,1.2760677816229298,1.096,1.2659060000000002
2021-03-18,1.1629487829579068,1.141168684910195,1.1660913853310686,1.147783496081873,1.2161134913582232,1.082787505021762,1.257547060792143,1.091,1.3864465
2021-03-19,1.1567196797536163,1.133109157329103,1.1595354747192848,1.1324056208328586,1.224751968185681,1.0607017150530051,1.2431052355172367,1.085,1.468464
2021-03-20,1.1461376499275675,1.1274759143910167,1.1500533006326878,1.1141454660887267,1.2128500540610212,1.0391612794230327,1.23014601361626,1.078,1.4770355
2021-03-21,1.1186110811978922,1.1308139230567915,1.1357824074899652,1.0930157088849068,1.1893668824987695,1.0178764459932168,1.2203072546362477,1.076,1.349108
2021-03-22,1.1111678536337033,1.1358937837012921,1.1157261565690748,1.0695581288957587,1.1693590749557956,1.0000570818716068,1.238219425150044,1.07,1.195219
2021-03-23,1.1237904725189622,1.1289288953740584,1.0908850114232953,1.045119584602231,1.1387286846408835,0.985373263253182,1.2657295449736723,1.064,1.1722235
2021-03-24,1.1373673911118278,1.1178899477170412,1.0627673467681196,1.0220678590957668,1.1152709384259714,0.9736582177975871,1.266814452790788,1.056,1.2551735000000002
2021-03-25,1.1544732055648852,1.096870053045241,1.032380077012305,1.0027292147477014,1.079800046148809,0.9677225725594423,1.2560020823966886,1.045,1.3634735
2021-03-26,1.1539857864443361,1.0627692638404973,1.0013776123257654,0.988985759058034,1.013992620177332,0.9654374119454567,1.2328861419101638,1.044,1.4395635
2021-03-27,1.1345361303148611,1.0307060827038121,0.9729817315061783,0.9821988303666966,0.9512989676509265,0.9690891542526665,1.1960928230950874,1.034,1.4368035
2021-03-28,1.112577430321154,1.0038048171550227,0.9514531533197775,0.983302003765323,0.9363125118337963,0.9774268923802748,1.159536837748074,1.027,1.307172
2021-03-29,1.1023394494210912,0.9781069333670929,0.9408553098359554,0.9924237999638251,0.9004074311957175,0.9912300420314002,1.1355792276441676,1.018,1.1538165
2021-03-30,1.0840834558110028,0.9594033121233829,0.9430783190650025,1.008407691454778,0.8301795285211881,1.007681888693365,1.0984536466203556,1.015,1.0931925
2021-03-31,1.0747288944951696,0.9633963447183128,0.9582272745649217,1.0284834341863671,0.8376625656993691,1.0266446995597058,1.0456991151759785,1.005,1.1239615
2021-04-01,1.0522347742884557,0.9574368409396774,0.9857749960075455,1.049689200735827,0.8925263083117637,1.0476436927658739,0.993732828019467,0.995,1.1729805
2021-04-02,1.0004575544884942,0.9632413215866633,1.023331534476153,1.068605482401283,0.9888721540104296,1.06793467094713,0.944351910084293,0.99,1.16814
2021-04-03,0.9586202877144496,0.9795059646163847,1.0662395267344877,1.0822369908984446,1.0868345312054677,1.084590345689516,0.9315160177552646,0.981,1.0900675
2021-04-04,0.9684661032185085,0.9662799799474059,1.108358382396866,1.0891390047697838,1.1259155272057217,1.099594089649698,0.9491293765706772,0.976,0.9467685
2021-04-05,0.9440963469312709,0.9963613718250968,1.1421589280735405,1.0898633948623748,1.1813738459248302,1.1102440456360365,0.9342944795130812,0.971,0.779649
2021-04-06,0.8793228763832723,1.0346857055835745,1.161678659443279,1.0859094560121079,1.3141735084272126,1.1159217117635687,0.9478721602264338,0.961,0.6597945000000001
2021-04-07,0.906414942147849,1.0575669252499889,1.1656939002662585,1.0789133887996794,1.3288351027926277,1.1167509642508353,1.1039541070670904,0.957,0.7091665
2021-04-08,0.9720691014183152,1.106738147032321,1.15683947433308,1.070346521610116,1.2751902876808188,1.1112810429019513,1.2206701635361925,0.948,0.881408
2021-04-09,1.053832311173394,1.1236829886781672,1.1391527010320606,1.0621161183017809,1.2135512048018766,1.1010584088829933,1.2506958753662458,0.946,1.076994
2021-04-10,1.1056562460289274,1.117763174982468,1.1166371904102597,1.055713069601156,1.1492609922994694,1.0866736954058398,1.2278854919108086,0.936,1.200109
2021-04-11,1.0869151271956008,1.1428123197991926,1.0921307327446328,1.051370936984807,1.0980494518242274,1.0699929031508875,1.195112204081179,0.931,1.1737915
2021-04-12,1.1048836243601965,1.120466470385052,1.068786264669147,1.0478664020670543,1.0604549883300785,1.0505586801892792,1.195343546117021,0.919,1.098634
2021-04-13,1.2077875040386932,1.0868508041446825,1.0495204641867193,1.0438796644385697,1.0416835337207788,1.030513691792049,1.2075537451059668,0.914,1.140165
2021-04-14,1.1837189903531862,1.0581929437279733,1.0350517798511418,1.0387557484237728,1.0297398045611863,1.01089730999302,1.1628449388744857,0.907,1.2508385
2021-04-15,1.120485080888599,1.0210737209216043,1.0240810442836248,1.0317965909000062,1.0211935697144798,0.9924024090532835,1.1227992910519349,0.898,1.3440884999999998
2021-04-16,1.0847817256670729,1.0126392742326156,1.014835990043144,1.022387490728677,1.013990980462112,0.9745095803884904,1.1029483128042403,0.889,1.3920105
2021-04-17,1.0610990030558536,1.0210487066633522,1.0054287251234142,1.0103305696881704,1.0138969959425377,0.9580486848465182,1.0856248152762502,0.881,1.360397
2021-04-18,1.0471124045444107,1.032389582631864,0.9950264805578934,0.9956441090364521,1.0112731707948872,0.9431105976718166,1.080681428088088,0.871,1.2186225
2021-04-19,1.0385927676261457,1.0344100868427746,0.9833917694641717,0.9790803808856312,1.0076397205608474,0.929770409899985,1.0880106958818496,0.864,1.0563715
2021-04-20,1.0385978529438349,1.0360093937548926,0.9705226968849608,0.9617436665194277,0.986138010880334,0.9184478491710821,1.099888737224214,0.854,1.022544
2021-04-21,1.0354888472274433,1.0227271099909063,0.9565986079377123,0.9442112527304134,0.9539766782811997,0.9077295464703161,1.0813372195862565,0.848,1.075549
2021-04-22,1.029887459639567,1.0020206603659876,0.9419544762273552,0.9273127951205619,0.9251657435752478,0.8978031662643791,1.0538447010706944,0.84,1.1375505
2021-04-23,1.0219216187069473,0.9779541941829423,0.927257900271296,0.9116989513229901,0.901772447342476,0.8892053833444915,1.031448863166751,0.831,1.1737445
2021-04-24,1.0196457241570154,0.9518862116251084,0.9136713784343661,0.8975836414197411,0.8878022935151876,0.8808136088898311,1.012389060625944,0.826,1.1519225
2021-04-25,1.0149976437521866,0.925254321540842,0.9021091892539014,0.8853298322789304,0.8845909177524007,0.8737255598073763,0.9951679525917289,0.817,1.0317225
2021-04-26,1.0108411941527673,0.9051780255858711,0.8927309452352871,0.8750076837629729,0.8783551961285829,0.8657571266681161,0.9774947439200546,0.807,0.8941115
2021-04-27,0.9897285202638797,0.8911725406244163,0.8850950314233995,0.866362456687702,0.8655536998239023,0.8586332254349566,0.9517087845828868,0.799,0.8596485
2021-04-28,0.9629298288540762,0.8816434530153247,0.8787895419067713,0.8590571175919455,0.8539344021518102,0.8527239836386624,0.9226503630271315,0.794,0.891024
2021-04-29,0.9448358049759733,0.8811774053195112,0.8737530809123868,0.852212215736245,0.8426663456785357,0.8472777084907225,0.908156468309532,0.787,0.9313255
2021-04-30,0.9333862323249061,0.8845904304798831,0.8679205967075012,0.8450839735660162,0.8359417190876812,0.8416380062966176,0.9000325046753179,0.78,0.955698
2021-05-01,0.9292487439111737,0.8848798497416427,0.8619577743921418,0.8377175083795029,0.8346495902173915,0.8354214005463404,0.8903634625644542,0.775,0.9384705
2021-05-02,0.9320241331537141,0.8810690943043884,0.8544627436784297,0.830137743208434,0.8481130452907858,0.8292457320956896,0.8794851743615573,0.769,0.8343305000000001
2021-05-03,0.9260571014549681,0.8773228454642256,0.8447098054758028,0.8226222730226865,0.8596882225884062,0.8224303495901566,0.8693851935015801,0.763,0.7093425
2021-05-04,0.9111955579959801,0.8727145798538392,0.8329546353801821,0.8155789098620907,0.8487412139413796,0.8154065355635498,0.8587854695306918,0.757,0.6889915
2021-05-05,0.8994406575776731,0.873701854753489,0.8202050079856463,0.8090787502892597,0.8345879541007528,0.8087646629994866,0.8464818975184873,0.754,0.738621
2021-05-06,0.8896092245427212,0.8716386276327991,0.8074119178154127,0.8034841879190259,0.7877604752544493,0.8019265672021332,0.8433694019994018,0.751,0.7990755
2021-05-07,0.885226936603439,0.8657479004756964,0.7973062017189342,0.7988726323423427,0.734771290073266,0.7944983080528245,0.8389487815120533,0.746,0.846716
2021-05-08,0.8860110661531472,0.8630099535232232,0.7884436527147418,0.7946264181172414,0.7246194709336168,0.7870489618507289,0.8237898880634289,0.743,0.8511789999999999
2021-05-09,0.900473333623554,0.8470513408683321,0.7821064162746386,0.7903714732183399,0.7429200581593665,0.7803975284459911,0.8122503138062558,0.74,0.7668635
2021-05-10,0.9075239228001091,0.834965262700825,0.7794219535687147,0.785648267778426,0.7553368340173499,0.7750417316620096,0.7994003815225541,0.738,0.6614395
2021-05-11,0.8883795874499525,0.8192312040700961,0.7804167637435556,0.7798644154512708,0.7443287495267563,0.7701282548905337,0.7742177952163913,0.739,0.6538904999999999
2021-05-12,0.8717151729731983,0.7982752551918338,0.7833277327221511,0.773011216041255,0.7220750293862512,0.7651660953326624,0.7300583253293556,0.737,0.712366
2021-05-13,0.8262531851539358,0.794802988712318,0.7846671910965768,0.7649471793043042,0.7465261046496579,0.7620528508086386,0.6761044108058949,0.738,0.7355735
2021-05-14,0.7836421972903723,0.8041265259955537,0.7819411107710897,0.7560267589255694,0.7867571879209002,0.7600133906711237,0.6713004120184369,0.735,0.71535
2021-05-15,0.793255802394072,0.8144105104815004,0.7752100218406534,0.7469896214332757,0.7900415911741622,0.7603327796280208,0.7156900041155982,0.74,0.6868989999999999
2021-05-16,0.8264110210958636,0.8132339756309067,0.7653633125402528,0.7390381103555614,0.7960922357921332,0.7615426200286342,0.7449941528285129,0.736,0.6054945
2021-05-17,0.8369584615676245,0.8119995663553717,0.7530099206883037,0.7336601691156802,0.7769768628468315,0.7645962005746525,0.7569470590861294,0.735,0.5161789999999999
2021-05-18,0.813899860219451,0.8035601687927438,0.7388150585181908,0.7311611006054209,0.6670102057613784,0.768519217445534,0.7568754519684184,0.738,0.535064
2021-05-19,0.7834559752356434,0.8081778591157881,0.7244510933498053,0.7310436257047858,0.6249038263074418,0.7733480182138901,0.7186359442936969,0.735,0.617888
2021-05-20,0.811359499907964,0.8133381529007772,0.7141524321769476,0.7325475274786213,0.6279730962375926,0.7786440246475624,0.6946257082815612,0.739,0.694929
2021-05-21,0.849649815988089,0.8027846652679763,0.7119378509021522,0.7347952919292158,0.6213514844134633,0.7828381128843116,0.6812946329145337,0.739,0.7496579999999999
2021-05-22,0.8379525465767659,0.7849942657089395,0.7180161110543858,0.7376071982615097,0.6238312953408457,0.7873657621803698,0.6472549806759614,0.737,0.7568225
2021-05-23,0.8346185192579751,0.7380118675696643,0.7299686450237165,0.7403754501616565,0.6654590321585611,0.7888167726724494,0.5999002894789079,0.737,0.6696599999999999
2021-05-24,0.8116989777699137,0.7269676903248744,0.7436867767442081,0.7426405700313808,0.7402169279746678,0.7903503945112009,0.5432814288312924,0.74,0.533222
2021-05-25,0.701433871199607,0.7311712995961036,0.7553201889726362,0.7450285476356797,0.8423552420199764,0.7902678438240439,0.5226491873115428,0.743,0.414531
2021-05-26,0.6829319189502036,0.7469434832756632,0.7632387146793742,0.7472320536322645,0.8314654818799376,0.7890980160415659,0.6170543161992803,0.741,0.4051525
2021-05-27,0.713632706882362,0.790698335132678,0.7664418636295154,0.7485884954818589,0.7633792571448245,0.7840723138474661,0.6915157587019317,0.745,0.4746625
2021-05-28,0.7165319071896886,0.8108818584747058,0.7633182666886151,0.7489556717563814,0.7048368018925227,0.776680245201396,0.6997588704793687,0.748,0.5596540000000001
2021-05-29,0.7193264570887967,0.825442729488221,0.7538482620986661,0.7482235005957215,0.6835152253501449,0.7678598432659491,0.6813808680209967,0.747,0.6129705
2021-05-30,0.7614997608284215,0.8386178024843868,0.7402803066574667,0.7468486594827974,0.6941608819926501,0.7575011392771123,0.6657663517432372,0.752,0.583843
2021-05-31,0.824637659873691,0.8205957385649096,0.7268557161378376,0.7453168743308618,0.7035807833669733,0.7466045248387694,0.6533397747343832,0.756,0.53294299999999994
2021-06-01,0.8964147857881549,0.8105775030156815,0.7170180086674721,0.7435282833083123,0.6879053451079951,0.7349672659968921,0.6325864039091795,0.756,0.5627285
2021-06-02,0.8362556547370781,0.7897492422154864,0.710368477477839,0.7412329251776653,0.6676715621371683,0.7243108364223464,0.5885687913406524,0.761,0.628297
2021-06-03,0.7509879604230096,0.7671754163427309,0.70469875129832,0.7376296754034026,0.686428046360406,0.7128853266704656,0.5566789668839144,0.765,0.6627689999999999
2021-06-04,0.7102195664014156,0.7796654698309835,0.6993461285043844,0.7311734001711143,0.7165612545891425,0.7031353123764474,0.5666694328551878,0.769,0.6555545
2021-06-05,0.7217804566505036,0.7950983583685998,0.6945933086828019,0.7215281072509814,0.719659917726353,0.6950298682409957,0.606848381640017,0.773,0.6297955
2021-06-06,0.7590052756332002,0.8038081945967501,0.6901424832365161,0.7099640422683314,0.7356095050184438,0.6887781492859584,0.6332113874096768,0.782,0.5498894999999999
2021-06-07,0.7774657040977634,0.8058029761587284,0.6855093316953675,0.6979814599222306,0.7359633799294427,0.6850000247030403,0.643320417161552,0.785,0.4731530000000001
2021-06-08,0.7561550037477005,0.7825452094799505,0.6807877026693254,0.6868286539322082,0.6694628790133277,0.683266163341121,0.6391914255047028,0.791,0.4992875
2021-06-09,0.7310509414898316,0.7659238462888226,0.6776863309079982,0.6768434974880262,0.6188413231712817,0.6850159544150557,0.6076421314337822,0.797,0.5676005
2021-06-10,0.7523271262142401,0.7536276820042168,0.6776914830826559,0.6686945307773894,0.5827945180918658,0.6906398914655403,0.5879690040580556,0.802,0.6318545
2021-06-11,0.7787915991429778,0.7407333862854117,0.6808871190335017,0.6635841563879505,0.5650818176666782,0.6988594248118096,0.5747732654357961,0.803,0.668184
2021-06-12,0.7681529762850832,0.7325965264819865,0.6866235853535156,0.6620927839637016,0.5673398615269912,0.7103739458389733,0.5637829285588601,0.81,0.6549805
2021-06-13,0.7782530772664658,0.6991981672394043,0.6940817909010497,0.6644998733089799,0.5984793291720699,0.7255198847599205,0.5518687602106972,0.817,0.5644830000000001
2021-06-14,0.7756098760449055,0.6833703612276804,0.7027751850301621,0.6714398319995313,0.6269962655588822,0.7443461518371584,0.5259398050134614,0.823,0.46433
2021-06-15,0.7054314737378073,0.6893932624430346,0.7125891915545643,0.6828845995509537,0.626652357144727,0.7642747098991268,0.4917222870329788,0.826,0.428887
2021-06-16,0.665959735398051,0.6969043887147336,0.7231631474497191,0.6982666604508506,0.6290105730159008,0.7885564972815002,0.4787117085647477,0.829,0.432138
2021-06-17,0.6469538205169217,0.7283748361730014,0.7340910764370778,0.7162591667252635,0.6470801794704936,0.8151879458613227,0.4861577477800544,0.827,0.445386
2021-06-18,0.6447525156602998,0.7485851896447923,0.7451621067980354,0.7358056974512063,0.667920445637952,0.8435085099535865,0.5088504131028134,0.829,0.461227
2021-06-19,0.6581141213372246,0.7596889176928062,0.7568912544854391,0.7568433697485135,0.6864104882750277,0.8728787837486975,0.5307007286964062,0.836,0.456624
2021-06-20,0.6950628604212133,0.7700309249367444,0.7691429032027619,0.7802794423717095,0.7297364581244339,0.903056524924289,0.5407617528632465,0.836,0.393053
2021-06-21,0.7131124888720981,0.7864747338431549,0.781994849491272,0.8072564611477507,0.7667784862150935,0.9350100855554213,0.5305513123606562,0.838,0.3370455
2021-06-22,0.6912688949926504,0.795078011902847,0.7959887642917685,0.8378268239770642,0.7903398954896358,0.9675192772400729,0.5147585538785117,0.841,0.3577245
2021-06-23,0.6800021870922437,0.8085650912813513,0.8113369410379406,0.8706277951063544,0.8290716588541776,0.9988316790940632,0.520297045390034,0.839,0.4194865
2021-06-24,0.6925122310081775,0.8347937203358891,0.8283633315746329,0.9038706620943301,0.850673975399018,1.0298191354335295,0.5522724450602104,0.838,0.5029060000000001
2021-06-25,0.709236066993386,0.871115347950429,0.8483361710727553,0.9353121435125837,0.8711862229095062,1.0594946967862424,0.5858871411654123,0.838,0.5848709999999999
2021-06-26,0.7243770672699229,0.9087598624317216,0.8706706160652831,0.9626295421621852,0.9055245106875516,1.0879178882057905,0.6145218042740562,0.839,0.6185355
2021-06-27,0.765623898889967,0.943658999788985,0.8948791528759439,0.9840794215775359,0.9263116353511216,1.1144895496486618,0.6519562424937133,0.839,0.5729715
2021-06-28,0.7933051019343655,0.962606603979882,0.9198244392568877,NA,0.9566908836414627,1.1396021761376944,0.6783764286073467,0.841,0.5410475
2021-06-29,0.8033874840368471,0.98249069818341,0.9437970266278085,NA,1.007773353643237,1.1648578016687337,0.6974976730636899,0.837,0.6104185
2021-06-30,0.8316356243480855,1.0160284951024043,0.9658104389367475,NA,1.0440133071844422,1.1868829005514976,0.7258173189035757,0.835,0.7371
2021-07-01,0.8424486433728883,1.039803220035778,0.9855938639947286,NA,1.1096891288160835,1.2049036696327953,0.743452784132018,0.831,0.853931
2021-07-02,0.8567795321278197,1.0717855520218083,NA,NA,NA,1.2205973477320105,0.772814450626909,0.836,0.9442645
2021-07-03,0.8898690740840604,1.1022499443083091,NA,NA,NA,1.234713865575233,0.8093986013283414,0.835,0.9706805
2021-07-04,0.9077164331473521,1.1560035056967572,NA,NA,NA,1.2455793908363644,0.8590904805787316,0.833,0.8861410000000001
2021-07-05,0.9345400900912597,1.2165591397849462,NA,NA,NA,1.2528416395548618,0.9436940661185091,0.836,0.827861
2021-07-06,0.9797597648699508,NA,NA,NA,NA,1.261826021778727,1.029957707943184,0.837,0.925117
2021-07-07,1.0029967768550012,NA,NA,NA,NA,1.264387979075275,1.0682085526651042,0.831,1.077575
2021-07-08,1.0528590916112912,NA,NA,NA,NA,1.2669811839659124,1.0898069492705345,0.835,1.2249715
2021-07-09,NA,NA,NA,NA,NA,1.2669811839659124,NA,0.836,NA
2021-07-10,NA,NA,NA,NA,NA,1.2669811839659124,NA,0.829,NA
2021-07-11,NA,NA,NA,NA,NA,1.2669811839659124,NA,0.835,NA
2021-07-12,NA,NA,NA,NA,NA,1.2669811839659124,NA,0.835,NA
2021-07-13,NA,NA,NA,NA,NA,1.2669811839659124,NA,0.833,NA
2021-07-14,NA,NA,NA,NA,NA,1.2669811839659124,NA,0.835,NA
2021-07-15,NA,NA,NA,NA,NA,1.2669811839659124,NA,0.837,NA
2021-07-16,NA,NA,NA,NA,NA,1.2669811839659124,NA,0.838,NA
2021-07-17,NA,NA,NA,NA,NA,1.2669811839659124,NA,0.838,NA
2021-07-18,NA,NA,NA,NA,NA,1.2669811839659124,NA,0.84,NA
2021-07-19,NA,NA,NA,NA,NA,1.2669811839659124,NA,0.836,NA
2021-07-20,NA,NA,NA,NA,NA,1.2669811839659124,NA,NA,NA
2021-07-21,NA,NA,NA,NA,NA,1.2669811839659124,NA,NA,NA
2021-07-22,NA,NA,NA,NA,NA,1.2669811839659124,NA,NA,NA
2021-07-23,NA,NA,NA,NA,NA,NA,NA,NA,NA
2021-07-24,NA,NA,NA,NA,NA,NA,NA,NA,NA
2021-07-25,NA,NA,NA,NA,NA,NA,NA,NA,NA
2021-07-26,NA,NA,NA,NA,NA,NA,NA,NA,NA
2021-07-27,NA,NA,NA,NA,NA,NA,NA,NA,NA
2021-07-28,NA,NA,NA,NA,NA,NA,NA,NA,NA
2021-07-29,NA,NA,NA,NA,NA,NA,NA,NA,NA
2021-07-30,NA,NA,NA,NA,NA,NA,NA,NA,NA
2021-07-31,NA,NA,NA,NA,NA,NA,NA,NA,NA
2021-08-01,NA,NA,NA,NA,NA,NA,NA,NA,NA
2021-08-02,NA,NA,NA,NA,NA,NA,NA,NA,NA
2021-08-03,NA,NA,NA,NA,NA,NA,NA,NA,NA
2021-08-04,NA,NA,NA,NA,NA,NA,NA,NA,NA
2021-08-05,NA,NA,NA,NA,NA,NA,NA,NA,NA
2021-08-06,NA,NA,NA,NA,NA,NA,NA,NA,NA
2021-08-07,NA,NA,NA,NA,NA,NA,NA,NA,NA
2021-08-08,NA,NA,NA,NA,NA,NA,NA,NA,NA
2021-08-09,NA,NA,NA,NA,NA,NA,NA,NA,NA
2021-08-10,NA,NA,NA,NA,NA,NA,NA,NA,NA
2021-08-11,NA,NA,NA,NA,NA,NA,NA,NA,NA
2021-08-12,NA,NA,NA,NA,NA,NA,NA,NA,NA
2021-08-13,NA,NA,NA,NA,NA,NA,NA,NA,NA
2021-08-14,NA,NA,NA,NA,NA,NA,NA,NA,NA
2021-08-15,NA,NA,NA,NA,NA,NA,NA,NA,NA
2021-08-16,NA,NA,NA,NA,NA,NA,NA,NA,NA
2021-08-17,NA,NA,NA,NA,NA,NA,NA,NA,NA
2021-08-18,NA,NA,NA,NA,NA,NA,NA,NA,NA
2021-08-19,NA,NA,NA,NA,NA,NA,NA,NA,NA
2021-08-20,NA,NA,NA,NA,NA,NA,NA,NA,NA
2021-08-21,NA,NA,NA,NA,NA,NA,NA,NA,NA
2021-08-22,NA,NA,NA,NA,NA,NA,NA,NA,NA
2021-08-23,NA,NA,NA,NA,NA,NA,NA,NA,NA
2021-08-24,NA,NA,NA,NA,NA,NA,NA,NA,NA
2021-08-25,NA,NA,NA,NA,NA,NA,NA,NA,NA
2021-08-26,NA,NA,NA,NA,NA,NA,NA,NA,NA
2021-08-27,NA,NA,NA,NA,NA,NA,NA,NA,NA
2021-08-28,NA,NA,NA,NA,NA,NA,NA,NA,NA
2021-08-29,NA,NA,NA,NA,NA,NA,NA,NA,NA
2021-08-30,NA,NA,NA,NA,NA,NA,NA,NA,NA
2021-08-31,NA,NA,NA,NA,NA,NA,NA,NA,NA
2021-09-01,NA,NA,NA,NA,NA,NA,NA,NA,NA
2021-09-02,NA,NA,NA,NA,NA,NA,NA,NA,NA
2021-09-03,NA,NA,NA,NA,NA,NA,NA,NA,NA
2021-09-04,NA,NA,NA,NA,NA,NA,NA,NA,NA
2021-09-05,NA,NA,NA,NA,NA,NA,NA,NA,NA
2021-09-06,NA,NA,NA,NA,NA,NA,NA,NA,NA
2021-09-07,NA,NA,NA,NA,NA,NA,NA,NA,NA
2021-09-08,NA,NA,NA,NA,NA,NA,NA,NA,NA
2021-09-09,NA,NA,NA,NA,NA,NA,NA,NA,NA
2021-09-10,NA,NA,NA,NA,NA,NA,NA,NA,NA
2021-09-11,NA,NA,NA,NA,NA,NA,NA,NA,NA
2021-09-12,NA,NA,NA,NA,NA,NA,NA,NA,NA
2021-09-13,NA,NA,NA,NA,NA,NA,NA,NA,NA
2021-09-14,NA,NA,NA,NA,NA,NA,NA,NA,NA
2021-09-15,NA,NA,NA,NA,NA,NA,NA,NA,NA
2021-09-16,NA,NA,NA,NA,NA,NA,NA,NA,NA
2021-09-17,NA,NA,NA,NA,NA,NA,NA,NA,NA
2021-09-18,NA,NA,NA,NA,NA,NA,NA,NA,NA
2021-09-19,NA,NA,NA,NA,NA,NA,NA,NA,NA
2021-09-20,NA,NA,NA,NA,NA,NA,NA,NA,NA
2021-09-21,NA,NA,NA,NA,NA,NA,NA,NA,NA
2021-09-22,NA,NA,NA,NA,NA,NA,NA,NA,NA
2021-09-23,NA,NA,NA,NA,NA,NA,NA,NA,NA
2021-09-24,NA,NA,NA,NA,NA,NA,NA,NA,NA
2021-09-25,NA,NA,NA,NA,NA,NA,NA,NA,NA
2021-09-26,NA,NA,NA,NA,NA,NA,NA,NA,NA
2021-09-27,NA,NA,NA,NA,NA,NA,NA,NA,NA
2021-09-28,NA,NA,NA,NA,NA,NA,NA,NA,NA
2021-09-29,NA,NA,NA,NA,NA,NA,NA,NA,NA
2021-09-30,NA,NA,NA,NA,NA,NA,NA,NA,NA
2021-10-01,NA,NA,NA,NA,NA,NA,NA,NA,NA
2021-10-02,NA,NA,NA,NA,NA,NA,NA,NA,NA
2021-10-03,NA,NA,NA,NA,NA,NA,NA,NA,NA
2021-10-04,NA,NA,NA,NA,NA,NA,NA,NA,NA
2021-10-05,NA,NA,NA,NA,NA,NA,NA,NA,NA
2021-10-06,NA,NA,NA,NA,NA,NA,NA,NA,NA
2021-10-07,NA,NA,NA,NA,NA,NA,NA,NA,NA
2021-10-08,NA,NA,NA,NA,NA,NA,NA,NA,NA
2021-10-09,NA,NA,NA,NA,NA,NA,NA,NA,NA
2021-10-10,NA,NA,NA,NA,NA,NA,NA,NA,NA
2021-10-11,NA,NA,NA,NA,NA,NA,NA,NA,NA
2021-10-12,NA,NA,NA,NA,NA,NA,NA,NA,NA
2021-10-13,NA,NA,NA,NA,NA,NA,NA,NA,NA
2021-10-14,NA,NA,NA,NA,NA,NA,NA,NA,NA
2021-10-15,NA,NA,NA,NA,NA,NA,NA,NA,NA
2021-10-16,NA,NA,NA,NA,NA,NA,NA,NA,NA
2021-10-17,NA,NA,NA,NA,NA,NA,NA,NA,NA
2021-10-18,NA,NA,NA,NA,NA,NA,NA,NA,NA
2021-10-19,NA,NA,NA,NA,NA,NA,NA,NA,NA
2021-10-20,NA,NA,NA,NA,NA,NA,NA,NA,NA
2021-10-21,NA,NA,NA,NA,NA,NA,NA,NA,NA
2021-10-22,NA,NA,NA,NA,NA,NA,NA,NA,NA
2021-10-23,NA,NA,NA,NA,NA,NA,NA,NA,NA
2021-10-24,NA,NA,NA,NA,NA,NA,NA,NA,NA
2021-10-25,NA,NA,NA,NA,NA,NA,NA,NA,NA
2021-10-26,NA,NA,NA,NA,NA,NA,NA,NA,NA
2021-10-27,NA,NA,NA,NA,NA,NA,NA,NA,NA
2021-10-28,NA,NA,NA,NA,NA,NA,NA,NA,NA
2021-10-29,NA,NA,NA,NA,NA,NA,NA,NA,NA
2021-10-30,NA,NA,NA,NA,NA,NA,NA,NA,NA
2021-10-31,NA,NA,NA,NA,NA,NA,NA,NA,NA
2021-11-01,NA,NA,NA,NA,NA,NA,NA,NA,NA
2021-11-02,NA,NA,NA,NA,NA,NA,NA,NA,NA
2021-11-03,NA,NA,NA,NA,NA,NA,NA,NA,NA
2021-11-04,NA,NA,NA,NA,NA,NA,NA,NA,NA
2021-11-05,NA,NA,NA,NA,NA,NA,NA,NA,NA
2021-11-06,NA,NA,NA,NA,NA,NA,NA,NA,NA
2021-11-07,NA,NA,NA,NA,NA,NA,NA,NA,NA
2021-11-08,NA,NA,NA,NA,NA,NA,NA,NA,NA
2021-11-09,NA,NA,NA,NA,NA,NA,NA,NA,NA
2021-11-10,NA,NA,NA,NA,NA,NA,NA,NA,NA
2021-11-11,NA,NA,NA,NA,NA,NA,NA,NA,NA
2021-11-12,NA,NA,NA,NA,NA,NA,NA,NA,NA
2021-11-13,NA,NA,NA,NA,NA,NA,NA,NA,NA
2021-11-14,NA,NA,NA,NA,NA,NA,NA,NA,NA
2021-11-15,NA,NA,NA,NA,NA,NA,NA,NA,NA
2021-11-16,NA,NA,NA,NA,NA,NA,NA,NA,NA
2021-11-17,NA,NA,NA,NA,NA,NA,NA,NA,NA
2021-11-18,NA,NA,NA,NA,NA,NA,NA,NA,NA
2021-11-19,NA,NA,NA,NA,NA,NA,NA,NA,NA
2021-11-20,NA,NA,NA,NA,NA,NA,NA,NA,NA
2021-11-21,NA,NA,NA,NA,NA,NA,NA,NA,NA
2021-11-22,NA,NA,NA,NA,NA,NA,NA,NA,NA
2021-11-23,NA,NA,NA,NA,NA,NA,NA,NA,NA
2021-11-24,NA,NA,NA,NA,NA,NA,NA,NA,NA
2021-11-25,NA,NA,NA,NA,NA,NA,NA,NA,NA
2021-11-26,NA,NA,NA,NA,NA,NA,NA,NA,NA
2021-11-27,NA,NA,NA,NA,NA,NA,NA,NA,NA
2021-11-28,NA,NA,NA,NA,NA,NA,NA,NA,NA
2021-11-29,NA,NA,NA,NA,NA,NA,NA,NA,NA
2021-11-30,NA,NA,NA,NA,NA,NA,NA,NA,NA
2021-12-01,NA,NA,NA,NA,NA,NA,NA,NA,NA
2021-12-02,NA,NA,NA,NA,NA,NA,NA,NA,NA
2021-12-03,NA,NA,NA,NA,NA,NA,NA,NA,NA
2021-12-04,NA,NA,NA,NA,NA,NA,NA,NA,NA
2021-12-05,NA,NA,NA,NA,NA,NA,NA,NA,NA
2021-12-06,NA,NA,NA,NA,NA,NA,NA,NA,NA
2021-12-07,NA,NA,NA,NA,NA,NA,NA,NA,NA
2021-12-08,NA,NA,NA,NA,NA,NA,NA,NA,NA
2021-12-09,NA,NA,NA,NA,NA,NA,NA,NA,NA
2021-12-10,NA,NA,NA,NA,NA,NA,NA,NA,NA
2021-12-11,NA,NA,NA,NA,NA,NA,NA,NA,NA
2021-12-12,NA,NA,NA,NA,NA,NA,NA,NA,NA
2021-12-13,NA,NA,NA,NA,NA,NA,NA,NA,NA
2021-12-14,NA,NA,NA,NA,NA,NA,NA,NA,NA
2021-12-15,NA,NA,NA,NA,NA,NA,NA,NA,NA
2021-12-16,NA,NA,NA,NA,NA,NA,NA,NA,NA
2021-12-17,NA,NA,NA,NA,NA,NA,NA,NA,NA
2021-12-18,NA,NA,NA,NA,NA,NA,NA,NA,NA
2021-12-19,NA,NA,NA,NA,NA,NA,NA,NA,NA
2021-12-20,NA,NA,NA,NA,NA,NA,NA,NA,NA
2021-12-21,NA,NA,NA,NA,NA,NA,NA,NA,NA
2021-12-22,NA,NA,NA,NA,NA,NA,NA,NA,NA
2021-12-23,NA,NA,NA,NA,NA,NA,NA,NA,NA
2021-12-24,NA,NA,NA,NA,NA,NA,NA,NA,NA
2021-12-25,NA,NA,NA,NA,NA,NA,NA,NA,NA
2021-12-26,NA,NA,NA,NA,NA,NA,NA,NA,NA
2021-12-27,NA,NA,NA,NA,NA,NA,NA,NA,NA
2021-12-28,NA,NA,NA,NA,NA,NA,NA,NA,NA
2021-12-29,NA,NA,NA,NA,NA,NA,NA,NA,NA
2021-12-30,NA,NA,NA,NA,NA,NA,NA,NA,NA
2021-12-31,NA,NA,NA,NA,NA,NA,NA,NA,NA
2022-01-01,NA,NA,NA,NA,NA,NA,NA,NA,NA
2022-01-02,NA,NA,NA,NA,NA,NA,NA,NA,NA
2022-01-03,NA,NA,NA,NA,NA,NA,NA,NA,NA
2022-01-04,NA,NA,NA,NA,NA,NA,NA,NA,NA
2022-01-05,NA,NA,NA,NA,NA,NA,NA,NA,NA
2022-01-06,NA,NA,NA,NA,NA,NA,NA,NA,NA
2022-01-07,NA,NA,NA,NA,NA,NA,NA,NA,NA
2022-01-08,NA,NA,NA,NA,NA,NA,NA,NA,NA
2022-01-09,NA,NA,NA,NA,NA,NA,NA,NA,NA
2022-01-10,NA,NA,NA,NA,NA,NA,NA,NA,NA
2022-01-11,NA,NA,NA,NA,NA,NA,NA,NA,NA
2022-01-12,NA,NA,NA,NA,NA,NA,NA,NA,NA
2022-01-13,NA,NA,NA,NA,NA,NA,NA,NA,NA
2022-01-14,NA,NA,NA,NA,NA,NA,NA,NA,NA
2022-01-15,NA,NA,NA,NA,NA,NA,NA,NA,NA
2022-01-16,NA,NA,NA,NA,NA,NA,NA,NA,NA
2022-01-17,NA,NA,NA,NA,NA,NA,NA,NA,NA
2022-01-18,NA,NA,NA,NA,NA,NA,NA,NA,NA
2022-01-19,NA,NA,NA,NA,NA,NA,NA,NA,NA
2022-01-20,NA,NA,NA,NA,NA,NA,NA,NA,NA
2022-01-21,NA,NA,NA,NA,NA,NA,NA,NA,NA
2022-01-22,NA,NA,NA,NA,NA,NA,NA,NA,NA
2022-01-23,NA,NA,NA,NA,NA,NA,NA,NA,NA
2022-01-24,NA,NA,NA,NA,NA,NA,NA,NA,NA
2022-01-25,NA,NA,NA,NA,NA,NA,NA,NA,NA
2022-01-26,NA,NA,NA,NA,NA,NA,NA,NA,NA
2022-01-27,NA,NA,NA,NA,NA,NA,NA,NA,NA
2022-01-28,NA,NA,NA,NA,NA,NA,NA,NA,NA
2022-01-29,NA,NA,NA,NA,NA,NA,NA,NA,NA
2022-01-30,NA,NA,NA,NA,NA,NA,NA,NA,NA
2022-01-31,NA,NA,NA,NA,NA,NA,NA,NA,NA
2022-02-01,NA,NA,NA,NA,NA,NA,NA,NA,NA
2022-02-02,NA,NA,NA,NA,NA,NA,NA,NA,NA
2022-02-03,NA,NA,NA,NA,NA,NA,NA,NA,NA
2022-02-04,NA,NA,NA,NA,NA,NA,NA,NA,NA
2022-02-05,NA,NA,NA,NA,NA,NA,NA,NA,NA
2022-02-06,NA,NA,NA,NA,NA,NA,NA,NA,NA
2022-02-07,NA,NA,NA,NA,NA,NA,NA,NA,NA
2022-02-08,NA,NA,NA,NA,NA,NA,NA,NA,NA
2022-02-09,NA,NA,NA,NA,NA,NA,NA,NA,NA
2022-02-10,NA,NA,NA,NA,NA,NA,NA,NA,NA
2022-02-11,NA,NA,NA,NA,NA,NA,NA,NA,NA
2022-02-12,NA,NA,NA,NA,NA,NA,NA,NA,NA
2022-02-13,NA,NA,NA,NA,NA,NA,NA,NA,NA
2022-02-14,NA,NA,NA,NA,NA,NA,NA,NA,NA
2022-02-15,NA,NA,NA,NA,NA,NA,NA,NA,NA
2022-02-16,NA,NA,NA,NA,NA,NA,NA,NA,NA
2022-02-17,NA,NA,NA,NA,NA,NA,NA,NA,NA
2022-02-18,NA,NA,NA,NA,NA,NA,NA,NA,NA
2022-02-19,NA,NA,NA,NA,NA,NA,NA,NA,NA
2022-02-20,NA,NA,NA,NA,NA,NA,NA,NA,NA
2022-02-21,NA,NA,NA,NA,NA,NA,NA,NA,NA
2022-02-22,NA,NA,NA,NA,NA,NA,NA,NA,NA
2022-02-23,NA,NA,NA,NA,NA,NA,NA,NA,NA
2022-02-24,NA,NA,NA,NA,NA,NA,NA,NA,NA
2022-02-25,NA,NA,NA,NA,NA,NA,NA,NA,NA
2022-02-26,NA,NA,NA,NA,NA,NA,NA,NA,NA
2022-02-27,NA,NA,NA,NA,NA,NA,NA,NA,NA
2022-02-28,NA,NA,NA,NA,NA,NA,NA,NA,NA
2022-03-01,NA,NA,NA,NA,NA,NA,NA,NA,NA
2022-03-02,NA,NA,NA,NA,NA,NA,NA,NA,NA
2022-03-03,NA,NA,NA,NA,NA,NA,NA,NA,NA
2022-03-04,NA,NA,NA,NA,NA,NA,NA,NA,NA
2022-03-05,NA,NA,NA,NA,NA,NA,NA,NA,NA
2022-03-06,NA,NA,NA,NA,NA,NA,NA,NA,NA
2022-03-07,NA,NA,NA,NA,NA,NA,NA,NA,NA
2022-03-08,NA,NA,NA,NA,NA,NA,NA,NA,NA
2022-03-09,NA,NA,NA,NA,NA,NA,NA,NA,NA
2022-03-10,NA,NA,NA,NA,NA,NA,NA,NA,NA
2022-03-11,NA,NA,NA,NA,NA,NA,NA,NA,NA
2022-03-12,NA,NA,NA,NA,NA,NA,NA,NA,NA
2022-03-13,NA,NA,NA,NA,NA,NA,NA,NA,NA
2022-03-14,NA,NA,NA,NA,NA,NA,NA,NA,NA
2022-03-15,NA,NA,NA,NA,NA,NA,NA,NA,NA
2022-03-16,NA,NA,NA,NA,NA,NA,NA,NA,NA
2022-03-17,NA,NA,NA,NA,NA,NA,NA,NA,NA
2022-03-18,NA,NA,NA,NA,NA,NA,NA,NA,NA
2022-03-19,NA,NA,NA,NA,NA,NA,NA,NA,NA
2022-03-20,NA,NA,NA,NA,NA,NA,NA,NA,NA
2022-03-21,NA,NA,NA,NA,NA,NA,NA,NA,NA
2022-03-22,NA,NA,NA,NA,NA,NA,NA,NA,NA
2022-03-23,NA,NA,NA,NA,NA,NA,NA,NA,NA
2022-03-24,NA,NA,NA,NA,NA,NA,NA,NA,NA
2022-03-25,NA,NA,NA,NA,NA,NA,NA,NA,NA
2022-03-26,NA,NA,NA,NA,NA,NA,NA,NA,NA
2022-03-27,NA,NA,NA,NA,NA,NA,NA,NA,NA
2022-03-28,NA,NA,NA,NA,NA,NA,NA,NA,NA
2022-03-29,NA,NA,NA,NA,NA,NA,NA,NA,NA
2022-03-30,NA,NA,NA,NA,NA,NA,NA,NA,NA
2022-03-31,NA,NA,NA,NA,NA,NA,NA,NA,NA
2022-04-01,NA,NA,NA,NA,NA,NA,NA,NA,NA
2022-04-02,NA,NA,NA,NA,NA,NA,NA,NA,NA
2022-04-03,NA,NA,NA,NA,NA,NA,NA,NA,NA
2022-04-04,NA,NA,NA,NA,NA,NA,NA,NA,NA
2022-04-05,NA,NA,NA,NA,NA,NA,NA,NA,NA
2022-04-06,NA,NA,NA,NA,NA,NA,NA,NA,NA
2022-04-07,NA,NA,NA,NA,NA,NA,NA,NA,NA
2022-04-08,NA,NA,NA,NA,NA,NA,NA,NA,NA
2022-04-09,NA,NA,NA,NA,NA,NA,NA,NA,NA
2022-04-10,NA,NA,NA,NA,NA,NA,NA,NA,NA
2022-04-11,NA,NA,NA,NA,NA,NA,NA,NA,NA
2022-04-12,NA,NA,NA,NA,NA,NA,NA,NA,NA
2022-04-13,NA,NA,NA,NA,NA,NA,NA,NA,NA
2022-04-14,NA,NA,NA,NA,NA,NA,NA,NA,NA
2022-04-15,NA,NA,NA,NA,NA,NA,NA,NA,NA
2022-04-16,NA,NA,NA,NA,NA,NA,NA,NA,NA
2022-04-17,NA,NA,NA,NA,NA,NA,NA,NA,NA
2022-04-18,NA,NA,NA,NA,NA,NA,NA,NA,NA
2022-04-19,NA,NA,NA,NA,NA,NA,NA,NA,NA
2022-04-20,NA,NA,NA,NA,NA,NA,NA,NA,NA
2022-04-21,NA,NA,NA,NA,NA,NA,NA,NA,NA
2022-04-22,NA,NA,NA,NA,NA,NA,NA,NA,NA
2022-04-23,NA,NA,NA,NA,NA,NA,NA,NA,NA
2022-04-24,NA,NA,NA,NA,NA,NA,NA,NA,NA
2022-04-25,NA,NA,NA,NA,NA,NA,NA,NA,NA
2022-04-26,NA,NA,NA,NA,NA,NA,NA,NA,NA
2022-04-27,NA,NA,NA,NA,NA,NA,NA,NA,NA
2022-04-28,NA,NA,NA,NA,NA,NA,NA,NA,NA
2022-04-29,NA,NA,NA,NA,NA,NA,NA,NA,NA
2022-04-30,NA,NA,NA,NA,NA,NA,NA,NA,NA
2022-05-01,NA,NA,NA,NA,NA,NA,NA,NA,NA
2022-05-02,NA,NA,NA,NA,NA,NA,NA,NA,NA
2022-05-03,NA,NA,NA,NA,NA,NA,NA,NA,NA
2022-05-04,NA,NA,NA,NA,NA,NA,NA,NA,NA
2022-05-05,NA,NA,NA,NA,NA,NA,NA,NA,NA
2022-05-06,NA,NA,NA,NA,NA,NA,NA,NA,NA
2022-05-07,NA,NA,NA,NA,NA,NA,NA,NA,NA
2022-05-08,NA,NA,NA,NA,NA,NA,NA,NA,NA
2022-05-09,NA,NA,NA,NA,NA,NA,NA,NA,NA
2022-05-10,NA,NA,NA,NA,NA,NA,NA,NA,NA
2022-05-11,NA,NA,NA,NA,NA,NA,NA,NA,NA
2022-05-12,NA,NA,NA,NA,NA,NA,NA,NA,NA
2022-05-13,NA,NA,NA,NA,NA,NA,NA,NA,NA
2022-05-14,NA,NA,NA,NA,NA,NA,NA,NA,NA
2022-05-15,NA,NA,NA,NA,NA,NA,NA,NA,NA
2022-05-16,NA,NA,NA,NA,NA,NA,NA,NA,NA
