date,consensus,RKI,SDSC,ETH,Ilmenau,epiforecasts,globalrt,rtlive
2019-12-28,NA,NA,NA,NA,NA,NA,NA,NA
2019-12-29,NA,NA,NA,NA,NA,NA,NA,NA
2019-12-30,NA,NA,NA,NA,NA,NA,NA,NA
2019-12-31,NA,NA,NA,NA,NA,NA,NA,NA
2020-01-01,NA,NA,NA,NA,NA,NA,NA,NA
2020-01-02,NA,NA,NA,NA,NA,NA,NA,NA
2020-01-03,NA,NA,NA,NA,NA,NA,NA,NA
2020-01-04,NA,NA,NA,NA,NA,NA,NA,NA
2020-01-05,NA,NA,NA,NA,NA,NA,NA,NA
2020-01-06,NA,NA,NA,NA,NA,NA,NA,NA
2020-01-07,NA,NA,NA,NA,NA,NA,NA,NA
2020-01-08,NA,NA,NA,NA,NA,NA,NA,NA
2020-01-09,NA,NA,NA,NA,NA,NA,NA,NA
2020-01-10,NA,NA,NA,NA,NA,NA,NA,NA
2020-01-11,NA,NA,NA,NA,NA,NA,NA,NA
2020-01-12,NA,NA,NA,NA,NA,NA,NA,NA
2020-01-13,NA,NA,NA,NA,NA,NA,NA,NA
2020-01-14,NA,NA,NA,NA,NA,NA,NA,NA
2020-01-15,NA,NA,NA,NA,NA,NA,NA,NA
2020-01-16,NA,NA,NA,NA,NA,NA,NA,NA
2020-01-17,NA,NA,NA,NA,NA,NA,NA,NA
2020-01-18,NA,NA,NA,NA,NA,NA,NA,NA
2020-01-19,NA,NA,NA,NA,NA,NA,NA,NA
2020-01-20,NA,NA,NA,NA,NA,NA,NA,NA
2020-01-21,NA,NA,NA,NA,NA,NA,NA,NA
2020-01-22,NA,NA,NA,NA,NA,NA,NA,NA
2020-01-23,NA,NA,NA,NA,NA,NA,NA,NA
2020-01-24,NA,NA,NA,NA,NA,NA,NA,NA
2020-01-25,NA,NA,NA,NA,NA,NA,NA,NA
2020-01-26,NA,NA,NA,NA,NA,NA,NA,NA
2020-01-27,NA,NA,NA,NA,NA,NA,NA,NA
2020-01-28,NA,NA,NA,NA,NA,NA,NA,NA
2020-01-29,NA,NA,NA,NA,NA,NA,NA,NA
2020-01-30,NA,NA,NA,NA,NA,NA,NA,NA
2020-01-31,NA,NA,NA,NA,NA,NA,NA,NA
2020-02-01,NA,NA,NA,NA,NA,NA,NA,NA
2020-02-02,NA,NA,NA,NA,NA,NA,NA,NA
2020-02-03,NA,NA,NA,NA,NA,NA,NA,NA
2020-02-04,NA,NA,NA,0.8420331866751014,NA,NA,NA,NA
2020-02-05,NA,NA,NA,0.7757924225849949,NA,NA,NA,NA
2020-02-06,NA,NA,NA,0.7201014643050521,NA,NA,NA,NA
2020-02-07,NA,NA,NA,0.6864685394562228,NA,NA,NA,NA
2020-02-08,NA,NA,NA,0.69107331066052,NA,NA,NA,NA
2020-02-09,NA,NA,NA,0.7509285709970188,NA,NA,NA,NA
2020-02-10,NA,NA,NA,0.8763751193026136,NA,NA,NA,NA
2020-02-11,NA,NA,NA,1.072127275776297,NA,NA,NA,NA
2020-02-12,NA,NA,NA,1.327645556281855,NA,NA,NA,NA
2020-02-13,NA,NA,NA,1.5935391333280169,NA,NA,NA,NA
2020-02-14,NA,NA,NA,1.8085195301919514,NA,NA,NA,NA
2020-02-15,NA,NA,NA,2.011938857569247,NA,NA,NA,2.03
2020-02-16,NA,NA,NA,2.224316228697264,NA,NA,NA,2.033
2020-02-17,NA,NA,NA,2.3863022371006473,NA,NA,NA,2.037
2020-02-18,NA,NA,NA,2.5270922717038156,NA,NA,NA,2.035
2020-02-19,NA,NA,NA,2.6311593405234257,NA,NA,NA,2.025
2020-02-20,NA,NA,NA,2.6633271874249287,NA,NA,NA,2.041
2020-02-21,NA,NA,NA,2.640829813908843,NA,NA,NA,2.041
2020-02-22,NA,NA,NA,2.570380595933123,NA,NA,NA,2.047
2020-02-23,NA,NA,NA,2.4645639944271824,NA,NA,NA,2.05
2020-02-24,NA,NA,NA,2.348476737054767,NA,NA,NA,2.055
2020-02-25,NA,NA,NA,2.2287691225084547,NA,NA,NA,2.041
2020-02-26,NA,NA,NA,2.1171404007600256,NA,NA,NA,2.053
2020-02-27,NA,NA,NA,2.02507406653347,NA,NA,NA,2.048
2020-02-28,NA,NA,NA,1.9653643841351405,NA,NA,NA,2.056
2020-02-29,NA,NA,NA,1.9380637535716592,NA,NA,NA,2.048
2020-03-01,1.8460726177277902,NA,NA,1.9379779048974421,1.8454585502248912,NA,NA,2.032
2020-03-02,2.007731542945257,NA,NA,1.9515773453698997,2.0072831815117644,NA,NA,2.012
2020-03-03,2.2677430999108625,NA,NA,1.9794424145856744,2.2674568069667913,NA,NA,1.987
2020-03-04,2.2710871999214057,NA,NA,2.0204736901342146,2.270874190974593,NA,2.280216105957092,1.946
2020-03-05,2.2724291574463256,NA,NA,2.054846751336286,2.27227107643391,NA,2.26361740682015,1.908
2020-03-06,2.3829606975740747,NA,NA,2.0671076162100883,2.3828553157576233,2.306988129301196,2.2248395055470365,1.856
2020-03-07,2.1980602017291186,NA,NA,2.060593426551628,2.1979685457328717,2.3728487609449793,2.1207640004352393,1.807
2020-03-08,1.9194235132273043,3.1182033096926713,NA,2.0326494663195547,1.9193374155087977,2.4336385855793767,2.0412316668271435,1.756
2020-03-09,1.951552016175592,2.842700156985871,1.9538759014528313,1.9843054813366592,1.9514844588936724,2.479998209665715,2.0250978866430724,1.698
2020-03-10,2.0334902827233727,2.500231964741359,1.8810184268421937,1.9196041155263512,2.033439413373586,2.509059860142827,1.960734771735447,1.633
2020-03-11,2.025858443114932,2.1820173516782053,1.8027044695640557,1.8457610871521561,2.0258183352749373,2.5171464987851477,1.834181149256482,1.572
2020-03-12,1.9491441337555038,1.9914535805362188,1.7242150853585674,1.7680630725104853,1.9491108503844004,2.496626902434877,1.6972786391744343,1.509
2020-03-13,1.7989541925976604,1.7426551800309256,1.6489879815790682,1.687395231226776,1.7989247751179833,2.4469401916580087,1.5641542664870118,1.453
2020-03-14,1.642998510423108,1.5589831609222062,1.5785141213219023,1.6053517590761133,1.6429717707715688,2.3721081896996856,1.4820767611898498,1.403
2020-03-15,1.4926878726344648,1.3948752961966344,1.5140682096272102,1.525098316392362,1.4926629251185253,2.272843324845014,1.4199683750439789,1.343
2020-03-16,1.4263284130348906,1.2356890703952377,1.4563269581023364,1.4497127227944022,1.426305433459594,2.158140169473387,1.3622652599291083,1.288
2020-03-17,1.3902792415484524,1.1317340600836607,1.4052538816069258,1.3799363167271466,1.3902580636095134,2.0299496403129758,1.3155610949107532,1.239
2020-03-18,1.369643197038321,1.0370756092480733,1.3599177338387922,1.3145013323032384,1.369623692205195,1.8983635890849757,1.2869373941666502,1.194
2020-03-19,1.3363894697975105,0.9787797644755406,1.3195071969054786,1.2527666516133074,1.3363713199488692,1.7689626162217955,1.2546557953342483,1.147
2020-03-20,1.3118093939741817,0.919644857719023,1.2828371824418834,1.1966881358105637,1.3117924569875774,1.645895970348199,1.2252864765629412,1.109
2020-03-21,1.268615384774689,0.8950522218799877,1.249709991750021,1.1471966228996218,1.268599341018312,1.5338804229863658,1.1980954077142618,1.069
2020-03-22,1.2175192196609104,0.8962786560697787,1.2194270525653788,1.1037932020290222,1.2175038114882635,1.4318526689262723,1.1588232573328807,1.033
2020-03-23,1.1696809085323376,0.8834206036359358,1.190787210962517,1.0659365196773258,1.1696659438398445,1.342847222502793,1.1069649561987855,1
2020-03-24,1.160917231113325,0.8977310796406274,1.1627181920228715,1.033650477706406,1.1609027814775488,1.2664464848468668,1.0767537134693586,0.968
2020-03-25,1.1352972932188063,0.9047395588925388,1.1351945396992469,1.0068457300954132,1.1352832036893452,1.2013115743685523,1.0508950915616695,0.943
2020-03-26,1.1174310492999449,0.9013701261284334,1.108702570303598,0.9854301756030427,1.1174172878894673,1.144590557323223,1.0381159239569513,0.923
2020-03-27,1.0934627079712163,0.9208817555192967,1.0835664110149799,0.9685971562306238,1.0934491683191763,1.096319159635975,1.0241216765710877,0.901
2020-03-28,1.057396660470171,0.925365539233979,1.0589139603188145,0.9551112571736038,1.0573831916574914,1.054653649462034,0.9955542991942294,0.881
2020-03-29,1.0288337752891925,0.9337136929460581,1.0334618484238043,0.9445208548775168,1.0288202972674283,1.0158909504679858,0.9624891240971032,0.864
2020-03-30,1.011127854836455,0.9450935824128991,1.0070083605191722,0.9358674000957089,1.011114328217745,0.9798295288806156,0.9265827068452986,0.846
2020-03-31,0.9870019598776594,0.9303561742903634,0.980465334784791,0.9279602791641771,0.9869882896526583,0.9470326592602194,0.889513855597183,0.83
2020-04-01,0.9632142489932565,0.9226821131356088,0.95429481799299265,0.9201557957634967,0.9632003568101969,0.9155538232986515,0.84994867977101,0.818
2020-04-02,0.9272070620118488,0.8930859534125838,0.928236981997241,0.9121656396571446,0.9271927853289742,0.8852311053604159,0.8192366091406664,0.805
2020-04-03,0.8617199722213534,0.8867009883131036,0.9021522703042063,0.9034788342851459,0.8617049857347031,0.857419019751753,0.79668100574369,0.796
2020-04-04,0.8545348836679203,0.8717011932061098,0.8763404096320634,0.8936923503773891,0.8545192432330746,0.8313070813411951,0.8110430736561995,0.788
2020-04-05,0.8714497799331367,0.8504450095359186,0.8525433953386333,0.8829180126837122,0.8714335749989526,0.8068733535249601,0.7981874123099493,0.781
2020-04-06,0.833790230255627,0.829324929507381,0.8325821767381351,0.8715626237482014,0.8337731918270018,0.7852897105446407,0.7526486995266556,0.778
2020-04-07,0.7768882256047973,0.8056450245804374,0.8174356826883419,0.8600616385038832,0.7768700193520853,0.7665082865503612,0.7510034787139095,0.768
2020-04-08,0.7554961209952111,0.8142500445871232,0.8074143907113775,0.848897449810342,0.7554766069726799,0.7517285376474402,0.801109321148773,0.763
2020-04-09,0.7503093010663112,0.7852270603625491,0.80223046563612,0.838865096301383,0.7502883845812083,0.7400449717808324,0.8475849595799598,0.761
2020-04-10,0.7912915315743647,0.78525,0.8012182741018273,0.830418211387209,0.7912695233192086,0.7318282717146141,0.8761088908943975,0.754
2020-04-11,0.7986629769840109,0.7771173066806943,0.8041050270593717,0.8236169112476416,0.7986398263298088,0.7259613238670218,0.8747887129566574,0.752
2020-04-12,0.8158825524976,0.7569817106560071,0.8098927419296534,0.8183668527710465,0.8158584033134564,0.7223050588712367,0.8584784259032655,0.751
2020-04-13,0.8593819993644589,0.7818171000178497,0.8160257974847742,0.8148323912534593,0.8593571772653391,0.7204235224330104,0.8220152879330538,0.747
2020-04-14,0.872103549488433,0.7995542820757721,0.8196750640052441,0.8130889082934412,0.8720780397479602,0.719386103830685,0.7830091870347728,0.751
2020-04-15,0.8479660240404867,0.8065389562038855,0.8195610752941102,0.8125684098052111,0.847939523613734,0.7184372331167419,0.7668390341460318,0.753
2020-04-16,0.8089670435016323,0.8395543981481481,0.8158839375166146,0.8121700176375808,0.8089391292903144,0.7172000007997867,0.7647274112564718,0.754
2020-04-17,0.7834029998676075,0.8374429223744292,0.8093393630204023,0.8112772615153823,0.783373384548248,0.7158554702406896,0.7832899800104128,0.759
2020-04-18,0.779145813634359,0.8247989169387593,0.8001688369726495,0.8098019248370147,0.7791144031638741,0.7135658302023842,0.7891541627591101,0.763
2020-04-19,0.7806478495106319,0.8287033151489719,0.7886150245202609,0.807521211336348,0.780614588453003,0.7115492889359112,0.7814243031944563,0.767
2020-04-20,0.7857434189605286,0.8080303291401,0.7762589541353911,0.8040014578137052,0.7857083050343875,0.7095190235282198,0.7641423841372883,0.771
2020-04-21,0.7775156790801597,0.8135223555070883,0.7649412027223563,0.7991182019269536,0.7774784953142875,0.7062495313915687,0.7362777111986789,0.775
2020-04-22,0.7472362760169563,0.8251424157574587,0.7554739522490647,0.7934340084188651,0.7471964874812869,0.7031333744093127,0.7167699347777846,0.779
2020-04-23,0.7448450327056261,0.817095402066032,0.7480373378923885,0.788043762222276,0.7448025394112522,0.7030036985932099,0.7255612711229326,0.784
2020-04-24,0.7106845339973861,0.8168052889741949,0.7429496467205571,0.7837238628864036,0.710638537848124,0.7039973215974327,0.7266114369184169,0.79
2020-04-25,0.706080034657199,0.8079758713136729,0.7410061326703204,0.7811167419619658,0.7060303844969152,0.7066362488633985,0.7593865858556096,0.795
2020-04-26,0.735059235360867,0.8075122864498011,0.7431844323271465,0.7808965648147075,0.7350062233495838,0.7121764195189002,0.8048270112624056,0.798
2020-04-27,0.7424055562565449,0.8144521566683193,0.7500993038800016,0.7834305264434942,0.7423490526270154,0.7199931150712484,0.8424232250314155,0.808
2020-04-28,0.7506951045216111,0.8231070496083551,0.7615797342897365,0.7887648603708884,0.7506351314217634,0.7301831605479865,0.8786654707737169,0.814
2020-04-29,0.7726789440377834,0.8510991289921195,0.7770016804822983,0.7965447481077662,0.7726157460154922,0.7441676071772997,0.896747726796594,0.818
2020-04-30,0.7828992352624892,0.861614258803072,0.7952011132523756,0.8056980553264266,0.7828327492082577,0.7597511409047143,0.9088861508738733,0.825
2020-05-01,0.8314671949407221,0.88555775376655,0.8138953523928016,0.8154196211329251,0.831398523386866,0.776926590073223,0.9022986956515384,0.831
2020-05-02,0.8710030015089517,0.9035685963521015,0.8312089399446109,0.825398068852473,0.870932757872113,0.7947191154205739,0.8949302557782828,0.837
2020-05-03,0.8839606138191682,0.8879142300194932,0.8450522585651639,0.8347586605141746,0.8838888423062914,0.8143757404285672,0.8836635946268597,0.841
2020-05-04,0.9016351601091526,0.8962327615203498,0.8540263664983718,0.842586847897704,0.9015621672043178,0.8327794036158267,0.8797998629986965,0.85
2020-05-05,0.8829668801206876,0.888125107406771,0.8578675424752177,0.8483000806673016,0.8828917742876726,0.8495689126724648,0.8538205713866662,0.855
2020-05-06,0.8623531799010499,0.8722134456731613,0.8577725074168582,0.8520371489863462,0.862275389433045,0.8632559157490907,0.8372175309350036,0.862
2020-05-07,0.8303505856716541,0.8680936699597512,0.855111442775899,0.8541377900542605,0.8302690410308111,0.8756375725102312,0.8456536226192088,0.869
2020-05-08,0.8259926488013464,0.8540063801838994,0.852447625459233,0.8550843496027194,0.8259073058054395,0.8847740140621233,0.855468737976528,0.878
2020-05-09,0.8250986450929926,0.8506191950464397,0.8499323751510095,0.8553010395177046,0.8250092955885842,0.8914590197404542,0.8681288067667935,0.881
2020-05-10,0.8581674221915294,0.8490641980277722,0.8478775603407419,0.8550350228408199,0.8580752191559471,0.8948606535841008,0.893040216424025,0.888
2020-05-11,0.8594076044719589,0.8889357218124342,0.8461203186983354,0.8548109528786755,0.8593121659299036,0.8945636808419664,0.9022022371313384,0.897
2020-05-12,0.8640223269247723,0.9224346297517029,0.8451465447269494,0.8559166120731152,0.8639238358661226,0.8921923850617841,0.8820588581628376,0.903
2020-05-13,0.8794551440843997,0.9290263876251137,0.8448468085256106,0.8586003386844697,0.8793539791568022,0.8871407167000057,0.8444387831562459,0.911
2020-05-14,0.8250243551202177,0.9559137236311922,0.8449326139263239,0.863017384048638,0.8249179163358813,0.8805625473130401,0.7943632566916623,0.916
2020-05-15,0.8212904738338919,0.9193930772878142,0.8451856516200874,0.8687363271890102,0.8211790883610035,0.8736397019139255,0.8231668379040145,0.925
2020-05-16,0.8360419780627697,0.9173415912339209,0.8461094124615628,0.8747630345315941,0.835925872756283,0.8651162315701477,0.857808240013423,0.932
2020-05-17,0.8468655997837292,0.9089128305582762,0.8479324677045741,0.880571170538066,0.8467450829973446,0.8566123381077826,0.9027026859171622,0.937
2020-05-18,0.8486680339767303,0.848251921646417,0.8518398056714407,0.8853006338163908,0.8485429823662718,0.847723639223545,0.9467805679759947,0.944
2020-05-19,0.854080660169846,0.8321299638989169,0.8574064425849248,0.8868660893747216,0.8539511686404939,0.8390490446329022,0.9520028074832416,0.954
2020-05-20,0.8335667862751669,0.8195273954816931,0.863197531537293,0.8854754669538523,0.8334314559210688,0.8310496518104122,0.9086371342864928,0.96
2020-05-21,0.8971865410073028,0.810614224137931,0.8671739415127182,0.8819339323676123,0.8970490530527769,0.8248022536796008,0.8824891999961596,0.969
2020-05-22,0.8887480152658864,0.8705057000876937,0.8678281992965374,0.8767974452732104,0.8886065892773013,0.8222066680037068,0.8590500389063243,0.976
2020-05-23,0.9164700407175645,0.8893709327548807,0.8661141932408363,0.8706751096624691,0.9163267430312322,0.8177674897439484,0.8609843268655079,0.985
2020-05-24,0.923989011004102,0.905893536121673,0.8630517200592512,0.8642683010199597,0.9238433854459245,0.8154360487815596,0.8354091142522332,0.994
2020-05-25,0.8539588223290747,0.936856098371552,0.859381391101312,0.8588298268497768,0.8538064699479156,0.8144236784879719,0.7956290379541338,0.998
2020-05-26,0.7865572248177126,0.9214237743451981,0.8557091238436438,0.8560017656407594,0.7863948573179635,0.8157541762390035,0.8364357956793942,1.007
2020-05-27,0.7858036109116887,0.9205574912891986,0.8539163994644348,0.856325088955247,0.7856313688599067,0.8182129032074499,0.9374657905277082,1.013
2020-05-28,0.8314491947457108,0.8747813920951382,0.8581723525855103,0.8592384345746997,0.8312697490158555,0.822935621855114,1.0130461724584874,1.018
2020-05-29,0.870790306175461,0.8886129833274211,0.8697813863080504,0.8651583376696087,0.8706058811075081,0.8298841966212117,1.006212479216261,1.021
2020-05-30,0.8686170323582673,0.8932215743440233,0.8869563545481389,0.874284313984605,0.8684268534231805,0.8390648034142363,0.9920309501504376,1.025
2020-05-31,0.88659212327761,0.9140802422407267,0.9051376085450538,0.8857311729210142,0.8863975225946585,0.8500966123022997,0.994792086371032,1.026
2020-06-01,0.9744155726604447,0.9544182327069173,0.9208683569627618,0.8981716657950346,0.9742228555174995,0.8646065890108652,1.0076089048833696,1.033
2020-06-02,1.022826078635616,0.9564870259481038,0.9337350483665164,0.9106740427186951,1.0226368235103962,0.8828995834664877,0.9930412492440072,1.031
2020-06-03,1.0190406560875802,0.9620563035495716,0.9445709001098395,0.9230512562351969,1.0188533673790414,0.9050526184698833,0.961425748898879,1.031
2020-06-04,0.9208816814398032,1.010351966873706,0.9551364189584752,0.9362924773536221,0.9206882852229122,0.9301225768592998,0.9331625068032402,1.027
2020-06-05,0.9083762273390432,1.0268118977796397,0.9683680027231744,0.9508167269953863,0.9081779975420476,0.9590810009675714,0.9819322483366308,1.031
2020-06-06,0.9393503531063844,1.0367278797996662,0.9889153149992459,0.9675174418027027,0.9391493384452666,0.9934173946778065,1.067875209061175,1.025
2020-06-07,0.9636191981575492,1.0640373197625106,1.022119065509276,0.9882743177542865,0.9634169780548745,1.0309562141718076,1.1438403066951988,1.017
2020-06-08,0.9595735009866431,1.0512295081967213,1.0682726677912875,1.0146353556167838,0.9593693454621753,1.0724164041478814,1.2361270475124306,1.011
2020-06-09,1.0114253377903937,1.0734394124847002,1.1217131755848757,1.0474305325757458,1.0112238781900198,1.1148081284980789,1.382543992188217,1.003
2020-06-10,1.1591111859953023,1.109098228663446,1.1717708847279336,1.0854703504554184,1.1589233515212334,1.156271326882922,1.4927466815852384,0.994
2020-06-11,1.307753301456622,1.19210840972499,1.2087859372658951,1.1229803743588163,1.3075859295296388,1.1949970826936562,1.4554840344549422,0.985
2020-06-12,1.4456167951779553,1.4253411306042885,1.2260892488175392,1.153196323402058,1.4454734444230133,1.228798560327494,1.3818878352512334,0.976
2020-06-13,1.3765725942447071,1.475864690231851,1.2236170412415595,1.1722214724476938,1.3764405001759787,1.2542609212807263,1.2260857002896697,0.964
2020-06-14,1.2606599264410352,1.4707803992740471,1.2028392591770225,1.1776028095971063,1.260533341940508,1.2694516612943727,1.0858382546299352,0.949
2020-06-15,1.2313411572710602,1.4205951186894015,1.1661188095798098,1.169230940068196,1.2312209508130205,1.2720383439067013,0.9835867003876576,0.946
2020-06-16,1.1754904606833885,1.1920131291028446,1.1188443328621547,1.1486349027623493,1.175373688194658,1.262534897442333,0.8995416437410251,0.937
2020-06-17,1.037740869498168,1.1254184908575844,1.0688685240773477,1.1192052992068617,1.037621740602411,1.2398472156914515,0.8501367943705321,0.931
2020-06-18,0.982600980322731,1.035538005923001,1.0218338827415172,1.0855477816695935,0.982479583632001,1.2082556165734464,0.8888096382150321,0.926
2020-06-19,0.8868350198896565,0.8265474229230407,0.9821434900469537,1.0518582543248844,0.8867070721941201,1.1654138792009354,0.9120797456638404,0.924
2020-06-20,0.8550876903568757,0.7620468104635154,0.9497415573982707,1.0200516180813874,0.8549532480379808,1.1173076312007941,0.9290542882284664,0.92
2020-06-21,0.889570350488139,0.7308924485125858,0.9245102394605906,0.9916185189242703,0.8894315517688602,1.0661705635501053,0.9470102394815612,0.922
2020-06-22,0.9132418652012074,0.7275977121067684,0.9082096815922323,0.9673162630888794,0.9130998006547895,1.0149324107698652,0.9369432443963563,0.926
2020-06-23,0.9075649380341393,0.8342824601366743,0.9011831929152271,0.948037535777192,0.9074192584438948,0.9670061696206251,0.8936316036233851,0.926
2020-06-24,0.9211972736469984,0.8657031014754591,0.9000030874916795,0.932711651833863,0.9210489608454071,0.923025206413185,0.8689835512801272,0.934
2020-06-25,0.9111870615751443,0.8860363180964308,0.9015118610614136,0.9216987079522714,0.9110350855962414,0.8842972903065796,0.8805046626507468,0.938
2020-06-26,0.8852228556493643,0.9285948247625286,0.9026477917170413,0.9142586785395257,0.8850657863850669,0.8530447734586679,0.8932178146997608,0.946
2020-06-27,0.9010390819444015,0.9457337883959044,0.902807874659211,0.9095268465004155,0.9008782574562684,0.8290451446211182,0.9230470718937434,0.953
2020-06-28,0.9052767296923655,0.9405217391304348,0.9034466300302485,0.9073949090983678,0.9051119230562722,0.8119444584801667,0.9426187456610876,0.967
2020-06-29,0.896310134783836,0.9250883392226148,0.905314592085623,0.907824467623909,0.896140770677013,0.8018198319536175,0.945240779700032,0.978
2020-06-30,0.8965425606074315,0.9044091710758377,0.9078923471743692,0.9097991924559051,0.8963687207150635,0.7979430960706368,0.9371914137966708,0.987
2020-07-01,0.9095929852887604,0.9177192349332371,0.9129106794070433,0.9132530685400624,0.9094154401369562,0.8026849861322223,0.9429453706292756,0.997
2020-07-02,0.9119848927328872,0.9201183431952663,0.9203801775347153,0.9169428207308589,0.9118034768811318,0.8128113622459963,0.9591743949925118,1.011
2020-07-03,0.9298181741932533,0.9278074866310161,0.9317489901753,0.9216569631935158,0.9296341949697051,0.828218528830006,0.9838845444645268,1.022
2020-07-04,0.9401423477461983,0.9286271450858035,0.9466931366400659,0.9287490958576625,0.9399560510357101,0.8483463781032763,1.00928011469503,1.033
2020-07-05,0.9482832265637132,0.9500589854502556,0.9640677742344523,0.9386502142698252,0.9480950207303656,0.8728531987361129,1.0412201390835771,1.045
2020-07-06,0.9578556437845903,1.005225080385852,0.9833109120636284,0.9517003763158738,0.9576659852937007,0.8997341898120882,1.077116266784752,1.056
2020-07-07,0.9978876653777433,1.065459036640593,1.0046793318756095,0.9677566696470291,0.9976994494937065,0.9296241708873799,1.1210379130751422,1.067
2020-07-08,1.029583196583079,1.115497690046199,1.0270250497484323,0.9862741630927454,1.029397777114322,0.9618996123636996,1.1335400198300658,1.075
2020-07-09,1.069409161766057,1.1705298013245033,1.0489434612740531,1.006585026944222,1.0692288494860827,0.9949723595170341,1.143510494056744,1.084
2020-07-10,1.081929961097781,1.1875249900039984,1.0682407024948286,1.0275855076604243,1.0817543026913738,1.0284304582854071,1.1404702091212235,1.091
2020-07-11,1.1155871644956823,1.2252704791344669,1.0849335781443994,1.0487544461139864,1.1154181923618585,1.0595542914598886,1.154795913344546,1.099
2020-07-12,1.0988593975459189,1.228539156626506,1.100212061361261,1.0698335444065266,1.0986944082667787,1.090722486600261,1.1439762653158605,1.105
2020-07-13,1.115867680597211,1.1902404526166903,1.113388416149495,1.0902458321367678,1.115708319543502,1.1207021233271663,1.1434903926808488,1.107
2020-07-14,1.1006036296822055,1.1673400673400673,1.1243628006948128,1.1092676084873003,1.1004478745570836,1.1460454322258773,1.1434729922230915,1.111
2020-07-15,1.1268265212974526,1.1431725007883948,1.1318590151767138,1.1261610956344499,1.1266765784086525,1.1678181020333536,1.1749987849017394,1.111
2020-07-16,1.1377414182765622,1.1562978853815506,1.1365084403878352,1.1402333252651013,1.1375969154657426,1.1853259864079597,1.193799935462164,1.109
2020-07-17,1.1860285213920043,1.1743909685086156,1.1401120807789593,1.150709518513597,1.1858921624468721,1.2002888588407705,1.205963629431571,1.109
2020-07-18,1.1627280930069293,1.1915200461494087,1.1428679538481572,1.156828314398275,1.1625966913740138,1.2094390087470392,1.1789988966493974,1.108
2020-07-19,1.1239674745702786,1.1966896551724138,1.1437250322984123,1.1586572194569764,1.123839319687016,1.2140663307694068,1.14195124680824,1.107
2020-07-20,1.1094609517020702,1.1916247018287836,1.1424404683136804,1.156518245888421,1.1093358477908475,1.2136000087688628,1.1261337900515715,1.101
2020-07-21,1.1438177750890832,1.1705034151277511,1.1395460218433873,1.1507922169672948,1.1436977573034062,1.21018473388307,1.152003284907797,1.098
2020-07-22,1.1588783753539598,1.1418542725732268,1.136459936744573,1.142785001456296,1.1587633203415204,1.204718750791534,1.1593493139827358,1.095
2020-07-23,1.1517538696696124,1.1180267404333795,1.1342817460993242,1.1336985665072368,1.1516430436485905,1.1966372251445985,1.1524061840782491,1.092
2020-07-24,1.136716438812426,1.0934163701067616,1.1331295874075338,1.1247548095645121,1.1366090761449528,1.1877180892432637,1.154972793974653,1.085
2020-07-25,1.1033699273575124,1.0633239680138318,1.1325658863322876,1.1170208226968323,1.1032645853332312,1.178118052668082,1.1471913273655072,1.083
2020-07-26,1.0973887723149884,1.0614797540809837,1.1320996710332625,1.1112931487860094,1.0972857493104402,1.168977278949689,1.1552213849764208,1.074
2020-07-27,1.1339930991210474,1.0496907216494846,1.132109170190652,1.1080131162172546,1.1338940389017622,1.160465577896014,1.1618934036875257,1.067
2020-07-28,1.1398428327322154,1.0775020341741253,1.1323956975043616,1.1069893038345433,1.1397472469445658,1.1527814272395862,1.1639179553789354,1.061
2020-07-29,1.14160041240645,1.1339430894308944,1.1330072856123343,1.1078358170741749,1.1415082782864168,1.1471739310953826,1.1548732779446973,1.055
2020-07-30,1.1646617852405072,1.1651687637307768,1.1331771545792277,1.1110459193378044,1.1645738312736214,1.1437802273230058,1.1502169599109755,1.05
2020-07-31,1.1350506235631894,1.1907287369868396,1.1334047114696442,1.1164122137572443,1.134965105366923,1.1427023992858096,1.130555631312721,1.04
2020-08-01,1.1244156022645604,1.1912403247121013,1.1343922282592154,1.1234896726045764,1.1243325811469849,1.1428119427076215,1.141217210650118,1.037
2020-08-02,1.093692404590899,1.17422477146442,1.1365032849653576,1.1317458207353166,1.0936107335883987,1.1457595755651147,1.1557983298660168,1.032
2020-08-03,1.1207909191135308,1.170380527939664,1.1386757803365983,1.1402480604730916,1.1207120250474676,1.1487663349866888,1.1888193913433958,1.021
2020-08-04,1.1303719236347685,1.1558891454965359,1.1404187120118372,1.1482086075270101,1.1302956130395654,1.1539356202605737,1.1987700533585974,1.019
2020-08-05,1.166417454320607,1.1345483359746433,1.1419776324138458,1.1546365711408297,1.1663448386706032,1.1600175505752905,1.2008356048593192,1.012
2020-08-06,1.1687075417320574,1.1419630590749503,1.1436575559424729,1.1581377665318626,1.1686380068273712,1.1663924629823383,1.171557612286675,1.009
2020-08-07,1.1732053730733727,1.1420620972466315,1.1445556697347334,1.1586859323100442,1.1731389472430853,1.1710613783992523,1.1412970124175867,1.006
2020-08-08,1.1285149887395296,1.1601255886970172,1.143709497729191,1.1569808486176472,1.1284501030433576,1.1755979915503634,1.129730035817577,1.006
2020-08-09,1.1165558463383214,1.1845229780695627,1.14092846537891,1.153153684739384,1.1164926755905202,1.178574536972964,1.1562058876899988,1.002
2020-08-10,1.14904818199322,1.1693623847079266,1.1364630781233553,1.1477747377323784,1.1489876263097687,1.1813415484117575,1.1852265576035752,1
2020-08-11,1.1523432008215413,1.147345473198256,1.1305129331545671,1.1414107675700247,1.152284911705938,1.1811474941966449,1.1533783766720864,1.002
2020-08-12,1.1332176640215705,1.1161274449501783,1.1227232895368742,1.1338095402470973,1.133161105532505,1.1762818534090014,1.111766905649491,0.998
2020-08-13,1.1120623081064849,1.0715801886792453,1.1127946939302664,1.124566585512117,1.1120070799033839,1.168867300893147,1.07911836215123,0.996
2020-08-14,1.1167539000835538,1.0557841792409695,1.1003512135266738,1.1132969066445069,1.116700264833531,1.1576297047459891,1.0666040906302594,0.998
2020-08-15,1.105024304643471,1.0295070973510674,1.0859863252931854,1.0999293008133062,1.1049718833013258,1.1430484575104987,1.050520274853357,0.999
2020-08-16,1.0852170023455228,0.9914030640361512,1.0700505183341005,1.0851339314213442,1.0851654635365917,1.1250628270881218,1.0436771323986676,1
2020-08-17,1.0500261909467847,0.9718278859909761,1.0534665057628732,1.0693426780423863,1.049974898129564,1.1045108598991025,1.024318659267023,1.003
2020-08-18,1.0332017926190922,0.9465136422693807,1.036770614453292,1.05274058939583,1.033150676391286,1.0837107193812459,0.9976011204701136,1.005
2020-08-19,1.011679468653459,0.948214091846705,1.0205665912846054,1.035673636243211,1.011628176638277,1.0603099735689794,0.9677875594986922,1.006
2020-08-20,1.001535041873508,0.9724291272929405,1.0053396782865638,1.0188382416557196,1.0014835645547429,1.035973385828342,0.9528881081075248,1.009
2020-08-21,0.971728959606781,0.9759936587022987,0.9918484356577144,1.0033096393262557,0.9716767295638722,1.01371114082417,0.9507768020124312,1.016
2020-08-22,0.9693624342600105,0.975177304964539,0.9805493199690102,0.9897232804502358,0.9693096667098331,0.9917048062154501,0.9658196059774252,1.018
2020-08-23,0.9766507358486289,0.9848866498740554,0.972373210591449,0.9788824170040344,0.9765975947336266,0.9730827465173071,0.984428986653402,1.022
2020-08-24,0.9565249645704778,0.9810220647078999,0.967993535320876,0.971157026927506,0.9564709911737684,0.9565886463182878,0.97865202545481,1.024
2020-08-25,0.9493973547571914,0.9778396565726882,0.967773719906629,0.9665757682281829,0.9493425760262377,0.945677045006635,0.9822841987477354,1.03
2020-08-26,0.9391898980734105,0.9726686217008798,0.9717324947409937,0.965812845376895,0.9391340918378509,0.9383114922539137,0.9867511689782766,1.031
2020-08-27,0.9534643280884457,0.9564054870960241,0.9791263594677343,0.9691682276141422,0.953407927450162,0.936119119382045,1.022258410066959,1.038
2020-08-28,0.9800118047960967,0.976576156625102,0.9891613349171724,0.9760077871246979,0.979955329668774,0.9363105828647076,1.0538693178976752,1.043
2020-08-29,1.0185152805884041,1.0097294731846227,1.000872000539059,0.9855427330307192,1.0184594869472243,0.9432194809354977,1.0804279792644709,1.046
2020-08-30,1.017116640397261,1.0311143270622287,1.0132532693153842,0.9965105737852494,1.0170611784572239,0.9527685752391881,1.0824963552672744,1.054
2020-08-31,1.0374670611062806,1.0562781086665856,1.0249428268053642,1.0084110346583828,1.0374124458347531,0.9661062424412193,1.0782167852742386,1.053
2020-09-01,1.0334062404977196,1.060381861575179,1.0349372272078055,1.0211384167287973,1.0333521089379032,0.9829929252231032,1.0524101439267532,1.06
2020-09-02,1.0638331636348117,1.0769682726204466,1.043115430419095,1.0336234417880783,1.0637802715104865,1.0017422571779426,1.0555387568113632,1.066
2020-09-03,1.0537979606447974,1.0985964912280701,1.0507526190327974,1.0454443283085568,1.0537457305517188,1.02274527162993,1.0546017859177643,1.068
2020-09-04,1.0565290071913709,1.0922899884925201,1.059359697670452,1.0568819772113658,1.0564776206508482,1.0435401918675324,1.0845070897979898,1.071
2020-09-05,1.0545270188242546,1.0984695025883413,1.0692172162424007,1.067730373488215,1.0544763288484997,1.063812821025905,1.116643949920289,1.074
2020-09-06,1.0589760672316006,1.1055100927441353,1.0797841113247946,1.0774834223201617,1.0589261834849124,1.0819964804090563,1.1397691027263264,1.082
2020-09-07,1.0511022176337208,1.1177472585968273,1.0902504308895338,1.0851935447034766,1.051052906166644,1.097981301515655,1.149372259956789,1.084
2020-09-08,1.1034236406021893,1.146228402865571,1.099467911569261,1.0905556786218946,1.1033760820914784,1.1118054005101743,1.1695508118992826,1.087
2020-09-09,1.1195134379835348,1.1427107878291158,1.1064291048238957,1.093834980980205,1.1194674539483072,1.1218639073306753,1.1487925762720177,1.097
2020-09-10,1.1610776123455968,1.153474141334386,1.1095130175763803,1.0944768597826406,1.1610339249643946,1.127593390023811,1.13224325479364,1.099
2020-09-11,1.1627033088982615,1.1496332984093722,1.1072713282513118,1.092439750512071,1.1626614562052897,1.1296671638721296,1.101223575866494,1.104
2020-09-12,1.1279530669562703,1.135845588235294,1.100367733777517,1.0886835489232887,1.127912335259423,1.1295144036399842,1.0724116417443013,1.112
2020-09-13,1.0854628080205486,1.116370808678501,1.0901427487788122,1.083874972596027,1.0854226285498099,1.1261701197688037,1.0549468406306437,1.115
2020-09-14,1.0783434643949574,1.0709335158723368,1.0784649089668619,1.0787076025686542,1.0783039619473886,1.1182855746045337,1.0443216985315624,1.12
2020-09-15,1.041944495765732,1.0338856669428336,1.0677636267069306,1.0737548087303133,1.0419050571249986,1.108702671235375,1.033760368230247,1.126
2020-09-16,1.035290420871574,1.0141608674542806,1.0595630500591606,1.069548050600878,1.0352512174416193,1.0992002516053843,1.050212459854639,1.135
2020-09-17,1.0313155388731408,1.0118856408609058,1.05466190105051,1.0667472427445819,1.0312765212829929,1.088179573260351,1.076942406436141,1.142
2020-09-18,1.0353822497432692,1.0218120805369129,1.053361911369218,1.0650072973826674,1.035343551351085,1.0769399456902136,1.0950171718291877,1.147
2020-09-19,1.05825755191823,1.0403077169645003,1.0550654833375492,1.0638650979901791,1.0582195421629135,1.0677813869415778,1.1076715153019334,1.155
2020-09-20,1.0577857922886695,1.0636719061677171,1.059358664551194,1.0636821907562666,1.0577483239709795,1.0602545420734657,1.1011317801437188,1.161
2020-09-21,1.0553165825449895,1.093968253968254,1.0657914136302082,1.0648079101531889,1.0552796384432306,1.0558688119434616,1.093245677050951,1.174
2020-09-22,1.0663469537020158,1.1112674955039488,1.0734587943827982,1.0674180603129868,1.066310698438018,1.0533026372996384,1.0930267636683153,1.183
2020-09-23,1.08574660314201,1.1158527191495917,1.082311279195186,1.0717765634915013,1.0857112553043005,1.055053246349602,1.1172834001967962,1.194
2020-09-24,1.0993529618795688,1.122121371239967,1.0931612051053978,1.0786257309381417,1.099318599716854,1.0599530201450889,1.1464941017478756,1.204
2020-09-25,1.1145585682112251,1.1296430644225188,1.1070589020908466,1.0888505408934226,1.1145253170609108,1.0692465419243042,1.169649088330932,1.208
2020-09-26,1.1098804802816211,1.1451590205460174,1.1233165240984502,1.1023661207079343,1.1098481381821172,1.0830686254085413,1.1903836913573869,1.217
2020-09-27,1.0979727106757795,1.1882507248377745,1.1417289129179713,1.1193633241354968,1.0979411095516798,1.0990581082647626,1.2081977390271703,1.225
2020-09-28,1.1107860437828097,1.2318336787218398,1.1620822973691947,1.13994914864998,1.110755389865981,1.1189382589558925,1.24569099706178,1.227
2020-09-29,1.1729589976098278,1.275255282255475,1.1841223531013585,1.1628887250181603,1.1729300130570917,1.1404028571076117,1.2963379668257091,1.229
2020-09-30,1.2305876462714458,1.3132411674347158,1.2063204272149215,1.1867606563434192,1.2305606587614786,1.1644980897682131,1.3142205079210365,1.241
2020-10-01,1.26117867158019,1.3633300412478941,1.2261497397758399,1.2095845407258385,1.2611536374643277,1.1913343497687303,1.3111529934278376,1.246
2020-10-02,1.2951751728457535,1.3835133228414827,1.2416174188742246,1.2294685319757308,1.2951521726667663,1.2173303983557129,1.308905831323104,1.253
2020-10-03,1.2692695450845113,1.3910459787480485,1.2532970096625562,1.24633811317237,1.269247954397958,1.241429459418843,1.2906488967857277,1.254
2020-10-04,1.2375324136361037,1.3845973892294017,1.2616134444785885,1.2599085108936607,1.2375119546670004,1.2647587727242562,1.285776241665482,1.254
2020-10-05,1.2466120857567649,1.346529168619764,1.2670948077072146,1.2701110342470014,1.246592886580391,1.2859137416215076,1.291772930655411,1.258
2020-10-06,1.2478898742078035,1.3160743704401034,1.270421050120497,1.2769314860333911,1.2478718184914566,1.3042432787250307,1.2976257858964302,1.261
2020-10-07,1.2821629456480252,1.2899500398233292,1.2720512243072046,1.280433098957155,1.2821462526114653,1.3195214562586832,1.3193335358840388,1.264
2020-10-08,1.312144038038773,1.2966242016693137,1.2730276751818936,1.281998901222708,1.312128707744582,1.3332929810003602,1.3216858282373387,1.258
2020-10-09,1.3107939058115639,1.3111807335675179,1.2746679879970433,1.283274255068459,1.3107797280098514,1.344797144431239,1.3086092641654448,1.255
2020-10-10,1.2792335517016018,1.3399201239866476,1.2783235658314795,1.2852123204444375,1.2792202400715407,1.3532956801435856,1.295349103301579,1.255
2020-10-11,1.2354180198876226,1.3659453846369733,1.284357003566302,1.2887195599786452,1.2354053411929353,1.3596400844440328,1.297838403683406,1.248
2020-10-12,1.2303617492355592,1.3773422636887231,1.2919170025299525,1.2941071033532745,1.230349752511854,1.3645861138917033,1.3180730203661737,1.246
2020-10-13,1.2715753851573741,1.3732863487159683,1.2994324052869974,1.301499729288566,1.2715642611077878,1.3696204398226692,1.3576758599900307,1.236
2020-10-14,1.316222279280095,1.375892519518651,1.305904957361504,1.3100581551146733,1.3162121017995148,1.374835123281007,1.3837629120313286,1.228
2020-10-15,1.3532386589950234,1.4009451407437847,1.3108294395943063,1.3179277558423133,1.353229433252375,1.3794630267158905,1.386648734594794,1.224
2020-10-16,1.364751746275639,1.4219299905392622,1.3136066182580264,1.3239100730792277,1.3647433575639503,1.3830783374813236,1.3656911870280433,1.211
2020-10-17,1.3474410619290775,1.4430384196281065,1.3131030805137636,1.3277502465850037,1.3474333438460577,1.3870519824362,1.340281164977049,1.2
2020-10-18,1.3000428265054984,1.4298693740300052,1.3084307678398208,1.3283333514834927,1.3000355836521176,1.38974874189087,1.309861960354167,1.187
2020-10-19,1.2958045425646159,1.3894755367828229,1.2991890425388002,1.3247990758927843,1.2957978049713943,1.3899159066566034,1.2867212272838076,1.18
2020-10-20,1.3022311803517925,1.3369439380430876,1.2860068138947938,1.3169427291151432,1.3022249317908015,1.3869783138681988,1.2651995585547149,1.17
2020-10-21,1.3048777559794589,1.2869583221689036,1.2699941826338024,1.3046541298552,1.304871964064398,1.381892994104846,1.241735290703754,1.158
2020-10-22,1.2858201840801737,1.2554892250638807,1.2521443453700105,1.2881043824702565,1.285814763718346,1.3738020750067852,1.216310325156445,1.144
2020-10-23,1.2626386765783448,1.2100485539370909,1.2328791171240632,1.2679966832448653,1.2626335702742846,1.3608178859359104,1.1965893795622065,1.136
2020-10-24,1.2154698066700127,1.1678710062705284,1.212688323871349,1.2454113556376072,1.215464910678488,1.345316719696836,1.1805283443733008,1.128
2020-10-25,1.1847531474318262,1.1272677373257498,1.192109387055117,1.2215475412118646,1.1847484338837082,1.3242240722104643,1.167321908360425,1.118
2020-10-26,1.1675132386519598,1.0852462559549003,1.1720631885781077,1.1974592293608413,1.1675086907017809,1.299548554444292,1.134923189044578,1.108
2020-10-27,1.1563404752400628,1.0557833217027215,1.1532621559198768,1.1739027812198073,1.1563360815611103,1.2723927678456963,1.1004066985097516,1.098
2020-10-28,1.1326189256644077,1.040055907820277,1.1359661298644088,1.1513708319237865,1.1326146467343599,1.244194793611833,1.0728624796815138,1.09
2020-10-29,1.1198170465349997,1.0393653192293162,1.1199584462701,1.1300418563461523,1.1198128765107398,1.2135092428699745,1.0708868482222478,1.078
2020-10-30,1.108295044826516,1.0323544299595881,1.105178356665625,1.1102554191475127,1.1082909693813374,1.1823645111855012,1.07861837654759,1.072
2020-10-31,1.0976994714125012,1.0272896269674061,1.0915761232739318,1.0921564147390141,1.0976954799903742,1.1528096202614226,1.0819890169732922,1.068
2020-11-01,1.070721731680145,1.0166426300435938,1.0793541962189914,1.0758406683246993,1.0707177842137447,1.1212895366391162,1.0721520921095062,1.059
2020-11-02,1.0597609768085665,0.9930373816677975,1.068519779876707,1.0612055955799455,1.0597570739094822,1.0953094504680265,1.049544005149396,1.052
2020-11-03,1.048987225861279,0.9836586071635265,1.0586845790252488,1.0479036897013463,1.0489833550551624,1.0719301353949724,1.0238814567270538,1.041
2020-11-04,1.0498123718750008,0.972043944731297,1.049404558157864,1.0359015926666117,1.0498085437305105,1.0510253288392437,1.014559182938619,1.043
2020-11-05,1.0486590064470103,0.9585546519219454,1.0407612986203705,1.0255063158545414,1.0486552190722305,1.032582456165636,1.0178113022633608,1.035
2020-11-06,1.0358750307719151,0.9625107774397683,1.0332059819109016,1.0166365753656077,1.0358712657178508,1.0173315892344146,1.0219438457968533,1.031
2020-11-07,1.0266273729469886,0.9661613891726252,1.0270211438156698,1.0090302640698814,1.0266236238163304,1.0057932982384896,1.0274282071147187,1.025
2020-11-08,1.010821332249042,0.9874071254819546,1.0221142723284473,1.0028793093372623,1.0108175784326767,0.9954172628967988,1.0208159503205598,1.021
2020-11-09,1.0001696551108585,1.0222072734916965,1.0180868983553906,0.9984429316736183,1.000165889799809,0.9875743705541705,1.0144575411727628,1.019
2020-11-10,1.0078733849565462,1.038019825407959,1.014751200669966,0.9958635979286883,1.0078696267607152,0.9818118270018856,1.015968791208281,1.014
2020-11-11,1.0152631876446614,1.0502224402456146,1.012259244517468,0.9949294424968264,1.015259444980433,0.9766257733824059,1.0177051642574328,1.012
2020-11-12,1.0142202687654445,1.052329478800067,1.0104946737308873,0.995314897067168,1.014216538230518,0.9740530081495948,1.018765265678526,1.013
2020-11-13,1.0182936750309042,1.0412862148956123,1.0087911548457253,0.9966723654310183,1.0182899645166903,0.9715243751498717,1.02093453902491,1.01
2020-11-14,1.0064920109142284,1.0360085319786374,1.006539461638451,0.9985839760838956,1.0064882984412147,0.9703091262255698,1.0112613663179493,1.014
2020-11-15,1.004642268075138,1.0217198724350096,1.003322789659822,1.0004995888303185,1.0046385583617972,0.969557151709756,1.0033430791015867,1.013
2020-11-16,1.0077872970260746,0.9977783971015647,0.9994428020294155,1.0019927417541086,1.007783594463704,0.9692513970357719,0.9940807150722886,1.014
2020-11-17,0.9987997994095953,0.9751629339969191,0.9955612353091775,1.0027776965955075,0.9987960888371135,0.9690222537501543,0.9792317639803146,1.012
2020-11-18,0.9865855650951184,0.9544929472319359,0.9919143093585501,1.0026650186873438,0.9865818332132675,0.9672436789772701,0.977134628516972,1.013
2020-11-19,0.9840549778404523,0.941829761407436,0.9885763163199766,1.001291333347746,0.9840512265751317,0.9663375560012663,0.989322728829352,1.013
2020-11-20,0.9722873648563323,0.937584792428136,0.9859078813453706,0.9984856158871335,0.9722835763821143,0.966208814472892,0.9998390210159052,1.019
2020-11-21,0.9802774534830331,0.9380108715904765,0.9844532860970738,0.9947852241580214,0.9802736486227549,0.9669061699946235,1.0083444704185522,1.017
2020-11-22,0.9855717306549822,0.9430036883356385,0.9849280450148897,0.9910699557069822,0.9855679127188133,0.9682325761848567,1.006151266895006,1.021
2020-11-23,0.9744823911053018,0.9554687042321888,0.9875425191424371,0.9881585752957945,0.9744785415111173,0.9707817719862859,1.0004662071515522,1.026
2020-11-24,0.9787734911342845,0.9806528492999106,0.9919524597147892,0.9868030543202183,0.9787696235583683,0.9747619235387353,1.0140899017836391,1.029
2020-11-25,0.9947255147880346,1.0022541001304097,0.9979301031247851,0.9874970443630057,0.9947216512028388,0.9796726085083127,1.040275908137644,1.032
2020-11-26,1.0092049977087725,1.0327393684357566,1.0053695366724256,0.9908230821064974,1.0092011541793744,0.9862883525422301,1.066633675981635,1.035
2020-11-27,1.0222916287850536,1.0651408450704225,1.0142480801135723,0.9973463170807056,1.0222878195098102,0.9958635381758005,1.0772131698795089,1.036
2020-11-28,1.0219278427553493,1.087681838697358,1.0243690362247126,1.0069794601417317,1.0219240586718388,1.0063160690446113,1.076037840406766,1.042
2020-11-29,1.0268593497622336,1.1216630762602326,1.0354976825734794,1.019253607412749,1.0268555984392445,1.0190271426882687,1.0794990810957712,1.043
2020-11-30,1.0443168303390427,1.1437641071594626,1.0470822784066256,1.0334745859934769,1.0443131345848078,1.034504245732668,1.0856461683426009,1.048
2020-12-01,1.0603985825121411,1.1532256074996916,1.058312932510798,1.0489141376266324,1.06039495631047,1.0501227286105155,1.091855812065753,1.046
2020-12-02,1.076401740872702,1.1625756100675104,1.0682929851353815,1.0648325878002314,1.0763981990183846,1.0670740332333875,1.1098456453092165,1.049
2020-12-03,1.0870613024500517,1.1604222203443215,1.0762312426183138,1.0801655740911993,1.0870578491256728,1.0837581026111884,1.1312373761832712,1.046
2020-12-04,1.0996708045890053,1.1542901912089698,1.0816447977130998,1.0935953000396705,1.0996674495102363,1.1003993527198297,1.1368738660867137,1.049
2020-12-05,1.1061907429558715,1.1461800653175316,1.0849607575698699,1.1040645256591455,1.1061874841970256,1.115813459189026,1.1217267875203545,1.053
2020-12-06,1.0920728965135356,1.1293046050780098,1.0868871937933822,1.1111254148065473,1.0920697068797485,1.1296385560979874,1.0954302815919843,1.052
2020-12-07,1.0849013055624226,1.108486537659466,1.0875169934463764,1.1147481242690689,1.0848981806522537,1.1400002120342632,1.0744218627227209,1.051
2020-12-08,1.089489964815779,1.0886010296339932,1.0863957791673378,1.1148461661125812,1.0894869111550263,1.1467547410922183,1.0585216037957914,1.048
2020-12-09,1.0905562757176646,1.0668354713882218,1.0832174040505729,1.1113692142163734,1.0905532905848678,1.1478178602315885,1.0629219844845696,1.047
2020-12-10,1.0862478229743504,1.0540890442182038,1.0782758437100097,1.1046303486247924,1.0862448995127232,1.145548133770497,1.0862472074647171,1.042
2020-12-11,1.078843718213284,1.0397639723360288,1.0720596853280073,1.0951688285498251,1.0788408477931883,1.1391109614399446,1.0910352027195374,1.04
2020-12-12,1.0657833699477945,1.0255162961960838,1.0635560807610074,1.083610028400923,1.0657805385997998,1.124059316299201,1.0674946760104853,1.04
2020-12-13,1.0575031488158306,1.0113423644602026,1.0509732488768462,1.0698585987511553,1.0575003519630384,1.104424384605934,1.034178751398851,1.035
2020-12-14,1.049813235099427,0.9922502075837254,1.0336965814116044,1.0535693344208719,1.0498104665126733,1.0819858536160485,0.9918601603841922,1.029
2020-12-15,1.0502757716245459,0.974703611800386,1.0127573769932687,1.0350850682620856,1.0502730356512142,1.0541380991991152,0.9383714861293468,1.024
2020-12-16,1.0529215664964464,0.9601771180461952,0.9900275746721712,1.0156896228978063,1.0529188659732815,1.0241682602660647,0.8901550850435476,1.014
2020-12-17,0.9774364898110552,0.9365435401842861,0.9675556334608991,0.9958545354252438,0.9774337357567808,0.9924940534896203,0.8304679092719558,1.008
2020-12-18,0.8879969255962716,0.909199209669921,0.9468027982906403,0.9759500650983781,0.8879940464788523,0.9620462212695287,0.819390037193002,1.001
2020-12-19,0.8580429468558707,0.8813556325578106,0.9282950144849171,0.9575276150832458,0.8580399314321859,0.9327832544302093,0.8710968500518955,0.996
2020-12-20,0.8703650200542602,0.850099161310363,0.9127153023571877,0.9414695662552858,0.8703618876302398,0.9061562519081481,0.9437878127624802,0.992
2020-12-21,0.8740407470621852,0.825761447103515,0.9014701973088987,0.9281047084053007,0.8740375011154783,0.8832637534486896,0.9954739883284944,0.983
2020-12-22,0.8943489066833201,0.8296634815122559,0.8961408058001014,0.9176814835135337,0.8943455777570088,0.865833555416152,1.0131973684678504,0.977
2020-12-23,0.8999593357683942,0.855261134401808,0.8972515636473241,0.9097146541517735,0.8999559228549602,0.852692023575317,0.97846921900479,0.969
2020-12-24,0.9115477336030567,0.8939638816667838,0.9030843812673861,0.9046053873257156,0.9115442521602871,0.8468204410316142,0.9010330518678716,0.959
2020-12-25,0.9109490497217114,0.9336718336427554,0.9105307155507878,0.9032344687252221,0.9109454910793222,0.846870981565959,0.8655232999891604,0.953
2020-12-26,0.9198852575475007,0.9474904664689342,0.9201992774107722,0.9048147942213507,0.9198816344235743,0.8518131604857675,0.9206811011358688,0.946
2020-12-27,0.9305180694286935,0.946533554318594,0.9337129148575788,0.9091688456973421,0.9305143907953757,0.8627154005497575,1.0113960378886366,0.938
2020-12-28,0.9345867253948433,0.9524052821883352,0.9513738329156857,0.9169298144153316,0.9345829918762907,0.8788895078845337,1.091583034715714,0.932
2020-12-29,0.9489809443523664,0.9660610900379317,0.9713681106687186,0.9277907350003919,0.9489771756093496,0.8991746119904007,1.1458469784980942,0.925
2020-12-30,0.9339482836658517,0.979372138971778,0.9908586239894875,0.9405592491025834,0.9339444461915285,0.9229001492973796,1.131327596599371,0.917
2020-12-31,0.9994974910552314,0.9865948642554492,1.0074229496381861,0.9535128535508259,0.9994936992300396,0.9471023952695325,1.1167461421742704,0.911
2021-01-01,1.1108059787866895,0.9907233937193084,1.0203104060404489,0.9645540072436078,1.110802371528516,0.9715253262564549,1.089499218368613,0.907
2021-01-02,1.1248922578554659,0.9982475718123579,1.0275675067181815,0.9720095081114601,1.1248887887635917,0.9925740942143628,1.0342561134636812,0.904
2021-01-03,1.0810738314950767,1.0112492943247102,1.0279346384822132,0.9754860446325718,1.0810704237963142,1.011003500087082,0.9913916330955383,0.899
2021-01-04,1.0507943729229854,1.0229384679782336,1.0209194657578613,0.9749231550115562,1.0507909979542984,1.0255096940598099,0.9615696485516936,0.899
2021-01-05,1.0030189489409413,0.9949933772627686,1.007272213226429,0.9707825766964462,1.0030155457300227,1.0328934945658426,0.9288767267183546,0.893
2021-01-06,0.9772601996052155,0.9589443786590264,0.9888011772801234,0.9639180491740312,0.9772567557038913,1.0338824512753364,0.9196111134283076,0.894
2021-01-07,0.9454787138001252,0.9119098245585229,0.9685487666109182,0.9550421367508275,0.9454751930858399,1.0288219462900898,0.9195521182617435,0.891
2021-01-08,0.916133160518983,0.8766593010884688,0.9494262455874983,0.9453243798523114,0.9161295367465506,1.016934600429217,0.9211034330367114,0.89
2021-01-09,0.9150271554868188,0.8758037508372405,0.932865546656291,0.9360370457237798,0.9150234399794037,0.9989319682445317,0.915636858301118,0.885
2021-01-10,0.9230998673554892,0.8843400544017961,0.9192344314165815,0.9275913785535446,0.9230960729990313,0.979063877897661,0.9050285830105615,0.886
2021-01-11,0.9076904269282411,0.903922504208792,0.9087737509439715,0.9204350766573868,0.9076865284152758,0.9557805501521326,0.8923989954195122,0.887
2021-01-12,0.8957137913967345,0.9244018334749204,0.9013308808630517,0.9149053680494577,0.8957097780142527,0.933391515036772,0.887761964826541,0.887
2021-01-13,0.8821968037855737,0.9282832724700304,0.8965672406629478,0.9112460710836591,0.8821926543881546,0.9110444785897959,0.8924947382660812,0.889
2021-01-14,0.8782487199814881,0.9352120377693802,0.8936130909011856,0.9101432190070673,0.8782444319640388,0.8908777259522265,0.9040293703448,0.887
2021-01-15,0.8778537997455569,0.940162342512823,0.8912708865725347,0.9109640734965886,0.8778493709438998,0.8733330407527187,0.9104051260999572,0.89
2021-01-16,0.8888385771645844,0.9400632189131598,0.889255046020228,0.9126434206627516,0.8888340263764605,0.8584250401268572,0.909018098930245,0.886
2021-01-17,0.8989361938157298,0.9399097874443895,0.887541546328373,0.9147449863410962,0.8989315322317396,0.8479701149293278,0.898792651464575,0.892
2021-01-18,0.8978637628058375,0.9329477113264283,0.8860703183577783,0.9166652188467962,0.8978589819641081,0.8404744722218747,0.8897369765663419,0.891
2021-01-19,0.890416806802275,0.9284299289172325,0.8850264826697665,0.9180267594755257,0.8904118898116107,0.835309226207106,0.8942438282314459,0.893
2021-01-20,0.87762685837896115,0.9191178050405002,0.8845674943664953,0.9188260383483591,0.8776217780972603,0.833069245327169,0.8931197235917667,0.892
2021-01-21,0.8682353667999513,0.9064852249942478,0.8846457153539072,0.9187211155005206,0.8682301051050644,0.8322149598627282,0.9003316054223334,0.895
2021-01-22,0.869890975351207,0.8973968708731562,0.8851090939184028,0.9178851459716401,0.8698855349643883,0.8341867023412788,0.9148196597217708,0.895
2021-01-23,0.88059052223017,0.8815851028628153,0.885772938416167,0.9165717063883979,0.8805849213965651,0.8361666402493753,0.9198573391925752,0.897
2021-01-24,0.89769213309772,0.8814591441962668,0.8865088623398785,0.9145385419461252,0.8976864023736661,0.8382431085718902,0.9118383581615566,0.9
2021-01-25,0.9095750304519371,0.8859960838349409,0.8872424802185315,0.9119780799705585,0.9095691848606908,0.8411618638944606,0.9016915354938384,0.907
2021-01-26,0.8894031543641554,0.8895193674706308,0.8878420043520724,0.9089856326563287,0.8893971338240061,0.8455648905711697,0.895222510273866,0.911
2021-01-27,0.8822549629709087,0.8987743162962867,0.8880460998768697,0.9056923177849642,0.8822487595167037,0.8471121573155819,0.8980646419634207,0.917
2021-01-28,0.8862210255062654,0.8926075714380428,0.8874909807683027,0.9023365182347904,0.8862146423773569,0.8487220705973165,0.9018591595187464,0.918
2021-01-29,0.8786845940259617,0.8933180540776514,0.8859846724811508,0.8988378443381564,0.8786780040073834,0.850545994058914,0.9043571596282236,0.922
2021-01-30,0.885412181100706,0.895775793177899,0.8836008777967408,0.8953517891118961,0.885405405528275,0.8509964738867221,0.9070437379813244,0.926
2021-01-31,0.8957442865984995,0.8913049739350826,0.8806936593318122,0.8923140398039917,0.8957373417013489,0.8521483820503228,0.8884484651109101,0.927
2021-02-01,0.8947361263838068,0.8921950205003268,0.8775933551714222,0.8895579677343725,0.894728998719104,0.8535535913467942,0.8700102496649007,0.934
2021-02-02,0.871856227115773,0.8934669069362573,0.8749580420215561,0.8871335790346498,0.871848845440809,0.8548222752230906,0.8617189440379369,0.94
2021-02-03,0.8540306746786975,0.8905826929397587,0.8737272417241068,0.885133245690305,0.8540229946532684,0.8577873453498479,0.8854061079249071,0.947
2021-02-04,0.8540044738141278,0.8837851811161017,0.8748284483812879,0.8838766192580497,0.8539964949930664,0.8613758553340096,0.91501647142501,0.95
2021-02-05,0.8643633178969015,0.881499858472502,0.8787917884545654,0.8841739327177008,0.8643550647077373,0.8665694113410723,0.9339693728044556,0.954
2021-02-06,0.8478873988507534,0.883618774142823,0.8858696814978523,0.8862304377072511,0.8478788005455342,0.8731378204315583,0.9445964310829524,0.961
2021-02-07,0.8927249641028828,0.8898808477733647,0.8960553113932107,0.8899431297919361,0.8927161911116105,0.8822915053761533,0.9794726926125148,0.969
2021-02-08,0.9201277645941751,0.9144256960567448,0.9093072030278874,0.8952041260599695,0.9201188568324224,0.8930085540853436,0.9897634028325636,0.974
2021-02-09,0.9395633452837873,0.9389142835555891,0.924662089122535,0.9017613628225666,0.9395543574168734,0.9065328383482877,0.9952816113616568,0.982
2021-02-10,0.9463766972725233,0.965201075497611,0.9406995179104513,0.910012112471148,0.9463676243119524,0.9204510700417179,1.0026816149019246,0.988
2021-02-11,0.9549752328573707,0.9935026463385733,0.956272054699686,0.9202512693358879,0.9549660926374827,0.9364407158467558,1.0215292370772746,0.996
2021-02-12,0.9676072440237513,1.0149540183926429,0.9707480383117945,0.932301213476022,0.967598065700159,0.9534265913000461,1.0394113244294625,1.004
2021-02-13,1.0148203685065598,1.0342600788605456,0.9836795676560754,0.9457233551954407,1.014811315407732,0.9701508269361899,1.0521215535222923,1.007
2021-02-14,0.9953188096548802,1.0509038438414364,0.9951220857651659,0.959602724157315,0.9953097359180999,0.9868961129833284,1.0440336648301938,1.014
2021-02-15,0.9939389686023055,1.057129226548989,1.0046015042250565,0.9732112809948402,0.993929904041052,1.0022605142021483,1.0483570948511387,1.019
2021-02-16,1.012099417300341,1.0664394894421683,1.0118980976351182,0.9861235792632406,1.0120904140792533,1.0170130489184126,1.0591569221513537,1.022
2021-02-17,1.0326378096447595,1.0628464725447861,1.0173107209803944,0.997645681274556,1.0326289209638109,1.0298495289447134,1.0605493593147293,1.027
2021-02-18,1.034871313131417,1.0498493458941989,1.0215076654010298,1.0072437276389965,1.0348625194825334,1.0393114567108706,1.054755844902037,1.035
2021-02-19,1.0373574685317997,1.0418570542110903,1.0246770039661603,1.0146014191236088,1.0373487748187749,1.0469365273676199,1.0535435764763532,1.044
2021-02-20,1.024201232332482,1.023678912469293,1.0266845137968137,1.0196072579118647,1.0241925783711927,1.0511108021790003,1.0508210643413172,1.049
2021-02-21,1.0249168677673675,1.0131766772812123,1.026993561631472,1.0226732214327685,1.024908272715432,1.0518129196404542,1.0504820910198802,1.053
2021-02-22,1.024537708871789,1.010880621957422,1.0261463036110299,1.0241824673408035,1.0245291643225838,1.0525842326512356,1.0518577282509,1.056
2021-02-23,1.0323692274001859,1.000758026964102,1.025342220808667,1.0242671134568961,1.0323607645875459,1.0505953205906406,1.0515441344084062,1.059
2021-02-24,1.0249055272119127,1.0044025043754399,1.0253048036069978,1.0234376358890818,1.0248971068799217,1.0480206500655522,1.0383188354692097,1.064
2021-02-25,1.0233252196295302,1.0158592536396807,1.0258613797565967,1.022283119367833,1.0233168482368362,1.0433266960675072,1.0410439876452904,1.068
2021-02-26,1.022400812751016,1.0180050672943883,1.027151693858319,1.0215655148772984,1.0223924850918438,1.0410995236042573,1.0538206412329894,1.072
2021-02-27,1.0286932660911414,1.0380710202167758,1.0299664639343193,1.0224073109320342,1.0286850066438527,1.0376742927759066,1.0667683755604656,1.079
2021-02-28,1.0203654773103115,1.051754181112688,1.0354170554998323,1.0252156311777032,1.0203572475259122,1.0374976892487733,1.0753491336864085,1.086
2021-03-01,1.017508767732239,1.0601706970128022,1.0439069536723582,1.0302608963512399,1.0175005705758877,1.039131626109739,1.0954325392724753,1.087
2021-03-02,1.023711821898045,1.0827846715972675,1.0548423050537428,1.0377414839090424,1.0237036795680616,1.0420878502651454,1.1277140689032468,1.089
2021-03-03,1.0644466331935918,1.0950138985406532,1.0671837072871972,1.0473136863612649,1.0644386808318578,1.0490899845210298,1.1585698724587927,1.095
2021-03-04,1.0982400995857753,1.1151533784245407,1.0803860420449878,1.0586949555224405,1.0982323973830357,1.0593528279345716,1.168641550463222,1.1
2021-03-05,1.1171050091554213,1.1383838722662016,1.0939382877828765,1.0712638475524927,1.1170975747091811,1.070772637560133,1.1675838045433768,1.103
2021-03-06,1.1175879959662256,1.1511500904748708,1.107049069264693,1.0839567497104405,1.1175807948726884,1.0842142883265204,1.1606439997327205,1.105
2021-03-07,1.1057676834917263,1.1656221739199417,1.118598636306431,1.0961235670023157,1.1057606662530544,1.0993535516004895,1.1582444902953115,1.107
2021-03-08,1.1058322274826977,1.1718180425792617,1.127587214138829,1.1072361644615745,1.1058253990270308,1.1143189293067541,1.1708956593628947,1.112
2021-03-09,1.1403823350432412,1.1703867403314918,1.1335095773465251,1.1171371571060513,1.1403757887304045,1.130873973975919,1.1921446610421342,1.112
2021-03-10,1.1630663668432042,1.1681512426538272,1.1367862230427757,1.125410206148961,1.1630601153048823,1.1462210992829132,1.1870411799312324,1.111
2021-03-11,1.1629487829579068,1.1723607557031632,1.1383316471696998,1.131606670085521,1.1629427909714154,1.1618468494032812,1.1699817681559428,1.111
2021-03-12,1.1567196797536163,1.169982224081142,1.1388014473211157,1.1358852775700725,1.1567139186428765,1.174818344319662,1.159818742359546,1.11
2021-03-13,1.1461376499275675,1.1681017119838872,1.1384220221454866,1.138526122817298,1.146132086580419,1.187246607112034,1.150867675957174,1.108
2021-03-14,1.1186110811978922,1.1580331923044285,1.1374873845259397,1.140084903836401,1.1186056502638313,1.1964671609742377,1.1446154328785043,1.103
2021-03-15,1.1111678536337033,1.141168684910195,1.136210134896105,1.140874034973195,1.111162560739101,1.2031955146042437,1.1562836670629393,1.102
2021-03-16,1.1237904725189622,1.133109157329103,1.1345843720839908,1.1408056214764741,1.1237853475913824,1.205446655573199,1.1721487967671322,1.099
2021-03-17,1.1373673911118278,1.1274759143910167,1.1324122302346917,1.1401518939408248,1.1373624499475354,1.2055200486405093,1.1665691680556107,1.095
2021-03-18,1.1544732055648852,1.1308139230567915,1.129267740391694,1.1388833160671927,1.1544684696194283,1.1994182493007772,1.1566804172343736,1.09
2021-03-19,1.1539857864443361,1.1358937837012921,1.1246523139190543,1.1360969608620757,1.153981231778252,1.1890877031939366,1.138800679378467,1.087
2021-03-20,1.1345361303148611,1.1289288953740584,1.1175885466355744,1.1312235023845378,1.1345317120329548,1.1745815347173574,1.1123438340555434,1.085
2021-03-21,1.112577430321154,1.1178899477170412,1.1066560956811693,1.1242859005654244,1.1125731159119794,1.1562953109173213,1.0845435216139023,1.085
2021-03-22,1.1023394494210912,1.096870053045241,1.091424176470676,1.1153786178959144,1.1023352318926554,1.1350569182102546,1.0642859913166105,1.075
2021-03-23,1.0840834558110028,1.0627692638404973,1.0731700439470242,1.104495703182565,1.0840793062127836,1.1120989075700884,1.0308741494421123,1.07
2021-03-24,1.0747288944951696,1.0307060827038121,1.053000780258586,1.09148310173486,1.074724809717519,1.0864543697682345,0.9956546167555133,1.066
2021-03-25,1.0522347742884557,1.0038048171550227,1.031196867333708,1.0762865258167187,1.052230719652946,1.0605776719333346,0.9669123803868712,1.057
2021-03-26,1.0004575544884942,0.9781069333670929,1.008865771688316,1.0593716322037814,1.0004534561277032,1.0353928914632182,0.9360301888381092,1.054
2021-03-27,0.9586202877144496,0.9594033121233829,0.9887412987129961,1.041869773199541,0.9586161059280871,1.0126747156319134,0.9331239588470118,1.05
2021-03-28,0.9684661032185085,0.9633963447183128,0.9743023332886679,1.025705679800277,0.9684618779129203,0.9931685334294137,0.9566475922169876,1.045
2021-03-29,0.9440963469312709,0.9574368409396774,0.9685107461477046,1.0124945812542094,0.94409202934059,0.978282601183869,0.9574042879604066,1.042
2021-03-30,0.8793228763832723,0.9632413215866633,0.972050874331869,1.003389839278263,0.8793183706152091,0.9698776103741963,0.9883029452695672,1.036
2021-03-31,0.906414942147849,0.9795059646163847,0.984273218514838,0.9992090631495044,0.9064103310196041,0.9653978799964045,1.1413561758594883,1.029
2021-04-01,0.9720691014183152,0.9662799799474059,1.0045388371124278,1.0005481840886057,0.9720644893681332,0.9666370443977492,1.2251943560701766,1.029
2021-04-02,1.053832311173394,0.9963613718250968,1.030665390716578,1.007330781054627,1.0538278307477937,0.9744871947314449,1.225221586421933,1.024
2021-04-03,1.1056562460289274,1.0346857055835745,1.058806796475247,1.0183917705233887,1.1056519432181593,0.9874192536744117,1.19021182144989,1.019
2021-04-04,1.0869151271956008,1.0575669252499889,1.0846629621118102,1.031362421192188,1.0869109236018832,1.0051818298842994,1.1545753086377677,1.014
2021-04-05,1.1048836243601965,1.106738147032321,1.1033998063088397,1.044301642314977,1.1048795599658778,1.0259356029601452,1.1442901136546348,1.009
2021-04-06,1.2077875040386932,1.1236829886781672,1.1121294539633273,1.055061832824848,1.2077837333462254,1.047984206205415,1.1420013016168262,1.006
2021-04-07,1.1837189903531862,1.117763174982468,1.1117831172626158,1.0619675141478682,1.183715379448397,1.0707343184731097,1.0979395702643435,0.993
2021-04-08,1.120485080888599,1.1428123197991926,1.1050199802024283,1.0646508536768928,1.1204815463567492,1.0919501844464181,1.0700606417209657,0.991
2021-04-09,1.0847817256670729,1.120466470385052,1.0941667098035628,1.0640699340399828,1.0847782421932468,1.110596219141204,1.059725397086229,0.986
2021-04-10,1.0610990030558536,1.0868508041446825,1.0810500836724044,1.0613125826124392,1.0610955498809915,1.1232117355804485,1.0499185335627428,0.98
2021-04-11,1.0471124045444107,1.0581929437279733,1.0666953441975449,1.057171515145095,1.047108975272625,1.1315522336074664,1.0481451249218947,0.973
2021-04-12,1.0385927676261457,1.0210737209216043,1.05309349598954,1.052285200098576,1.0385893589031994,1.134899184642589,1.0554645890922654,0.97
2021-04-13,1.0385978529438349,1.0126392742326156,1.0422681904776314,1.0479093375789332,1.0385944713687412,1.1306220584393372,1.0629045640100243,0.965
2021-04-14,1.0354888472274433,1.0210487066633522,1.0341564458941372,1.0449104813193615,1.035485489596252,1.119826430102055,1.0419453542655035,0.961
2021-04-15,1.029887459639567,1.032389582631864,1.0272531524993516,1.0430217834961908,1.0298841211700633,1.1053794744404875,1.0226252877160549,0.954
2021-04-16,1.0219216187069473,1.0344100868427746,1.0203360068522558,1.0409329817406818,1.0219182913960805,1.0863885732829144,1.0115044199086582,0.951
2021-04-17,1.0196457241570154,1.0360093937548926,1.012372028785702,1.037775976143109,1.019642409299016,1.065379304848315,0.9998611985396726,0.944
2021-04-18,1.0149976437521866,1.0227271099909063,1.003349705268879,1.0335056601543213,1.0149943360049622,1.043272708712705,0.9884535889430496,0.936
2021-04-19,1.0108411941527673,1.0020206603659876,0.9934669507987157,1.0277823132950392,1.010837890980314,1.0224896245539181,0.9763733710415398,0.932
2021-04-20,0.9897285202638797,0.9779541941829423,0.9827945067891136,1.0201937221455584,0.9897251940879306,1.0009959232321384,0.954284895935858,0.925
2021-04-21,0.9629298288540762,0.9518862116251084,0.9714348381292767,1.0106901609295884,0.9629264529371656,0.9804178811556294,0.9312609203292213,0.921
2021-04-22,0.9448358049759733,0.925254321540842,0.959600503979908,0.9993103443967982,0.9448323650740159,0.9609404401960875,0.9269359941855712,0.914
2021-04-23,0.9333862323249061,0.9051780255858711,0.9478160791164113,0.9867200056498366,0.9333827194265828,0.9434730726255507,0.9271717091805922,0.909
2021-04-24,0.9292487439111737,0.8911725406244163,0.9370449027936132,0.973749757414828,0.929245157859469,0.9272357400471053,0.9234571731572134,0.902
2021-04-25,0.9320241331537141,0.8816434530153247,0.9278720410578387,0.9605649962551094,0.9320204808015354,0.913918811648107,0.9190894152239116,0.896
2021-04-26,0.9260571014549681,0.8811774053195112,0.9201453482438504,0.9477306356503652,0.9260533730848864,0.9020688885670212,0.914726875484796,0.888
2021-04-27,0.9111955579959801,0.8845904304798831,0.9133428305099552,0.9356878165031337,0.9111917338111005,0.890568389790859,0.9109678376520868,0.88
2021-04-28,0.8994406575776731,0.8848798497416427,0.907232962095856,0.9244758439910458,0.8994367240725869,0.8804670341333383,0.9007419815732812,0.875
2021-04-29,0.8896092245427212,0.8810690943043884,0.9020000143982619,0.9144278305347628,0.889605168173168,0.8704179377600906,0.8998618319156326,0.865
2021-04-30,0.885226936603439,0.8773228454642256,0.8956333363595128,0.9055998873549487,0.8852227525695998,0.8618924516787927,0.8998704403673354,0.859
2021-05-01,0.8860110661531472,0.8727145798538392,0.8893447194214957,0.8977592643956249,0.886006755585325,0.8527693717998086,0.8898958956700895,0.853
2021-05-02,0.900473333623554,0.873701854753489,0.8817646837425502,0.8906905261859993,0.9004689204170406,0.8438228608891061,0.8813579291912255,0.846
2021-05-03,0.9075239228001091,0.8716386276327991,0.8723396570658937,0.8836634085653677,0.9075194108050988,0.8355675728528804,0.8722398639346702,0.837
2021-05-04,0.8883795874499525,0.8657479004756964,0.8615766860046113,0.8762054234422683,0.8883749364578473,0.8284791055110152,0.8535438827921743,0.827
2021-05-05,0.8717151729731983,0.8630099535232232,0.8504427371410916,0.8686616859977031,0.8717103577250931,0.8224473213314012,0.8142533955974215,0.825
2021-05-06,0.8262531851539358,0.8470513408683321,0.8395417062612387,0.8611138028565123,0.8262481143570304,0.81566198239797,0.7747082294963532,0.818
2021-05-07,0.7836421972903723,0.834965262700825,0.8313014751078285,0.8537864899674827,0.7836367969097003,0.8070652611793792,0.7826379790827409,0.813
2021-05-08,0.793255802394072,0.8192312040700961,0.8234820106473685,0.8469868308734204,0.7932500954623358,0.7998064079255792,0.8292197647074919,0.808
2021-05-09,0.8264110210958636,0.7982752551918338,0.8174975350963435,0.8406370396320763,0.8264050656967364,0.7919946448769912,0.857172241891623,0.806
2021-05-10,0.8369584615676245,0.794802988712318,0.8145279118159084,0.8350466065035023,0.8369522652159253,0.7841512832079319,0.8698859126097862,0.803
2021-05-11,0.813899860219451,0.8041265259955537,0.8143188928620746,0.83022136438883265,0.8138933550756232,0.7749396596988087,0.8728286526158555,0.799
2021-05-12,0.7834559752356434,0.8144105104815004,0.8149773232364054,0.8254866329522604,0.7834490788848949,0.7662636009729917,0.8335411518135404,0.796
2021-05-13,0.811359499907964,0.8132339756309067,0.8134121958370598,0.8206168465706621,0.8113522847787515,0.7579683756364681,0.8099842583152401,0.792
2021-05-14,0.849649815988089,0.8119995663553717,0.8081939045142258,0.8153204995761625,0.8496423570544838,0.749192860999603,0.7979436534224955,0.792
2021-05-15,0.8379525465767659,0.8035601687927438,0.800384427539358,0.8091329220967525,0.8379447808750523,0.7416343477661687,0.7685081889201222,0.793
2021-05-16,0.8346185192579751,0.8081778591157881,0.7909941044526697,0.8021996465366064,0.8346104393871251,0.7336815739639813,0.7269732206727677,0.791
2021-05-17,0.8116989777699137,0.8133381529007772,0.780137509644717,0.7943897326252156,0.811690482581292,0.7279356668659243,0.6820902069700978,0.789
2021-05-18,0.701433871199607,0.8027846652679763,0.7679886901139241,0.7860332695847305,0.7014245731528096,0.7221722332107774,0.68059113430311,0.79
2021-05-19,0.6829319189502036,0.7849942657089395,0.7559103294334896,0.7777681635768903,0.6829217765164253,0.7183834649868617,0.8056391971533252,0.789
2021-05-20,0.713632706882362,0.7380118675696643,0.747842994236423,0.7705967457319431,0.7136217572971649,0.7167425511797567,0.8773808010836843,0.787
2021-05-21,0.7165319071896886,0.7269676903248744,0.7469582627960317,0.7657098455887346,0.7165201162634709,0.7165247207203085,0.8709798233125121,0.787
2021-05-22,0.7193264570887967,0.7311712995961036,0.7522312263269337,0.7629965061846022,0.7193138105079792,0.7176377090797506,0.8443322676985741,0.787
2021-05-23,0.7614997608284215,0.7469434832756632,0.7607625765336854,0.7617788368518044,0.7614864110064711,0.7212627765301292,0.8228993395023798,0.788
2021-05-24,0.824637659873691,0.790698335132678,0.7690819711970943,0.7614619756253851,0.8246238609607479,0.7245597939663969,0.8065308422328601,0.784
2021-05-25,0.8964147857881549,0.8108818584747058,0.7748340999082289,0.7614975488957864,0.8964008525142234,0.7300052107617641,0.7855050728530051,0.786
2021-05-26,0.8362556547370781,0.825442729488221,0.7779902361901992,0.7620784455675106,0.8362411111941835,0.735039702768125,0.7432818592589199,0.785
2021-05-27,0.7509879604230096,0.8386178024843868,0.7783339164562422,0.762754959372304,0.75097237329112,0.7399965495979554,0.718595194308621,0.787
2021-05-28,0.7102195664014156,0.8205957385649096,0.7743468894764951,0.7631934984068316,0.7102026674030897,0.7435485781019169,0.7350808266659388,0.787
2021-05-29,0.7217804566505036,0.8105775030156815,0.7660448456845885,0.7641647925383425,0.721762252741773,0.7461441580922834,0.7779448705088556,0.788
2021-05-30,0.7590052756332002,0.7897492422154864,0.755460065619637,0.7652208117188106,0.758985958949514,0.747106194255966,0.8065367390572833,0.788
2021-05-31,0.7774657040977634,0.7671754163427309,0.7460844001892699,0.7656213713854921,0.7774453376619828,0.7461278521894461,0.8174614699454663,0.79
2021-06-01,0.7561550037477005,0.7796654698309835,0.7401146621048603,0.7653548823029651,0.7561333455690692,0.7426794789247353,0.8139420670279988,0.792
2021-06-02,0.7310509414898316,0.7950983583685998,0.7359368031138797,0.7643828569129383,0.7310277265897634,0.736769748440149,0.7754836553419083,0.79
2021-06-03,0.7523271262142401,0.8038081945967501,0.7310994491756332,0.7631572110724786,0.752302469680129,0.7290334893461576,0.7536347682327309,0.793
2021-06-04,0.7787915991429778,0.8058029761587284,0.7256781061857724,0.7620219384378213,0.778765619459033,0.7183635857484074,0.7411186553798939,0.794
2021-06-05,0.7681529762850832,0.7825452094799505,0.7206019268994924,0.7606668467741575,0.7681254607755098,0.7069761969646291,0.72918484880482215,0.8
2021-06-06,0.7782530772664658,0.7659238462888226,0.7156921191159641,0.7587748645856072,0.7782240913974767,0.6951502727927781,0.7189834056794839,0.803
2021-06-07,0.7756098760449055,0.7536276820042168,0.7104812362998338,0.7555892971092807,0.7755792346621868,0.6819963427414926,0.6957652408257593,0.803
2021-06-08,0.7054314737378073,0.7407333862854117,0.705189110703659,0.7497229781667053,0.7053982171261163,0.6693778068717257,0.6681796666808214,0.808
2021-06-09,0.665959735398051,0.7325965264819865,0.7016200816727827,0.7412049166782749,0.6659233288998863,0.6576644970387748,0.6648511406329365,0.813
2021-06-10,0.6469538205169217,0.6991981672394043,0.7009513906614305,0.7314848364408023,0.6469137221518935,0.6478965829984975,0.6817704543949388,0.817
2021-06-11,0.6447525156602998,0.6833703612276804,0.7027837332007302,0.7217461841723418,0.6447084490818717,0.6389950667014546,0.7072951237583647,0.821
2021-06-12,0.6581141213372246,0.6893932624430346,0.7063162860830196,0.7127105824567308,0.6580660339356255,0.6328852951342043,0.7282200664005979,0.827
2021-06-13,0.6950628604212133,0.6969043887147336,0.7109555324691439,0.7042689987312636,0.6950111504078308,0.6294309008874752,0.7414998118328797,0.835
2021-06-14,0.7131124888720981,0.7283748361730014,0.7165912132369585,0.6969659407222643,0.7130571705098138,0.628767235116878,0.7414734962926655,0.84
2021-06-15,0.6912688949926504,0.7485851896447923,0.7233963031420285,0.6919978570069699,0.6912091947510609,0.6321336306550668,0.7361849114073673,0.849
2021-06-16,0.6800021870922437,0.7596889176928062,0.731113262848752,0.6897869986622163,0.6799375583432541,0.63871652886871,0.7508677021148413,0.857
2021-06-17,0.6925122310081775,0.7700309249367444,0.7394055551137716,0.6904990207919295,0.6924425423683918,0.6488160911620544,0.7847990120309818,0.86
2021-06-18,0.709236066993386,0.7864747338431549,0.7481571256276438,0.6948015117567394,0.7091613311551102,0.6628540406209574,0.8147444009858686,0.863
2021-06-19,0.7243770672699229,0.795078011902847,0.7579371211478313,0.7026427625391806,0.7242973341408824,0.6810217578615483,0.8369504545129107,0.872
2021-06-20,0.765623898889967,0.8085650912813513,0.7684728755070634,0.7135035419941734,0.7655400737049431,0.7019050006274299,0.8706807936345798,0.877
2021-06-21,0.7933051019343655,0.8347937203358891,0.7797551834233074,0.7262813534302388,0.793217539484772,0.7259170573124525,0.9010245708295452,0.883
2021-06-22,0.8033874840368471,0.871115347950429,0.792279190006727,0.7403857364427916,0.8032961441010399,0.753112104602215,0.9203466256032964,0.886
2021-06-23,0.8316356243480855,0.9087598624317216,0.8061030712197015,0.7562230510033526,0.8315411947820778,0.7831725367199621,0.938780077001546,0.89
2021-06-24,0.8424486433728883,0.943658999788985,0.8214123626265357,0.7748366830185611,0.8423509836788147,0.8153593629965362,0.943482960600968,0.894
2021-06-25,0.8567795321278197,0.962606603979882,0.8393491931800354,0.797080471415828,0.8566789570351905,0.8500624246114117,0.9620314306830988,0.892
2021-06-26,0.8898690740840604,0.98249069818341,0.8590035666057968,0.8225241211446066,0.8897665689674428,0.8860261219089482,0.9900370363681594,0.894
2021-06-27,0.9077164331473521,1.0160284951024043,0.8798743934841692,0.8495954632894339,0.9076122182006617,0.9217303877211402,1.0298295602730854,0.897
2021-06-28,0.9345400900912597,1.039803220035778,0.9010466575592112,0.8768325343998141,0.934435050817285,0.959379897836587,1.098621808669041,0.899
2021-06-29,0.9797597648699508,1.0717855520218083,0.9211943001093658,0.9026376126737793,0.9796553867385919,0.9961079109477667,1.1546034755207968,0.899
2021-06-30,1.0029967768550012,1.1022499443083091,0.9398688830791816,0.9254405022157012,1.002893342425532,1.0314599463274954,1.1656624058545924,0.901
2021-07-01,1.0528590916112912,1.1560035056967572,0.9571577597240404,0.944191689633794,1.052758407600769,1.065171401994913,1.1747041673822052,0.9
2021-07-02,NA,1.2165591397849462,NA,NA,NA,1.0981310491335767,NA,0.897
2021-07-03,NA,NA,NA,NA,NA,1.1306872875458551,NA,0.902
2021-07-04,NA,NA,NA,NA,NA,1.1605985725576007,NA,0.9
2021-07-05,NA,NA,NA,NA,NA,1.186283993466666,NA,0.901
2021-07-06,NA,NA,NA,NA,NA,1.2094127413908264,NA,0.9
2021-07-07,NA,NA,NA,NA,NA,1.2295730064081694,NA,0.907
2021-07-08,NA,NA,NA,NA,NA,1.245069964869193,NA,0.907
2021-07-09,NA,NA,NA,NA,NA,1.2630080781280917,NA,0.902
2021-07-10,NA,NA,NA,NA,NA,1.2724402067829437,NA,0.899
2021-07-11,NA,NA,NA,NA,NA,1.279187068677504,NA,0.895
2021-07-12,NA,NA,NA,NA,NA,1.2884488193194468,NA,0.898
2021-07-13,NA,NA,NA,NA,NA,1.2931377338807968,NA,0.893
2021-07-14,NA,NA,NA,NA,NA,1.2931377338807968,NA,0.895
2021-07-15,NA,NA,NA,NA,NA,1.2931377338807968,NA,0.897
2021-07-16,NA,NA,NA,NA,NA,1.2931377338807968,NA,0.897
2021-07-17,NA,NA,NA,NA,NA,1.2931377338807968,NA,0.898
2021-07-18,NA,NA,NA,NA,NA,1.2931377338807968,NA,0.899
2021-07-19,NA,NA,NA,NA,NA,1.2931377338807968,NA,0.902
2021-07-20,NA,NA,NA,NA,NA,1.2931377338807968,NA,0.898
2021-07-21,NA,NA,NA,NA,NA,1.2931377338807968,NA,0.899
2021-07-22,NA,NA,NA,NA,NA,1.2931377338807968,NA,0.901
2021-07-23,NA,NA,NA,NA,NA,1.2931377338807968,NA,0.898
2021-07-24,NA,NA,NA,NA,NA,1.2931377338807968,NA,0.9
2021-07-25,NA,NA,NA,NA,NA,1.2931377338807968,NA,NA
2021-07-26,NA,NA,NA,NA,NA,1.2931377338807968,NA,NA
2021-07-27,NA,NA,NA,NA,NA,1.2931377338807968,NA,NA
