date,RKI,RKI.lower,RKI.upper,WHO,WHO.lower,WHO.upper,JHU,JHU.lower,JHU.upper
2020-03-02,NA,NA,NA,NA,NA,NA,NA,NA,NA
2020-03-03,NA,NA,NA,NA,NA,NA,NA,NA,NA
2020-03-04,NA,NA,NA,NA,NA,NA,NA,NA,NA
2020-03-05,NA,NA,NA,NA,NA,NA,NA,NA,NA
2020-03-06,NA,NA,NA,NA,NA,NA,NA,NA,NA
2020-03-07,NA,NA,NA,NA,NA,NA,NA,NA,NA
2020-03-08,1.848136037094398,1.72973294942978,1.9718230804421366,2.4781887630898334,2.3035205282412012,2.6614714532157144,2.2257159340480186,2.0842760831892835,2.373414461141
2020-03-09,2.008507281610056,1.8964828576937982,2.124858768093928,1.8396128812139811,1.7130164749271848,1.9722981890007645,1.879031482835847,1.7659405459048512,1.996850710154993
2020-03-10,2.267575251557397,2.161167768367719,2.3774194848692174,1.9168518480461472,1.7994910900248517,2.0392078524463635,1.891026863926134,1.7885940260614386,1.9972979616054172
2020-03-11,2.2706686323534084,2.1784703845962703,2.365432296577253,1.741772390396046,1.6408921145057713,1.8467050767776014,2.006772824531603,1.9114019204545436,2.105264624929231
2020-03-12,2.271968489468238,2.1923110191831894,2.3535325631732587,1.7281850613529957,1.6361347597306883,1.8236248972196751,1.5361850222251352,1.4620630123340428,1.6127708892684631
2020-03-13,2.382489545671286,2.311984361066044,2.454413768873259,2.194963087594224,2.0994514784315723,2.2933285016519975,2.528877972193714,2.4395452079466606,2.620365412900751
2020-03-14,2.197328863769461,2.1394843735458977,2.256206694507664,2.0133228808842536,1.9334953714074672,2.0953179558970985,2.2796426738023925,2.207803712169664,2.3530233598677737
2020-03-15,1.9190776562362193,1.8720961510030447,1.966838687488401,1.9504935437856765,1.8809375074277175,2.0217435811092193,2.104414999306632,2.0451706259899933,2.1647926041264056
2020-03-16,1.9508753603192568,1.908389186264435,1.993987480746159,2.0784288698655957,2.0141775673217857,2.144032257041825,2.080269116701863,2.028487217146803,2.13292484657004
2020-03-17,2.033003123022331,1.9941616146402215,2.072345747654949,1.9983439716444882,1.9427645313767337,2.05497346977468,2.065880562284157,2.0203746904483593,2.112064660366141
2020-03-18,2.025415992996403,1.9910648348107316,2.060159997194629,1.8926277875081816,1.8445855135574747,1.9414970853004743,2.1468033534080084,2.1058463450391445,2.188288005167562
2020-03-19,1.948798437660711,1.9189481084094309,1.9789567331482285,1.7301425312874104,1.6888353414121025,1.7721178490867915,2.087085380511399,2.0517401702728995,2.122834205883103
2020-03-20,1.79887810507427,1.7732590804983919,1.8247427022754936,2.5751926415292714,2.528948638023676,2.6219969802933005,1.970778159166894,1.9405614656629955,2.0013069085240414
2020-03-21,1.643254545249401,1.6210072617165725,1.6657044569019608,2.3350943478307435,2.298078784176825,2.3725052716050237,1.7050703317836045,1.680024217459559,1.730364146140694
2020-03-22,1.4928427264307518,1.4732130746899355,1.5126459773721916,1.9855388252445714,1.9564057241031647,2.014959717806417,1.555765610754394,1.533794044648036,1.577946010043932
2020-03-23,1.426489097443012,1.4083938450574218,1.4447386838353258,1.770277934149735,1.7458182492072183,1.7949650200747698,1.557526217255976,1.536934955834395,1.5783005785331745
2020-03-24,1.3903923139261989,1.3733995989740746,1.4075246185720933,1.7150225230182488,1.6930488634157148,1.737185492379581,1.4868552010564329,1.4680175568178018,1.5058533104375142
2020-03-25,1.3697759909146612,1.353672648084757,1.3860065409238522,1.5227019792239473,1.5036753833647347,1.5418884029562876,1.3918513991579868,1.3746682418610157,1.4091771548056424
2020-03-26,1.3364818906038678,1.3212645395845941,1.3518156370609502,1.5571855694830936,1.5391169469328159,1.5753950541288027,1.450522054217656,1.4337815520081005,1.4673923576614027
2020-03-27,1.3119584592417786,1.2974811106788138,1.326543102008812,1.3579500927142907,1.342148735424323,1.3738749875557175,1.4120818060330522,1.3964269665785156,1.427853211165685
2020-03-28,1.2685581259172851,1.2548476142017178,1.282368143555744,1.3434120847792348,1.3283660471826888,1.358571310671353,1.458648202107226,1.443523646956335,1.4738780354440417
2020-03-29,1.2174111047861411,1.2044078281470512,1.2305076388165144,1.2697335935264662,1.2556706442220262,1.2839011521462595,1.368490236947297,1.3546350037280124,1.382439624072839
2020-03-30,1.1695493334701743,1.1571281498538373,1.18205909075528,1.2461245897081341,1.2326309826498594,1.2597163156546163,1.2688136066924658,1.2560706760219624,1.2816424326723195
2020-03-31,1.1607717876893766,1.1486357693666966,1.1729929893243325,1.183323624192883,1.1705446531876347,1.1961952648772884,1.2214694307983849,1.2093593654139287,1.2336600713833565
2020-04-01,1.135236892146464,1.1234543296193198,1.1471015502360389,1.2418283384150617,1.2290112204468835,1.2547342596611355,1.212509849279214,1.2007465469073817,1.2243497293257462
2020-04-02,1.1173635559963868,1.10585728454885,1.1289493659948815,1.212389942539313,1.200080818526206,1.2247829492909048,1.1625563203288078,1.1513199645948775,1.173865547152431
2020-04-03,1.09347524381627,1.0822451005078422,1.104782807726159,1.1619366098414234,1.1502018050905967,1.173750959857209,1.10346858744931,1.0927286539834948,1.1142786634187234
2020-04-04,1.0574607265609892,1.0465338719129147,1.068463376002097,1.1116544328646134,1.1003956055946187,1.1229897968646012,1.0286796064744996,1.0184248272256082,1.0390029944632821
2020-04-05,1.0289017160981804,1.0181871639881326,1.0396911732306215,1.1418746103999788,1.1306034792619482,1.1532204027230102,1.0166658213063808,1.006481918301589,1.026918189729206
2020-04-06,1.0112589253290487,1.0006585021680532,1.0219339488499444,1.0749053291378783,1.0641472025044034,1.0857357197018582,0.976888190626342,0.966899212525439,0.9869457300313726
2020-04-07,0.9871801116433037,0.9767061121583395,0.9977287255637431,1.0345178871824112,1.0240565423659478,1.0450502364934255,0.9693577161628337,0.9593587933084604,0.9794258747609539
2020-04-08,0.9632818535158506,0.9529050551503835,0.9737337129855731,0.9897589053530269,0.9795505372553502,1.0000379525376544,0.9690919369916348,0.9590353403083043,0.9792185925710142
2020-04-09,0.9273414739090065,0.9170987226264049,0.9376602079203936,0.963602020745404,0.9534960787093381,0.9737791192405771,0.9227804209347299,0.9129176517518156,0.932713971058774
2020-04-10,0.861610117123901,0.8516314650718103,0.8716664137240275,0.952851679353414,0.9427340171081,0.9630414742055126,0.8762196285699108,0.8665038309626067,0.8860077827234537
2020-04-11,0.854381661242835,0.8442460023093014,0.8645981203746305,0.9119357313278799,0.9019619990051464,0.9219827192500353,0.8438948746774035,0.8341888563252429,0.8536758908246295
2020-04-12,0.871334617279798,0.8608802846275874,0.8818732460316377,0.8441152745340408,0.8343981519171461,0.8539075475346793,0.8491480281858134,0.8391931124748063,0.859181361088062
2020-04-13,0.8336915401687066,0.8232866344007941,0.8441837454523968,0.8477804063746011,0.8378225493790622,0.8578168546664438,0.8525758025664304,0.842389943723062,0.8628434414342873
2020-04-14,0.7766831941285636,0.7664204530802776,0.7870371442965837,0.8298145593672466,0.8197444552294154,0.8399667982368061,0.7867446354837051,0.7767701016400231,0.7968041950235244
2020-04-15,0.7553452793093487,0.7449126839434153,0.7658748295765515,0.8179587404922677,0.8077293412315639,0.8282741434745416,0.7540272075675187,0.7439832658833476,0.7641611421122348
2020-04-16,0.7500456193642275,0.7392950593194162,0.7608998982911704,0.7847288547079226,0.7744626272877707,0.795085409467083,0.7340732886817215,0.7238229165678319,0.7444199804512077
2020-04-17,0.7910191710482853,0.7796034613089019,0.8025457806474741,0.7586210398985435,0.7482345135059877,0.7691032440703263,0.7771251791439164,0.7661922185270789,0.7881616516789668
2020-04-18,0.7985149544218754,0.7867351011348285,0.8104118122775541,0.7887412315643839,0.777800889507454,0.799783685221361,0.7897250811631761,0.7783798470034182,0.8011800247503956
2020-04-19,0.815794547341912,0.80359295863272,0.8281190264676537,0.8184761360742069,0.8070182291280791,0.8300419849066155,0.7816259102026979,0.7700466515449066,0.7933206701630111
2020-04-20,0.8594052684050384,0.8465970518756561,0.8723420224176929,0.822100905906928,0.8103606980477488,0.8339539619048493,0.8091301096171886,0.7970257191459146,0.8213564367883114
2020-04-21,0.8723139432272563,0.8591992918178075,0.8855613736685471,0.8444975025552908,0.8323407696770466,0.8567720331516148,0.845077173929831,0.8324123874441942,0.8578697731643965
2020-04-22,0.8480483569275669,0.8349351999440909,0.8612981005859905,0.8648325088471877,0.8522981738278986,0.8774891366546579,0.822307823623526,0.8095906967603711,0.8351574330503921
2020-04-23,0.8091628130480821,0.796121630211764,0.8223456419026707,0.8670904211244362,0.8543420402382212,0.8799649955760726,0.8326556761264929,0.8195873702295061,0.8458621653378947
2020-04-24,0.7837742200942424,0.7706236922098918,0.797073511310826,0.8414507574537373,0.8286975071147425,0.8543341858011112,0.7650213174737704,0.7522371471472878,0.7779495175525099
2020-04-25,0.7794374850770839,0.7659462010137785,0.7930862695108618,0.7929041449572303,0.7802827493571696,0.8056609166629497,0.7865355154803249,0.7731797314141334,0.8000442251724915
2020-04-26,0.7808792080978304,0.76698216775543,0.7949431115513661,0.7967517980039047,0.7837546294048273,0.8098918685786779,0.7952482443093132,0.781436079085129,0.80922221550438
2020-04-27,0.7858679621209033,0.7715318219191349,0.8003806026296272,0.7962938102174149,0.7829474769668662,0.8097909589177249,0.7773568865909515,0.7633524912490418,0.7915315260506388
2020-04-28,0.7770410953237862,0.7623983742284737,0.791870113950477,0.7990402538638297,0.7853206038011687,0.8129187706456733,0.8169870724661896,0.8022234783153624,0.8319306983776742
2020-04-29,0.7469175261625848,0.7321578253015418,0.7618742694052606,0.7798268937355666,0.7659272370599033,0.7938937047061617,0.8012100535522755,0.7862572291754418,0.8163512663630256
2020-04-30,0.7445008984827577,0.7292821315051632,0.75992993255613706,0.7643218739528893,0.7501744587077646,0.7786460504522116,0.7625121679583353,0.7475759234384318,0.7776460468317586
2020-05-01,0.7104467213007546,0.6950859587514835,0.7260321404768735,0.7610661258069844,0.7465158458198945,0.7758042545973177,0.7444909035428704,0.7292814998092031,0.759910316788557
2020-05-02,0.7058460845856459,0.689956837517123,0.7219774257391446,0.7227019381969996,0.7080863922155826,0.7375172330130085,0.7412281081345108,0.725540416123499,0.7571403210528659
2020-05-03,0.7346316352063191,0.7177905775439636,0.751734076675811,0.6973159963264837,0.6824410564819183,0.7124055316927131,0.7399891837333272,0.7237857956158674,0.7564326168830511
2020-05-04,0.7419011339402191,0.7244066609222042,0.7596750279001756,0.7245053682984517,0.7087280675586152,0.7405151004410178,0.7405476082287878,0.7237968546576742,0.7575548310341548
2020-05-05,0.7509356674263146,0.7327760591779665,0.7693928471433611,0.7330325846198954,0.7165934966907476,0.7497211864215758,0.7586700465814749,0.7411543316600816,0.7764595785331241
2020-05-06,0.7728548821624629,0.7538655666318332,0.7921604373242149,0.7458180534648726,0.7286839008723018,0.763218717863124,0.7518805575337691,0.7339186432555014,0.7701331756800707
2020-05-07,0.7831237151320469,0.7634827544165188,0.8030986719759625,0.7723413756136602,0.7543546687017798,0.7906117509828602,0.7748068745294695,0.7560107678976475,0.7939119722748481
2020-05-08,0.8315114481226907,0.810744169564005,0.8526303731607672,0.765384501167633,0.7469880673653048,0.7840805235383136,0.8302965901496939,0.8102928977670356,0.8506268263309066
2020-05-09,0.8710374489277809,0.8493679833712826,0.8930723797104037,0.8475695511732056,0.8276544110671792,0.867801626050955,0.8426443031391104,0.8221007358990273,0.8635272976803359
2020-05-10,0.8838404019774168,0.8617190513208012,0.9063371407564731,0.8611740148251588,0.8407519795580164,0.8819241074854035,0.852694100968252,0.8316713658319546,0.8740681583673898
2020-05-11,0.9013912482138534,0.8787803709097637,0.9243866899095546,0.8434912303564409,0.82299563930412,0.8643243073053558,0.9114229974994776,0.8893178290949042,0.9338914694759266
2020-05-12,0.8827609554885297,0.8601532795389875,0.9057613412749348,0.9083090372757273,0.8866506583343324,0.9303172804260302,0.8905235956424482,0.8684783208604633,0.9129388143680943
2020-05-13,0.8618509052485671,0.839216244614765,0.8848889436766164,0.9058337164148614,0.8839901940331726,0.9280341479905779,0.8775719349784424,0.8554375645016815,0.9000848700243905
2020-05-14,0.8297386479614225,0.8071517718699985,0.852743018830386,0.8731724144328513,0.8515288047558599,0.8951797038717024,0.768786210579105,0.7477745417618377,0.7901878464416721
2020-05-15,0.8254658033616179,0.8024417194667652,0.848926146180754,0.8567696254646953,0.8350067401066389,0.8789074062152602,0.7517892699749469,0.7303778825938793,0.773615082966844
2020-05-16,0.8246282537453146,0.8010896225757994,0.8486235273367294,0.7928908160207855,0.7715790609509308,0.814591440212421,0.7680362474876864,0.7456378706930987,0.7908787510182468
2020-05-17,0.8581459906110781,0.8335900636123474,0.883179495781759,0.8238390260597669,0.8015167924556594,0.8465719131938387,0.8278581005712978,0.8038807310953446,0.8523075802331489
2020-05-18,0.8593403842300843,0.834337912585435,0.884837435213389,0.861167602903005,0.8378001132145662,0.8849656099749722,0.7643238831291022,0.7408109980979445,0.7883291079019507
2020-05-19,0.8641134590210696,0.8386237180937545,0.8901145461149578,0.817344425704596,0.7942061403287962,0.8409278130286619,0.9386032830458547,0.9117623865704657,0.9659658538566486
2020-05-20,0.8801196801076967,0.8539686500641823,0.9067992218149136,0.8547060514860368,0.8305075437698902,0.8793701061976812,0.9030938672521346,0.8765993384211178,0.9301169469329493
2020-05-21,0.8258719503349097,0.800186011633549,0.8521017767629355,0.8514345875537392,0.8268366634677944,0.8765155928282157,0.9526601852836315,0.925227978595711,0.9806293371125511
2020-05-22,0.8219191147430441,0.7957357637615284,0.8486706337927958,0.7936202699661434,0.7694603657833904,0.818280684421819,0.9472151770277955,0.9197414467073063,0.9752306526530381
2020-05-23,0.8365275193558852,0.8094860112386679,0.8641646576331115,0.8404969202646103,0.814965907358194,0.86655566772352155,0.9039019262549142,0.8769502457275992,0.9314002449696158
2020-05-24,0.8472543578287242,0.8194736899353758,0.8756559011175277,0.8435610556865925,0.8174508794610998,0.8702213929365007,0.8650563161829516,0.8383914506345925,0.8922806599084199
2020-05-25,0.8492323679301581,0.820897493583528,0.8782118870392854,0.8637978328682006,0.8368809222615717,0.8912858105135043,0.9170141885467841,0.8890603494744692,0.9455479292666611
2020-05-26,0.8545369607348987,0.8255891275553945,0.8841536884022873,0.8739166726044255,0.8463982733670277,0.9020251674958509,0.7920337247418374,0.7657950104848795,0.8188650576086695
2020-05-27,0.8339289643295162,0.8048268951301918,0.8637242671198598,0.7968880781776099,0.7702371296832861,0.8241468198179573,0.745091123267333,0.7189674889447404,0.7718400273902758
2020-05-28,0.8972094177555535,0.8663845662683215,0.9287568855875027,0.7412073631219428,0.7148503121285952,0.768204461701033,0.8337669912844052,0.805103966616024,0.8631023813058794
2020-05-29,0.8887804549580999,0.8577243320489701,0.9205773323205702,0.8709420439567416,0.8413264163840642,0.9012446565990079,0.8818714059597372,0.8517277106159851,0.9127180687942308
2020-05-30,0.9165174644606566,0.8845895355074169,0.9492045709792011,0.9280836205155306,0.8969946091800237,0.9598828154993911,0.9021521531542663,0.871272450096174,0.933753010331845
2020-05-31,0.9240349211429457,0.8916687632977441,0.9571749942704715,0.8975863646024891,0.8668534606148529,0.929037221148585,0.8861600076167488,0.8552451180315938,0.9178110718139945
2020-06-01,0.8539966309953065,0.8226417435517895,0.8861383062812431,0.9294961510852573,0.8978846295164605,0.9618410701488056,0.8837149504630716,0.8524410753866483,0.9157445416588904
2020-06-02,0.7865879938693111,0.7559601257435234,0.818032169266602,0.8806826209314625,0.8496792757152899,0.91243112679209315,0.8137093040238405,0.7832882636079962,0.8449079910976968
2020-06-03,0.7858309723764358,0.7543181725404787,0.8182094585373666,0.9000136454660782,0.868225834156359,0.9325680391384641,0.8278100481299117,0.796383431702055,0.8600527595691672
2020-06-04,0.8314747609215186,0.7980890652119441,0.8657787951962902,0.936201944499362,0.903356498366909,0.9698340690191899,0.7601368457426688,0.7293391650757014,0.7917895619533453
2020-06-05,0.870813463894439,0.8359001662967744,0.9066856536701581,0.8766400232767085,0.8446464102050201,0.909431526272673,0.7121061397231858,0.6813721399102138,0.7437507363009257
2020-06-06,0.8686366823253893,0.8332508950151091,0.905010398682913,0.7970848272187158,0.7661408977812872,0.8288509596399704,0.8703283594514255,0.8349510393370352,0.9066911560927423
2020-06-07,0.8866091564622427,0.8503159528245181,0.9239206790559061,0.847691677565631,0.8148807828623426,0.8813717256683432,0.9306253806592116,0.8934321742770536,0.9688367739611293
2020-06-08,0.9744313936509398,0.9358515073431625,1.0140572853820102,0.8420645291683998,0.8086769812393101,0.8763586530222418,1.0088781554261848,0.9699664667657157,1.0488168636120843
2020-06-09,1.0228397647124048,0.9832495590910727,1.0634787061914701,0.925993265914586,0.8902783865000959,0.9626507895516675,1.0438094913593148,1.0044067104066867,1.0842295617880136
2020-06-10,1.019051722355887,0.9797707540316032,1.059368831119251,0.932732651233945,0.8965872779885597,0.9698366747529088,0.9367392190094695,0.8997737312545864,0.9747035526560209
2020-06-11,0.9212906089793002,0.8841402198669258,0.9594673885468835,1.0051443093331094,0.9673780300288052,1.04388096325274,0.8770042277365622,0.8410245530216914,0.9139957274937232
2020-06-12,0.9086915819507893,0.8714449888988435,0.9469846728518684,0.9063093582684021,0.8705593722599582,0.9430249386993538,0.9421134293010398,0.9041559323778424,0.9811186917413899
2020-06-13,0.939580317356082,0.9011950602432985,0.9790403953341664,0.9024697915062296,0.86643220659739,0.9394930741924675,0.7560741381881487,0.7218471921778358,0.7913663026173535
2020-06-14,0.9637941397347848,0.924600506525431,1.0040800470467919,0.9062018943977039,0.8695970701801358,0.9438198248379522,0.7847347183913691,0.7487292626459674,0.8218764007284919
2020-06-15,0.9597136524259855,0.9204539624151489,1.000074144816316,0.9194772467223787,0.8821590175288365,0.9578333916216485,0.7444338926130737,0.7082572451132181,0.7818219730468092
2020-06-16,1.011522023272503,0.9710273984023714,1.0531271385386742,0.9497260448606903,0.9114125748076463,0.989098506057401,0.8844310113313045,0.8436005190882352,0.9265582103805833
2020-06-17,1.1591336486554356,1.115838559006981,1.2035344374277346,0.9718194853040802,0.9328400444720745,1.011869961652392,1.0858939391677838,1.0399233258159395,1.1331997892072743
2020-06-18,1.3072911035563695,1.2622792927168416,1.3533604685901728,0.9869585977471892,0.9475803092386851,1.027413028760277,1.5798896066662174,1.5251576293865996,1.635915602640362
2020-06-19,1.4456584044731493,1.4002313649707854,1.4920574966943052,1.2033456781025502,1.159786512160723,1.2479820968971183,1.3314773983700312,1.2849598605021229,1.3791042956164394
2020-06-20,1.3762559484591022,1.3344506693016494,1.418925356680645,1.2394129541798524,1.1963875954135217,1.2834577003573793,1.3341240366071183,1.2898050048517664,1.379446864118589
2020-06-21,1.2604563233563706,1.2223987517244044,1.2992957310278568,1.3198764799231162,1.2769557614856248,1.3637483573979692,1.3538001251256555,1.3109580079554126,1.3975656216273091
2020-06-22,1.2312155373260072,1.1948094134513767,1.2683537956329967,1.3304935395082282,1.2891656070028172,1.3726954368207305,1.3464830558391134,1.3056218019884704,1.3881880898475891
2020-06-23,1.1754064759153797,1.1408013925039209,1.2107043941076694,1.2584754295861873,1.2199901796006036,1.297761656972254,1.2762600630169587,1.2381790498187344,1.3151139945386692
2020-06-24,1.037686698540563,1.0058592787686134,1.07017853407008,1.2480148589500046,1.2109368483514316,1.285842126495193,1.20185300614304,1.1661547288295067,1.2382724885809093
2020-06-25,0.9828196493339882,0.951928403603648,1.0143720847594409,1.1878784110005818,1.152790010933142,1.2236717023093588,0.9539419051261081,0.9229252331041888,0.9856458348018856
2020-06-26,0.8867443035045788,0.8572355588282018,0.916922595662694,1.057149069833506,1.024816574932309,1.090154571919188,1.0217162105323125,0.9893105051427861,1.0548219620643207
2020-06-27,0.8552840513885607,0.8257801399649046,0.8854824912930491,1.0684905750324176,1.0361514980072466,1.101495641672837,1.04182431284106,1.0090016114579248,1.0753512290255065
2020-06-28,0.8900185639928301,0.8592246355047011,0.9215396075010259,0.9459183585454066,0.9156756285561848,0.9768197740467461,0.9325430789392746,0.9016450682868857,0.9641390445842489
2020-06-29,0.9132903202161258,0.8815810495920378,0.945750991529416,0.8910979206404107,0.8614917271634857,0.9213747737842333,0.9107433814872986,0.8799055026691136,0.942293497660737
2020-06-30,0.9079027866495099,0.875930750289016,0.940643523042781,0.9228487571939629,0.8921653636718965,0.9542277288394961,0.841755653008397,0.8116876159380497,0.872557241389127
2020-07-01,0.9214730612920651,0.8888844561929587,0.9548486205532474,0.9126427586409286,0.8817498906821518,0.9442489137126421,0.906432429877661,0.8745017403758282,0.9391310822841218
2020-07-02,0.910778899847343,0.8780577744126433,0.9443030174760126,0.8985707366590877,0.867554160260188,0.9303179188965374,0.9253752530442823,0.892654033856205,0.9588864954825111
2020-07-03,0.8849311162616186,0.8523244061441363,0.9183590226391818,0.9149845743006907,0.8832466931874365,0.9474738017651191,0.8619638119762645,0.8301177889329684,0.8946140895030882
2020-07-04,0.9008389303389958,0.8674422915909138,0.9350819549348115,0.8567367942689688,0.8256867641384177,0.888555669156082,0.8921684603188527,0.859182756786406,0.9259878156624578
2020-07-05,0.9047874153684788,0.8708800611431717,0.9395636731345693,0.8844642868034913,0.852314628407719,0.9174124295589475,0.9494267614818246,0.91487965879244,0.9848328126870821
2020-07-06,0.8952372313204361,0.8611144176131503,0.9302498057980014,0.8994598355110389,0.866517564392153,0.9332266271055983,1.0252015265942296,0.9890869850757806,1.0621846565658726
2020-07-07,0.8957130615685874,0.8611321362463841,0.9312076222603317,0.8865310032237955,0.8534240498929353,0.9204833047816026,0.9819749085802443,0.9468212553896403,1.0179881100684034
2020-07-08,0.9085930137357803,0.8732991344866915,0.944825251920909,0.8886688785873172,0.8550529723621331,0.9231545161201173,0.9426103183559296,0.9081667316479014,0.9779139787449344
2020-07-09,0.9111891329928786,0.8754441690497435,0.9478941070070452,0.893101102319958,0.8589219540345844,0.9281751818674255,0.8974031241944643,0.8635524636325729,0.9321270582871225
2020-07-10,0.9288152182583422,0.8923343504979876,0.9662770880640549,0.8991176873847092,0.8643643137004622,0.9347903660857139,0.8955280818793739,0.8612361820404052,0.930718399523616
2020-07-11,0.9393529521181733,0.9023526530505422,0.9773511447065256,0.9057275075000147,0.870411168130623,0.9419864688958175,0.907352627393046,0.8723292141965306,0.9433011799473342
2020-07-12,0.9476689951068467,0.9102491336688417,0.9861006206582046,0.9303051043717402,0.8940957093526373,0.9674791719394167,0.8871959290526529,0.8521495028254924,0.9231903466708916
2020-07-13,0.9585666817313557,0.9207087257823395,0.9974484633588799,0.9226789309498425,0.8863279679178654,0.9600104811132534,0.8066410675191126,0.7727638718787356,0.8414941932349842
2020-07-14,0.9980322856721116,0.9592178127211383,1.0378799869151856,0.9479869313812473,0.9108059749476013,0.9861662565600485,0.84877871856488,0.8131069060262287,0.885478899702607
2020-07-15,1.0312838951116696,0.9918469135689908,1.071752659025908,0.9414259268417108,0.9041527997017229,0.9797096296174197,0.9180871006835025,0.8801855153004439,0.9570614414646155
2020-07-16,1.0706716503957254,1.0306954254703526,1.1116684301627715,0.9907015160326629,0.9522028461838297,1.0302241691129663,1.0454264087309304,1.0045726939220776,1.0873730205347738
2020-07-17,1.0835605392478598,1.0437558877015558,1.124364554618734,1.0668427732492445,1.026854911829786,1.1078555507845065,1.1383640993676427,1.0960697033581448,1.1817327782016562
2020-07-18,1.1167366225337914,1.0767990770113405,1.1576496762639144,1.1040676005678447,1.0637950508691283,1.1453439672849695,1.0920420445334005,1.0514981752037227,1.1336149654089216
2020-07-19,1.0996401273858671,1.0606282056003384,1.1395971492924735,1.0527368218680888,1.0140231539655764,1.092423527546819,1.0990380637891748,1.0589489741157108,1.1401263976318752
2020-07-20,1.1160537070068668,1.0772737373318628,1.1557533762841998,1.0695114183539651,1.0307968360053432,1.1091834431461227,1.1954615028509026,1.1541710265113274,1.2377252155926943
2020-07-21,1.1007504248537507,1.0628026722381585,1.1395909032256037,1.0915143527297562,1.0527328022005655,1.131236861649585,1.1773616836930292,1.1374176249937444,1.2182301555306858
2020-07-22,1.1265965598447567,1.0886950477441293,1.165367696136289,1.1022315478062594,1.063723122633554,1.1416583294650262,1.1643338784611617,1.1255593436489262,1.2039888561923344
2020-07-23,1.1375820741303677,1.1000903815002323,1.1759160736222682,1.0849156989876403,1.0472236865559046,1.1235014637229022,1.1310278155645759,1.0936074242537706,1.169292249596259
2020-07-24,1.1855936458256036,1.1479802942802715,1.2240197618066901,1.1403132742867457,1.1020810815797695,1.1794196191617028,1.1412597019477988,1.1042758054773283,1.1790602932936551
2020-07-25,1.1624386605209436,1.1260668133076517,1.1995854110731057,1.1833884430703838,1.1451132860122588,1.222507142743468,1.1869057575326574,1.1498208453946825,1.2247796242284619
2020-07-26,1.1237845662249466,1.088775118170117,1.1595365782614218,1.1596391478322923,1.1226527977310956,1.19742907389202,1.1555600908818353,1.1198198279528144,1.192052847293634
2020-07-27,1.1093322898363975,1.0750734849270989,1.1443112874422214,1.1391371359589078,1.1032392165415323,1.175805454866884,1.0689738330797194,1.0352913874216718,1.1033790358567332
2020-07-28,1.1437201593699973,1.1093720291742146,1.1787700676451287,1.1323975795526426,1.0972184604706154,1.1683207304643601,1.108798501966483,1.074752047164218,1.1435565054742223
2020-07-29,1.1588050897454003,1.124827843587685,1.1934597719570286,1.1607442954073015,1.1256931759313118,1.1965155759575385,1.1583206510603778,1.1239273669566907,1.1934085292310177
2020-07-30,1.152207542011591,1.119003957309212,1.186061544183968,1.205062718033267,1.170044301341255,1.2407729786352617,1.2125002509385505,1.1780006315449478,1.2476669716104236
2020-07-31,1.1370151117663572,1.1046598505372947,1.1699960777918919,1.157530442479269,1.124096750676933,1.1916205951901842,1.1775303175206349,1.1444522474809509,1.2112397021798662
2020-08-01,1.103789986405514,1.0724501413701644,1.1357345236176415,1.1540081751119333,1.1212944274800507,1.1873521039968078,1.1124233121378502,1.081014186749003,1.1444350274336674
2020-08-02,1.0976731245124238,1.0668063078298642,1.1291296762173613,1.096193222749416,1.0649028954490491,1.1280905730638897,1.042765313927035,1.0127711630544487,1.0733459049805139
2020-08-03,1.1346098937232234,1.1035755402950245,1.1662206917825584,1.1103432860111149,1.0792074008333776,1.1420723534374975,1.1366444792907298,1.1054284399875656,1.168442732480004
2020-08-04,1.1402431955151096,1.1096386394113937,1.171405376047856,1.1382605926595077,1.1071233235216793,1.1699762759335817,1.1282766832553268,1.0976583183922248,1.159459209570179
2020-08-05,1.1412053407001388,1.111130350345093,1.1718181922864381,1.1121350114981936,1.0818814389908937,1.1429474019696082,1.1853285569774932,1.1544656242335087,1.2167367013274515
2020-08-06,1.164161946139813,1.134316683708004,1.1945261857984462,1.1113057353001807,1.081486334266437,1.1416682980257324,1.1182391711919017,1.0889584055431962,1.1480401761750632
2020-08-07,1.1349317231767888,1.1060665206219376,1.1642948121287666,1.1389913626403787,1.1091993746765498,1.1693120918729054,1.1415939100684311,1.1124601402139467,1.1712319441782602
2020-08-08,1.124146635059166,1.0959060532870968,1.1528682587715569,1.1334440014635063,1.1042320853783119,1.16316662377065,1.122807605678793,1.0943975363369853,1.1517051489141383
2020-08-09,1.093499321718858,1.0660627258447553,1.1214026751435202,1.1561000809403112,1.127090394856134,1.1856033278220401,1.119934492947887,1.0919934737958135,1.1483481182293747
2020-08-10,1.1204665264017033,1.0929971390015727,1.148392348483183,1.098062502603142,1.0703413809376705,1.1262581827480884,1.1466628199012903,1.1187941288147931,1.174990512786745
2020-08-11,1.1303102948852901,1.1031117277193472,1.157952307367411,1.0868969200873608,1.0596552300656534,1.1146015463675858,1.1599115482200482,1.1323848807941825,1.1878807329668655
2020-08-12,1.166195989441243,1.1390157021343366,1.1938052783969821,1.1518282760488456,1.124048533928651,1.1800619918178696,1.119065150676378,1.0925743045501157,1.145980779310129
2020-08-13,1.1690236720448526,1.1423745969337546,1.1960840035294695,1.1776537634215412,1.1500803954126915,1.2056643675428298,1.1657577221765552,1.1391158273326871,1.1928118195113404
2020-08-14,1.1732524208410693,1.1471280359381966,1.1997704611152908,1.1732941898969067,1.146400722884276,1.20060500200537,1.173908937323526,1.1477068261179253,1.2005068428072205
2020-08-15,1.1286734035176442,1.1036067472751665,1.154116783509348,1.1675907377151613,1.141352488411207,1.194228062618912,1.12088605006393,1.0958510696026493,1.1462994458398927
2020-08-16,1.1166613466979014,1.0921250614188676,1.1415624069280819,1.129639813678272,1.1043712702879929,1.1552908875213925,1.106593924856736,1.0820919996866085,1.131462955446933
2020-08-17,1.149096817818126,1.1245421079362554,1.1740063931702605,1.111994687005317,1.0873223722948757,1.1370374343285716,1.145695576442705,1.1210656656116271,1.1706836210128617
2020-08-18,1.1519620584403016,1.1278197866287045,1.176446426004113,1.1427398193028036,1.1180519917329754,1.1677884235998295,1.1578664787722581,1.13354016938347,1.1825383604423396
2020-08-19,1.1329572741593918,1.1094727893718053,1.1567708458918122,1.1422715522200155,1.1180118025754326,1.1668797318697772,1.1464925445694234,1.1227688733891459,1.1705480674427873
2020-08-20,1.111399701074012,1.088522544664022,1.1345951697617331,1.1360586528736296,1.1122961437792123,1.16015721001391,1.1251556219682053,1.1020848160433605,1.1485461768171024
2020-08-21,1.1161757453456727,1.0935542426190317,1.1391070873810918,1.0952958839449012,1.0723570364498214,1.1185595471735927,1.1184002392868224,1.0957494969295714,1.1413610016006186
2020-08-22,1.1046423853155887,1.082449672814938,1.1271363798800413,1.1469721388376914,1.1237626871993378,1.1704989808790711,1.1026779448895423,1.080505928130018,1.1251512212709092
2020-08-23,1.0850667822386562,1.0633521718565133,1.1070750215272949,1.1256581923771944,1.1030695318874084,1.148553149170786,1.0886826895527728,1.066923104670268,1.110736136605618
2020-08-24,1.0499074004732802,1.0287639535679869,1.071338579877095,1.1069669769866262,1.0849271488151977,1.1293032902578986,1.0587511220358112,1.0375174113979584,1.0802725869698113
2020-08-25,1.0336581443864596,1.0127919707785098,1.0548089680464456,1.065944717463676,1.0445970927856658,1.0875812237958067,1.0494227641464724,1.0284214701960877,1.0707080414089738
2020-08-26,1.0123285374049533,0.9917417725363395,1.0331982467780425,1.0573631793758151,1.0362604865642022,1.0787504406412105,1.0211698904377187,1.0005613154943918,1.0420595252905591
2020-08-27,1.0020946509954243,0.9816225914258474,1.0228493861593588,1.02275629238026,1.0021278087299477,1.0436659401801478,1.0148568485150922,0.9943482967694265,1.0356454751174609
2020-08-28,0.972574261459757,0.9523915286104712,0.9930401375326141,1.0346588909991412,1.013948707413873,1.0556491810501354,0.9934401488005224,0.9731659523701843,1.0139939942721277
2020-08-29,0.9698848682014923,0.9496399040446688,0.9904155379200537,0.9676608280008944,0.9477013547132205,0.9878985973566667,0.9833269291164753,0.9631230240773139,1.0038114299829457
2020-08-30,0.9769231938884879,0.9565033078629277,0.9976316554471912,0.9776921353154069,0.957529123666706,0.9981362333053412,0.9715154156133097,0.9513717028147671,0.9919414819131636
2020-08-31,0.9561913346024971,0.9359207081603931,0.9767525575421488,0.9756041918359565,0.95536999961897,0.9961220868637077,0.96558342597044855,0.9454132681856061,0.9860384481782389
2020-09-01,0.9488294478278398,0.9285176833789222,0.9694352948155112,0.9761027669227966,0.9557894029182459,0.996701925833639,0.94762392937212,0.9275420233165447,0.9679936232910576
2020-09-02,0.9384487923284505,0.9181033948930534,0.9590925659997974,0.9470197740444003,0.9269435786447421,0.9673837786089055,0.9580714085511769,0.9377309464746099,0.9787039048913966
2020-09-03,0.9530382648677667,0.9323625507241052,0.9740174082949777,0.9385334055769304,0.9184033139408251,0.9589555195178325,0.9543067832668208,0.9338863501668149,0.9750227461983313
2020-09-04,0.979341170207067,0.9582478543253484,1.0007417817514765,0.9414739929835565,0.9211355702802849,0.9621096137300323,0.9525842022823822,0.9320621922803831,0.9734052587608276
2020-09-05,1.018015329484857,0.9964581906953887,1.039881157716437,0.9447380818788328,0.9242018453004847,0.9655763065044316,0.9723355315732428,0.9514716267167612,0.9935022337011079
2020-09-06,1.0167570559853905,0.9952820303507558,1.0385387916436055,0.9827618413109831,0.9616627487196789,1.0041673133546476,1.0028950864118105,0.9816306127103239,1.0244644589140084
2020-09-07,1.0379198889313073,1.0162905820891,1.0598539263719808,1.0110172674892421,0.9895742591080285,1.032767826515658,1.0484635692896138,1.0267402952235662,1.070491111566876
2020-09-08,1.033483691107763,1.0120163656288566,1.055252474805726,1.0395799586893917,1.0178876404566002,1.061578301835531,1.047057303425611,1.0255057737277142,1.0689086837761168
2020-09-09,1.063865458955478,1.0421894815787207,1.0858399255139588,1.0173734414090132,0.9960469020224013,1.0390022482515782,1.0411265056939236,1.0197916058726118,1.0627569141738527
2020-09-10,1.0537105343892916,1.0323204436766726,1.0753940789334442,1.0792206355071363,1.0573186082834416,1.1014230576814759,1.0620522943384287,1.0406243751508426,1.083772368639787
2020-09-11,1.0563578914409986,1.0351003518411865,1.0779044982576387,1.0605071106702681,1.0390207806752658,1.0822876355825406,1.0608527882825733,1.039610488319642,1.0823824986920438
2020-09-12,1.0543014904657932,1.0332169413558188,1.0756709517416356,1.0701113668922375,1.0487184887526178,1.0917932161758819,1.077350380190574,1.0561174699415494,1.0988659891674504
2020-09-13,1.0590448506866836,1.038059199012647,1.0803114490316856,1.046479588427398,1.025515179240014,1.0677277842117305,1.082903204535577,1.061827304948094,1.1042561629364023
2020-09-14,1.0512628707145337,1.0305102813248292,1.0722922208583836,1.0461644893124524,1.0253298334214804,1.067279491834247,1.0157145690065525,0.9955282499143545,1.0361719403943008
2020-09-15,1.1038677101269645,1.08273631611097,1.1252722751948174,1.0248065773936224,1.0042989844885797,1.0455914629469711,1.0606623480286845,1.0400683045159351,1.0815264649804313
2020-09-16,1.1196154348949197,1.0986117207400152,1.1408851639688458,1.0969959275916805,1.0758339339529994,1.1184336277505227,1.0860963483897026,1.0653924276830609,1.1070667760889696
2020-09-17,1.1611487267440785,1.140097336489262,1.182457672705898,1.1023859636974522,1.0814263197815706,1.123614693719166,1.108446405140522,1.0877672350261796,1.1293860128472613
2020-09-18,1.1628640612286432,1.1422338849161442,1.1837411597119958,1.1156222829053277,1.0948319724637061,1.136674141065455,1.1376557401149145,1.1170009141308792,1.1585636341186887
2020-09-19,1.1281581699716854,1.1082703326322036,1.1482825204670644,1.1484868301021436,1.127705210001781,1.1695222083267454,1.1546281053439549,1.1341903118053307,1.1753099592563134
2020-09-20,1.085423447903993,1.066233445388309,1.1048423347542096,1.142729881891015,1.1223956384255684,1.163308249854419,1.1189605502584892,1.099245279533549,1.1389101565206272
2020-09-21,1.078053790180029,1.0591199647043898,1.0972119352480794,1.1002006920620089,1.0806191722601068,1.1200173488091423,1.094709636410075,1.0755073097423278,1.1141391760994852
2020-09-22,1.0416614779320061,1.0232134384468856,1.0603299358917269,1.109896600336703,1.0904732075681856,1.1295492804667688,1.0753029054571444,1.0564864175196613,1.0943414984044586
2020-09-23,1.0355254332868264,1.0172123675750957,1.0540569872210999,1.0695382087887353,1.0507212369449723,1.0885785085665152,1.0360140347187992,1.0177065663535851,1.0545397527571996
2020-09-24,1.031317386062897,1.0131011031305603,1.0497507328491735,1.0472608367316174,1.028797602743605,1.0659436600746952,1.0406790988490993,1.0223950371000956,1.0591798617907346
2020-09-25,1.0356215576819943,1.0174256182817845,1.0540331626757926,1.0573366285772288,1.0388729785349016,1.0760177605608625,1.0465339532344191,1.028269877902075,1.0650130295004583
2020-09-26,1.0584362573605506,1.0401129083735412,1.076973551322621,1.061504390189494,1.0431214341971549,1.0801020638536223,1.0043988156939379,0.9866048587234661,1.0224054468349735
2020-09-27,1.057905508437395,1.0397193291113942,1.0763025300030256,1.0510195681043637,1.032864459873397,1.069386187277662,1.0276405953801226,1.009640812861279,1.0458530498708551
2020-09-28,1.0557275339186964,1.0376969873702446,1.0739657413123185,1.0600752729186207,1.041953858382954,1.0784055885756065,1.0800573484506903,1.0616477939770157,1.0986785043039822
2020-09-29,1.0665590410769317,1.0485620665238968,1.084760774447685,1.066328189343585,1.0482839272135676,1.084578338967737,1.0566887528281181,1.0386692900356078,1.074915428923912
2020-09-30,1.085961895021519,1.0679522360420588,1.1041728985243144,1.0508714677366924,1.0331080602443552,1.0688373356649945,1.1059817188204826,1.0876900227407837,1.1244773491507063
2020-10-01,1.0994259626612128,1.0815038413566478,1.117544996465616,1.0657018174945667,1.0479254722401978,1.083678066507602,1.1002385488105801,1.0822373279429565,1.1184382854785726
2020-10-02,1.1144528638713331,1.0966402852621504,1.1324572912387452,1.0886935873693422,1.0708681369393545,1.1067157616028112,1.1061294273028492,1.0883220320076892,1.1241300175949407
2020-10-03,1.1096648301968381,1.092152153640428,1.1273637245936756,1.0682212428256466,1.05076525409666,1.0858694963781623,1.10135287731937,1.0838227776568126,1.119070990863748
2020-10-04,1.0978306226774996,1.0806568326898327,1.1151854067426317,1.1134046759334777,1.0957388813515092,1.1312593331995877,1.0897933192935947,1.0725796618690238,1.1071901719442048
2020-10-05,1.1104147971019522,1.0933527381671508,1.1276534449934383,1.0957264260532045,1.0784489210460382,1.1131874850822983,1.1221164275132116,1.1048419880700309,1.1395699953478986
2020-10-06,1.1728377244129011,1.1555387406571378,1.1903085024201143,1.1065166964679636,1.089373089684132,1.1238392277528684,1.129957162545168,1.1128839964745783,1.147204059495464
2020-10-07,1.2303906361797272,1.2130566809740129,1.2478889391739025,1.1474379321123465,1.130208868761027,1.1648412071758738,1.1952332014323999,1.177964249242437,1.2126701099394108
2020-10-08,1.2613544330138706,1.2443227695106445,1.2785408060492023,1.206605918017419,1.1892661333963095,1.2241134347686815,1.272692094926423,1.255308535607573,1.2902354038804005
2020-10-09,1.2952925818018273,1.2786087509067228,1.3121209172707353,1.2576477137798323,1.2404119449620308,1.2750424110167102,1.2851288165822905,1.2682681195107754,1.3021382894879627
2020-10-10,1.2694348637086001,1.2535316428048429,1.2854720259148344,1.3009049209380052,1.2839520618163394,1.3180063539590616,1.2636056688394361,1.2474971403819795,1.2798522736710167
2020-10-11,1.2375850660738148,1.2224148089334985,1.2528803164888724,1.2680005973676813,1.2519012307020905,1.2842374005959218,1.2466895411411494,1.231218147317805,1.26229000364126
2020-10-12,1.246592899524731,1.2318098156988402,1.2614937885675575,1.2375141293110428,1.2221491777291689,1.2530073240710347,1.3350844167613032,1.3195565444246182,1.3507336300966837
2020-10-13,1.2478337055996929,1.2334842831932762,1.262293985785625,1.2363566537243043,1.2214451361086116,1.2513890412226414,1.315806394774688,1.3010190452593093,1.3307053705523055
2020-10-14,1.2820860363468785,1.2679817876991104,1.2962944906097988,1.2689366465401983,1.2542614006255637,1.2837259184934722,1.3403538740355025,1.3260201221157744,1.354790550506861
2020-10-15,1.3119451640319462,1.298168881828579,1.3258185666648121,1.2941537041520268,1.279819140997311,1.30859490567025,1.3352067922150748,1.3214932765020928,1.3490148541433427
2020-10-16,1.3108511134110812,1.2976106050978846,1.3241813855542584,1.3104785775361714,1.2965774410303206,1.3244787206462485,1.3338330776598517,1.3206905666958995,1.3470624903460817
2020-10-17,1.2792432618840717,1.2666658725138618,1.2919036353431046,1.3228793260717246,1.3094469813431107,1.3364032178555425,1.286553709483201,1.2741708947627155,1.299016492406683
2020-10-18,1.2354482860033913,1.2235114901480995,1.247462468910904,1.2890567621652231,1.276323598484689,1.3018743333353193,1.2318357002636002,1.2201426097034374,1.2436032595140019
2020-10-19,1.2307816402215164,1.2192052511877016,1.242431077165636,1.255796569103266,1.243675574846491,1.2679960637217575,1.2157014500837073,1.2044055307036385,1.2270677780365162
2020-10-20,1.2718098323608318,1.260364520755279,1.2833242247178993,1.258364451795104,1.2466051224100296,1.2701975008720623,1.2608337661848303,1.249620290536994,1.2721141248511687
2020-10-21,1.316362925632119,1.3051014148165208,1.3276890334128235,1.2479525935975777,1.2366048751035568,1.2593695223357393,1.309354818145349,1.2982844693071816,1.3204879194042778
2020-10-22,1.353139852555647,1.3421664646737173,1.3641728894634195,1.2919209842521024,1.2807220022927086,1.3031850613657645,1.173483792336345,1.1634040897206315,1.18362154770945
2020-10-23,1.3645036086443654,1.3539638136192629,1.3750979595954114,1.2943269551696146,1.283513935153797,1.3052005351896507,1.2483707576126122,1.238199134060762,1.2585979348308212
2020-10-24,1.3473092770619393,1.337305982834629,1.357362331679838,1.3527525510630114,1.3420996882685527,1.363461636402948,1.2921493812757998,1.2820971510751407,1.3022540174146227
2020-10-25,1.2999482319334046,1.290540466024807,1.3094016075500339,1.3510805542339934,1.3408917177641988,1.361320874066442,1.3115383388158772,1.3017786336317276,1.3213467029002033
2020-10-26,1.2955428393682107,1.2864930916291952,1.3046349278233205,1.3162270010901687,1.3066073562299825,1.3258937456832522,1.2850908832523646,1.2758032617812949,1.294423470557705
2020-10-27,1.3019918670811537,1.293240198315635,1.3107829301810594,1.293366231184301,1.2841993139830241,1.3025766686910913,1.2716759152070791,1.2627626476399638,1.280631027564504
2020-10-28,1.3048703745249342,1.2964287633519302,1.3133485510805958,1.3198067632429349,1.3108739026277791,1.3287801135632435,1.2481478650649518,1.2396087943326342,1.2567260604334316
2020-10-29,1.2859948938413834,1.277925099706464,1.2940985892454449,1.3001158120025007,1.2915913018963392,1.3086777477345832,1.3576667404628278,1.34902808612712,1.3663421953932842
2020-10-30,1.2626702438319026,1.2549524143888096,1.270419651179842,1.3070544752938331,1.2988210496136483,1.3153226229753932,1.3207028339665006,1.3125498030987657,1.32888955737032
2020-10-31,1.2154596520872005,1.2081279465843155,1.2228209601334288,1.2662808218380863,1.2584777791672082,1.2741160526095177,1.2596968739396175,1.2520558209595196,1.2673689517730555
2020-11-01,1.1847274229684839,1.1776758925829716,1.1918070454787573,1.2205743849110235,1.2131623485264216,1.228016550119407,1.2117463607397843,1.2044884315778992,1.2190333877541277
2020-11-02,1.1674566086396205,1.1606079243293512,1.1743321825832442,1.1952784960059786,1.1881363261007478,1.2024492309153738,1.288933556482909,1.2816345697593032,1.2962602028605765
2020-11-03,1.1563153454587864,1.1496329837003454,1.163023551804875,1.1830279791403824,1.1760853302103225,1.1899978969547929,1.1450028207823497,1.1383606765229715,1.1516707521339418
2020-11-04,1.1323807470021998,1.1258899701634,1.1388964223376228,1.1553080293983375,1.148595550559097,1.1620466095922286,1.2519810295609173,1.2451611573975596,1.2588257584633218
2020-11-05,1.119599940562109,1.11324669336473,1.1259773136964004,1.1447511569259994,1.1381922266922924,1.151335236493107,1.2154966800241704,1.2089714875140793,1.2220453093906827
2020-11-06,1.1082567726445445,1.102023783672133,1.1145132197368153,1.1330228194946925,1.1266082009289466,1.1394617407738419,1.179426462037406,1.1731751526502927,1.1856999389803804
2020-11-07,1.097587121019766,1.0914629259405764,1.1037341819294133,1.1374306050000786,1.131104761151894,1.1437799903785026,1.1298004261595438,1.1238136404971975,1.135808436054376
2020-11-08,1.070645604662224,1.0646663435038333,1.0766472107363207,1.1166543957379362,1.1104896810634377,1.1228418832932452,1.1117208555208826,1.1058715700932216,1.117590730423747
2020-11-09,1.0597861729530744,1.0538851724385931,1.0657091600452888,1.096283193686048,1.090261166055953,1.1023273556014932,0.9373465616280238,0.932043156416707,0.9426700466737775
2020-11-10,1.0490710559060483,1.0432379663998508,1.0549258481573076,1.0716167799747405,1.06572978490879,1.0775254147158508,1.1093100671597804,1.1034794399647934,1.1151611970723454
2020-11-11,1.050079558855372,1.0442748814470828,1.0559057069952829,1.065048246842466,1.05922642882455,1.0708913581580002,1.015156881829205,1.0096375716074255,1.0206962701627242
2020-11-12,1.0488472131195932,1.0430785350958764,1.0546371209063505,1.0652177837644636,1.0594371380662935,1.0710194187529931,1.0256704959861986,1.0201402362624552,1.0312207063351393
2020-11-13,1.0359941790411518,1.030293966494211,1.0417153776130643,1.0656524471987796,1.0599141323829055,1.0714114360102371,1.0183985648658427,1.0128958413149036,1.0239211820571004
2020-11-14,1.02682844939229,1.0211769723981379,1.0325007392538108,1.0415590517739357,1.0359304777657392,1.047207976967578,1.0186316863140457,1.0131385249562166,1.0241446675551074
2020-11-15,1.0109051097950323,1.0053134389320018,1.0165174766714982,1.038952252311838,1.03335754321731,1.0445671186312848,0.9278671488969784,0.9226342576371346,0.9331197890620501
2020-11-16,1.00018206861688,0.9946244646317126,1.0057603367432764,1.0105452572304925,1.0050505116398407,1.0160599934279217,1.010596632033546,1.0050786054831498,1.0161348182303664
2020-11-17,1.007903947386267,1.0023209416733676,1.0135076465623,1.0020477240997123,0.9965799034496745,1.0075355080471986,1.008814973683635,1.0032998960135353,1.014350225115443
2020-11-18,1.0151608330334738,1.0095604166685994,1.020781922965977,0.996319240713951,0.9908630265535898,1.0017954480691338,1.0150089143568497,1.0094884293589301,1.020549488969062
2020-11-19,1.0142122255889863,1.0086246655179654,1.0198203835641895,1.0044427736258483,0.9989579856777729,1.0099476011151767,1.0054868077265895,1.0000033499113508,1.0109902744731534
2020-11-20,1.0182613719762572,1.012672742085248,1.0238705254335265,1.0050350322452875,0.9995492706637779,1.0105408286398287,1.0064252341339073,1.0009437116721922,1.0119267326677592
2020-11-21,1.0064510112402025,1.0009075479149334,1.012014904961938,1.007898156302997,1.002407485764301,1.0134088403701575,0.999109430721667,0.9936515157762621,1.0045872952772703
2020-11-22,1.0046451107571284,0.9991108497903041,1.0101997709592287,0.9966680751119288,0.9912130643096019,1.0021430632547852,1.0085899609563247,1.003105043523539,1.0140948361743756
2020-11-23,1.0076942037951035,1.0021531356088578,1.013255659418654,0.9980500468281275,0.9925883254741471,1.003531766962024,1.0056884447477235,1.0002166681002784,1.0111801410048358
2020-11-24,0.9985633337084474,0.9930520755714717,1.0040949452114325,0.9923679161586721,0.9869188524134604,0.9978370003249408,0.9274581029070796,0.922208168455272,0.9327279241602259
2020-11-25,0.9863580121376249,0.9808790313788417,0.9918573579553567,1.002983914648524,0.9974996245861081,1.008488269856802,1.0171063206181987,1.0115530738989744,1.0226798544704734
2020-11-26,0.9838105505600839,0.9783272672497205,0.9893142839993014,0.9998077108951201,0.9943335056742867,1.0053019711425375,0.998458025061217,0.9929617600965772,1.0039745347406832
2020-11-27,0.9720540846017518,0.9665902726061689,0.9775384479777859,0.9930267294816792,0.9875716670684732,0.9985018431402499,0.9823396423585884,0.9768937962580068,0.9878056900957285
2020-11-28,0.980070692133839,0.9745630448547912,0.9855990510489778,0.9850373792886691,0.979598980162407,0.9904958693580893,0.9869604235822355,0.981488368885376,0.9924527793426994
2020-11-29,0.9854237864881169,0.9798852583695359,0.9909831453848978,0.9803487821884332,0.9749117935545759,0.9858059477193839,0.9813473449649402,0.9758804914004705,0.9868345772766582
2020-11-30,0.9743632482836097,0.9688460981416585,0.9799013039320369,0.9882489114098602,0.9827748012456909,0.9937433113333073,0.9842157127883359,0.9787276808764194,0.9897242218662654
2020-12-01,0.9787690811251691,0.9732214606822305,0.9843377435606286,0.9919023665909888,0.9864091180212643,0.9974159717693276,1.0558306167920422,1.0501339795365037,1.0615478185038991
2020-12-02,0.9947300034546278,0.9891211423761956,1.0003600281175875,0.9828669499837182,0.9773938233292994,0.988360470570234,0.9654477875484125,0.9600420923837455,0.9708737365786645
2020-12-03,1.0091240279778302,1.0034718412832024,1.0147973993872355,0.9853327647367319,0.9798409750959886,0.9908450363143134,0.9852624596320505,0.9797824378929616,0.9907628769214771
2020-12-04,1.022228147991962,1.0165486374395518,1.0279287737370097,0.9944508476546717,0.9889225962817711,0.9999996633404513,0.9527037659825843,0.9472980366267086,0.9581300214234968
2020-12-05,1.0219509132022069,1.0162913434952798,1.02763145552563,1.0087276378254837,1.0031563404649215,1.0143195248967953,1.0642792458752084,1.0585295996655049,1.0700496748358164
2020-12-06,1.026895569338132,1.0212408631685759,1.0325711108431512,1.0311538854307585,1.0255289022710359,1.036799399617028,1.108683709510664,1.102862598793998,1.1145252675408575
2020-12-07,1.044494934983849,1.038812742703394,1.0501978102329068,1.0311206670039894,1.025521077628073,1.0367406027740251,1.0057658279577946,1.0003104088322865,1.0112410460295767
2020-12-08,1.0605903767946296,1.0548986763290726,1.0663025135638604,1.0252144133515844,1.019656529214445,1.03079245728436,1.037089396848072,1.031558680705592,1.0426398464271471
2020-12-09,1.0765507995164991,1.0708634596453768,1.0822582407493153,1.0459199356883595,1.0403252967936183,1.0515345965407787,1.0438039495434341,1.038274496734542,1.0493529994261146
2020-12-10,1.0872586645062048,1.081601580651078,1.0929354394975221,1.0460781716775052,1.0405164672536507,1.051659659601836,1.1006666882579397,1.0950217956897639,1.1063309473782665
2020-12-11,1.099894196775288,1.0942700211235463,1.1055376103943388,1.0819616075131204,1.0763407283972957,1.0876020215984556,1.1548277266577631,1.1491210752163006,1.160553240105258
2020-12-12,1.106285832766467,1.100718775036147,1.1118716297741666,1.09714862755896,1.091548847216938,1.1027675269424793,1.0767850894644115,1.0713891166832468,1.0821991495187422
2020-12-13,1.0921489930047819,1.0866938598344027,1.097622351979681,1.0862715272848773,1.080772517795159,1.0917891579900953,1.0801538191146824,1.074807058815008,1.0855182821614515
2020-12-14,1.0849000546978562,1.079527053595824,1.090290854558181,1.0903451334534413,1.084898354752602,1.0958101122440425,1.0672476366091153,1.0619814739166344,1.0725311798562294
2020-12-15,1.0894757010846707,1.0841475584454343,1.0948212722916104,1.0682183347399503,1.0628886228669003,1.0735658336543799,1.0802203190390385,1.0749656935821128,1.0854920403635906
2020-12-16,1.09058795212212,1.085315871405911,1.0958770785278413,1.0971591066311945,1.0918038310040863,1.102531865374254,1.1094205505517474,1.1041469783586462,1.1147108876573202
2020-12-17,1.0861970811402466,1.080995188446262,1.0914156352618898,1.0927534059318575,1.0874725782592363,1.098051301993477,1.0624822534048046,1.0573933548559726,1.0675874533243586
2020-12-18,1.0787087410739609,1.073580400482366,1.0838533872898732,1.092022923450189,1.0868072246992204,1.0972552826829738,1.0804983643983168,1.075407920845443,1.0856048464074346
2020-12-19,1.065768308672227,1.0607201071377346,1.07083250186121,1.0852049883151453,1.080065412938093,1.0903608426030211,1.059595040170961,1.0546014433666502,1.0646043754595096
2020-12-20,1.0575221746444996,1.0525333174669547,1.0625267712851925,1.0782726865306498,1.0732039066909944,1.0833574013188139,0.9938460348223995,0.9890460201098613,0.998661554682671
2020-12-21,1.0497762888883646,1.0448392466693115,1.0547288589081727,1.0594040951347239,1.0544280398217891,1.0643957812063614,1.0752851668226977,1.0702829532201257,1.0803029421964931
2020-12-22,1.0502322265807045,1.0453227198219217,1.0551570814598665,1.075106047650204,1.0701286631652853,1.080098842140958,1.0713236100542654,1.0663722380352376,1.0762902851890166
2020-12-23,1.0529125752466055,1.048025840299372,1.0578144772160725,1.0382317306274924,1.0333844220868456,1.0430941737398745,1.0559891472232068,1.0511223690804858,1.060870924607119
2020-12-24,0.9774403372362362,0.9727625757764105,0.9821330708048094,1.0595271119535588,1.0546528602962417,1.0644163586307214,1.019751344452366,1.0150025139903427,1.0245149639097517
2020-12-25,0.8880429299136177,0.8835686314894606,0.8925323078213648,0.9976333924969093,0.9929357883657913,1.0023457896385846,0.8392087170090499,0.8349098829795653,0.8435222818394036
2020-12-26,0.8579867419179925,0.8535135195656786,0.8624755663282198,0.9015465652692644,0.8970782689283728,0.906029674590055,0.8299522768144276,0.8255767180427931,0.8343432686588378
2020-12-27,0.8702816820745635,0.8656785661627434,0.874901086724941,0.8752047673838056,0.8707360748796641,0.8796887229415588,0.9139528124383047,0.9092351345785737,0.9186867809784083
2020-12-28,0.874004221661975,0.8693049938161241,0.8787203542431711,0.8744555678650463,0.8699021279878434,0.8790248698566828,0.9024643773142715,0.8977186059141216,0.9072268449341705
2020-12-29,0.8943665989134657,0.8895325861231547,0.8992180931415096,0.8639451832352796,0.8593370625177963,0.8685697483495142,0.8099266897552283,0.8053789351584819,0.8144915321679422
2020-12-30,0.8999595499881806,0.8950441105530906,0.904892953106272,0.8813665769359338,0.8766252435137261,0.886124975666876,0.8396066895375252,0.8348566626592121,0.8443746996090243
2020-12-31,0.9115356030823739,0.9065273540121866,0.9165622641673365,0.9121040127499564,0.9072039231342564,0.9170217152834714,0.8547401094921915,0.8498378410488465,0.8596611941967882
2021-01-01,0.9109050727415248,0.905844074389012,0.9159848867920042,0.9136827054028394,0.9087252176692714,0.9186581905912176,0.9891404045694134,0.9837684414190386,0.9945318883032013
2021-01-02,0.9198937835290681,0.9147525390761772,0.9250542557762815,0.9198166055413037,0.9147916738658888,0.9248599048448292,0.9699078361866733,0.9645896011629312,0.9752455833313497
2021-01-03,0.9305692349920504,0.9253473109627739,0.9358107677582846,0.9127535384792692,0.9076990682707904,0.9178267376392848,0.9552993663792894,0.9500187665035207,0.9605994979466232
2021-01-04,0.934628707503743,0.9293521431751784,0.9399252065682026,0.9240941245397195,0.918953594729594,0.9292537890907032,0.9516582012638074,0.9463620728383878,0.9569740520883457
2021-01-05,0.9490109326097468,0.943652837548859,0.9543892716946606,0.9340927191109775,0.9288755801982952,0.9393293566662964,0.956755410970549,0.9514144321479251,0.9621163410159735
2021-01-06,0.9338851967523846,0.9285387159140568,0.9392521614956579,0.9393467582125633,0.9340739979843908,0.9446393240317638,0.925163804861366,0.9198847118833807,0.9304630566410697
2021-01-07,0.9994947184796038,0.9939196136740115,1.005090632371139,0.90449600085953,0.8992852434735856,0.9097268480509024,1.1200828689545759,1.114218179717818,1.1259681013789484
2021-01-08,1.1108988064004472,1.1050236551974149,1.1167947453255063,0.9982405300601298,0.9926997566610332,1.0038018824963173,1.11190737496767,1.106157029760512,1.117677614467131
2021-01-09,1.1249809112095308,1.1191643542259218,1.130817586699295,1.0945534576635185,1.088751447719305,1.1003760438848167,1.1606623475531521,1.1548923548555001,1.166451526746597
2021-01-10,1.0810931120977652,1.0754971477562085,1.0867084539232987,1.1145866144494092,1.108816917909587,1.1203762913269721,1.0438355256727925,1.0384814737818873,1.0492079484463432
2021-01-11,1.0507844618327031,1.0453306339599306,1.0562572263882055,1.0965682770462646,1.0909436899053502,1.10221216353268,1.0256726817260529,1.0204006755824444,1.0309628155870623
2021-01-12,1.0029420501825619,0.9976468548023071,1.008255949318902,1.0735651530702253,1.0680755703635847,1.0790735134861176,1.0851167214060657,1.0797019946297333,1.0905495213013638
2021-01-13,0.9772514100611983,0.9720222067884509,0.9824993342096449,1.0412295395760458,1.0358753382956534,1.046602158905491,1.0552659498332844,1.0499813246427336,1.0605682772595386
2021-01-14,0.9454295195287382,0.9402640219420946,0.9506139009142832,1.0223269967837458,1.0170476156879507,1.0276246161344091,0.875942851367603,0.8711655140664103,0.8807376222822428
2021-01-15,0.9160393657372652,0.9109125164324251,0.9211854158667138,0.9509315579869382,0.9458505074206078,0.956030772781614,0.833846626014274,0.829101837421849,0.8386094825061223
2021-01-16,0.9149041551377408,0.9097172795668264,0.9201107091219346,0.9219938108005318,0.9169531978358239,0.9270528626179235,0.8194966668742609,0.8146673982234256,0.8243449828777848
2021-01-17,0.9229868191439743,0.9177132695867658,0.9282805327368328,0.9222296515398938,0.9171264393265907,0.927351759441096,0.946210764708686,0.9408831862528002,0.9515584162684988
2021-01-18,0.90768195319443,0.9023979897959838,0.9129865031706281,0.9031621145967635,0.8980539761175146,0.9082895865416842,0.9407310286073796,0.9353797589230642,0.9461026690775536
2021-01-19,0.8956784626624874,0.8903660786986439,0.9010119356739985,0.9163820179101786,0.9111678472031248,0.9216160428886675,0.83029796592464,0.8252447224924201,0.83537179581969645
2021-01-20,0.8821352968306468,0.876789656858403,0.887502620426585,0.9088169612640141,0.9035648044593577,0.9140894315754444,0.8970424577860179,0.8916714527400499,0.9024349879081729
2021-01-21,0.878311182492366,0.8728932921272179,0.8837514451906785,0.8917284963066818,0.8864646680212288,0.8970131212127275,0.810955633497467,0.8057731392641914,0.8161603017517796
2021-01-22,0.8779918336770004,0.8724874010760925,0.8835193690047827,0.8798526246971149,0.8745491645779887,0.8851774825094357,0.9216497560250052,0.9159895598502472,0.9273332217729169
2021-01-23,0.8889367516323594,0.8833099931757779,0.8945873547893761,0.8888716041248759,0.8834554375825353,0.8943098620226004,0.9195992358409495,0.9138841255215467,0.925338123505368
2021-01-24,0.899043649986524,0.8933048503388464,0.9048069754293705,0.9006295029170267,0.8950979918109606,0.9061837562454822,0.9209685188390493,0.9152039226640764,0.926757270660606
2021-01-25,0.8979327684920875,0.892126139877937,0.9037645385557913,0.9195313025769231,0.9138722171694698,0.9252137022160036,0.9154720541295482,0.9096712977776922,0.9212974182516753
2021-01-26,0.890555420796747,0.8847001435128063,0.8964364762167328,0.8914436414563867,0.8858179237833421,0.8970931276769083,0.90639034088217,0.9005595681682086,0.9122462274394947
2021-01-27,0.877844458095264,0.8719511630667595,0.8837642476799018,0.8891852789367456,0.8834912210492333,0.8949037497142357,0.7936747519077046,0.7881552759155761,0.7992199366607641
2021-01-28,0.8684544004541078,0.8625008079848138,0.8744353273765406,0.8872996902879117,0.8815290875658303,0.8930954216390838,0.9088667063869189,0.9027941754558249,0.9149664072049788
2021-01-29,0.870028067188378,0.8639671178415491,0.8761172965458899,0.8743806665333805,0.8685696353385364,0.8802175586543095,0.894633812968337,0.8885293890465845,0.9007661323769138
2021-01-30,0.8807232158326674,0.8745226412381719,0.8869530304349141,0.8602584102488524,0.8544013355832749,0.8661421914864051,0.97190422362294,0.9654684544414711,0.9783685298263368
2021-01-31,0.8978016992454656,0.8914471003879952,0.9041864253793314,0.8805696545438638,0.8745353006538463,0.8866317031094545,0.8722916670508,0.8661801403775217,0.8784318738360903
2021-02-01,0.909616114997155,0.9031404121102405,0.9161226989084464,0.8954195357317161,0.8892408387654638,0.9016267875239278,0.8961656359063028,0.8898780166054463,0.9024828033508064
2021-02-02,0.8893921155962159,0.88292092770006525,0.8958948460155518,0.9148540985431028,0.9085295783093348,0.9212079020322919,0.9023331115535899,0.8959320731533332,0.9087645659904233
2021-02-03,0.8821520846951291,0.8756199197588007,0.888716655975234,0.8923975722614057,0.8860892174370038,0.8987357970877813,0.8858464792998177,0.8794282960052981,0.892295814061684
2021-02-04,0.8859762506103256,0.8793305408316203,0.8926553604993901,0.8759046411675855,0.8695735610054228,0.8822663766971622,0.888500220693745,0.8819796125317897,0.8950528884986773
2021-02-05,0.8784571014472932,0.8717436680266183,0.8852049141830703,0.8906307751743191,0.8841438053422493,0.8971493976478552,0.8885803040149033,0.881965664119139,0.8952279342192808
2021-02-06,0.8852926893165499,0.8784495455579231,0.8921712799827793,0.8925315067381302,0.8859464676038433,0.8991490953897167,0.7960917706082926,0.7897436952992135,0.8024737729662931
2021-02-07,0.8956337383623975,0.8886505622403026,0.9026534023957179,0.8827742017914487,0.8761386116930553,0.8894432114934235,0.9230032554655471,0.9159802030131219,0.930062114863017
2021-02-08,0.8946115482204005,0.887542742843879,0.9017177871882708,0.8946488066519037,0.8878701186565892,0.9014619096700294,0.9140769846045703,0.9070133261825769,0.921177221862241
2021-02-09,0.8717614488509506,0.8646937151067725,0.8788675910336479,0.8808794320290432,0.8740639688403327,0.887730232269717,0.9009217062931387,0.893850755911743,0.9080298493174411
2021-02-10,0.854190530530716,0.8470805361290501,0.8613401993674628,0.8841315763775301,0.8772019793451723,0.8910975719877124,0.87461990276414,0.8675692225264053,0.8817086802166485
2021-02-11,0.8542012476505987,0.8469548226559769,0.8614888881784212,0.852396396482642,0.8454919388452138,0.8593383410036988,0.8553124544253594,0.8482283949507655,0.8624358466729346
2021-02-12,0.864639699596477,0.8572098241163792,0.8721123839128726,0.8388888333980197,0.8319091710221145,0.8459074263090026,0.8623446197165366,0.8550952055629649,0.86963489177940545
2021-02-13,0.8479263890980694,0.8404422341660682,0.855454843749193,0.8416076719845732,0.8344665387442548,0.8487894307177469,0.8582959827662507,0.8509332401851749,0.8657010743697521
2021-02-14,0.8927723684151418,0.8849441991765862,0.9006465671614978,0.8355956681059531,0.828332711947456,0.842900955898663,0.8582585948356228,0.8507630867959037,0.8657979994307057
2021-02-15,0.9203212684969246,0.9122670456190365,0.9284227585418253,0.8695291762143541,0.861963134053664,0.8771393642830133,0.8982583870445142,0.8904509236309072,0.9061113548121889
2021-02-16,0.9396384112384548,0.9314306285891863,0.9478942709440948,0.9066864206535329,0.8988339938962462,0.9145844485715396,0.9235747423311295,0.9155600287641975,0.931636093288754
2021-02-17,0.9462227536852125,0.9379357196545786,0.954558457396097,0.9162865082764079,0.9083105411769354,0.9243090311436257,0.9452789943565304,0.9371041708454463,0.9535012222324419
2021-02-18,0.9548268571330106,0.9464561665172931,0.9632467578349705,0.9323487496847088,0.9242305568863809,0.9405143425723733,0.954080370938818,0.9458227388229877,0.9623859266856036
2021-02-19,0.9672148616500548,0.9587497400785735,0.9757296647943983,0.9321297387149705,0.9239527751005715,0.9403548046004122,0.9598886258112922,0.9515687549705341,0.9682568514500297
2021-02-20,1.014674372987303,1.0059751778136958,1.0234235752129377,0.9616947999484567,0.9533262999364006,0.970112130916123,0.9807016021906835,0.972257293725748,0.9891946637184778
2021-02-21,0.9951982955556241,0.9866091906910942,1.0038371057144837,0.9993002066689659,0.990735695696489,1.0079139338460685,1.0077104676814994,0.9991371834057372,1.0163326553869043
2021-02-22,0.9937649201450837,0.9851887697764423,1.0023906974430434,0.9953735534431878,0.9868380297907834,1.0039581537067404,1.0005737557613976,0.9920492604540861,1.00914694472199
2021-02-23,1.0119531829540838,1.0032941661452073,1.0206618786302848,0.9941493904015941,0.985626572678783,1.002721198912483,0.9958888218522027,0.9873940935603933,1.0044321321241556
2021-02-24,1.0324797553495249,1.0237500072971546,1.0412589899531977,1.0029504057327296,0.9943890992723939,1.0115607114572105,1.0184853238679379,1.0098932808319783,1.0271259626079354
2021-02-25,1.0347968345253669,1.0260996032300231,1.0435430727601733,1.032921565344642,1.0242405754925101,1.0416514678982376,1.03533521918214,1.0266957692277734,1.0440229999702086
2021-02-26,1.037401053501243,1.0287375908654623,1.046113019440691,1.0395846638943658,1.0309180206455801,1.0482997436422044,1.0316900999340866,1.0231111882632307,1.040316834923127
2021-02-27,1.0243574379240683,1.0157929192750643,1.0329699622089759,1.0383579633855557,1.0297481250601714,1.0470156603767609,1.0315269003169476,1.022988478762433,1.0401127011174003
2021-02-28,1.0250626208089335,1.0165231599957862,1.0336497729629115,1.0311211630704222,1.0225877023911185,1.039701966528674,1.0232492291501623,1.0147811429410714,1.031764294180378
2021-03-01,1.0246199356310368,1.0161082608986118,1.033179011571501,1.0291836224618338,1.0206937015745625,1.0377204916298877,1.022304484542355,1.0138660629973202,1.0307895987820161
2021-03-02,1.0325411399833553,1.0240230683931622,1.0411063180487152,1.0226774877161202,1.0142457291555496,1.0311558479618421,1.0299314266064274,1.0214845574342457,1.0384247338919956
2021-03-03,1.0250676736620505,1.0166156835997948,1.0335663801448878,1.0352153039808587,1.0267557894798653,1.0437211570804361,1.023508168563467,1.0151197210561063,1.0319427012813929
2021-03-04,1.0235137240097696,1.0150957333182993,1.0319781257433256,1.0268911901859004,1.0185028412622787,1.0353254705805666,1.0236841922158793,1.015320729085504,1.0320934577718845
2021-03-05,1.0226828283488318,1.0142920923546002,1.031119712189282,1.029973205593978,1.0216020755417718,1.0383899406043706,1.0203270260237207,1.0120014284884513,1.0286981612111747
2021-03-06,1.0288264020712,1.0204337853189587,1.0372649102143916,1.0187768442535465,1.0104820400542596,1.027116918111607,1.0256954402545666,1.0173688349210814,1.0340673545981183
2021-03-07,1.0204249840032646,1.012096922502817,1.0287986057894798,1.0178054558697878,1.0095337899476473,1.0261221817563042,1.025970716268459,1.0176693908530314,1.0343170630981322
2021-03-08,1.0175409182272928,1.0092462674840252,1.0258808922340104,1.018671948100276,1.010413078801618,1.0269756992551589,1.0165870449869276,1.0083514351289664,1.02486737559782
2021-03-09,1.0237405291371404,1.0154372891094998,1.0320889100625148,1.0195176642901198,1.0112737624835404,1.0278062476844096,1.0184147234124572,1.0101883699833683,1.026685616339803
2021-03-10,1.064487635975512,1.0560448452752593,1.0729753057665896,1.0168299955013282,1.0086167226364897,1.0250877355202102,1.1926675402409666,1.1837821886080917,1.2015972427511472
2021-03-11,1.0983214551470744,1.0898174381552796,1.1068695962980497,1.0548898915283034,1.0465411613699103,1.063282905130544,1.0247586015219594,1.0167277071349445,1.0328316744308816
2021-03-12,1.1172439821425146,1.1087812424289099,1.1257496737819188,1.0784232234506577,1.0700412776230706,1.086848827574591,1.0653131322346328,1.0571699509033654,1.0734980235296272
2021-03-13,1.117598950629327,1.1092676681229359,1.1259718444531475,1.1073443040528956,1.098941565065324,1.1157897670212584,1.0890855465897584,1.0809031469034154,1.0973091361200076
2021-03-14,1.1057407596349502,1.0975818072809942,1.1139400455986566,1.1193808506306189,1.11105323552446,1.127749973825166,1.102669506266306,1.0945320017501914,1.1108472443976385
2021-03-15,1.1059384932163498,1.097888884805731,1.1140273517449064,1.1091454752911667,1.1009873234230962,1.1173438284380242,1.095047232008913,1.0870459751855237,1.1030876552838997
2021-03-16,1.140391963586636,1.132325329282634,1.1484968181231836,1.0966023254799873,1.0886054552602207,1.1046382633605012,1.1106792940347439,1.1027196999511488,1.1186770986380246
2021-03-17,1.1630052521588639,1.1550025611955579,1.171044823646769,1.1340625363883738,1.126028128785346,1.1421350713460852,1.0318829292560938,1.0243181799753365,1.0394848317492156
2021-03-18,1.162823634301755,1.1549892053895252,1.1706934112829024,1.1417066593769596,1.1337798476578618,1.1496703321077508,1.2011779159427842,1.1930458821146932,1.2093468191114058
2021-03-19,1.1564113588504374,1.1487610782007043,1.164095529514872,1.1646771612786249,1.1568173414893523,1.1725725022735616,1.1897742056328975,1.1818772457885665,1.1977062641775165
2021-03-20,1.1459719715816759,1.13850572091792,1.1534707932612616,1.1611690179622134,1.1534847179705223,1.16888736999838,1.1690067325082114,1.1613829723990687,1.176663783357407
2021-03-21,1.1185429914139642,1.1113001044856579,1.125817280484371,1.1514071819047298,1.1439124467182022,1.1589345820463997,1.1346972694912298,1.1273472862060243,1.1420791301019637
2021-03-22,1.1109645435546758,1.1038502822507346,1.118109306775162,1.1218081400539321,1.1145502605244306,1.1290974599696673,1.1179166459821344,1.1107424997531357,1.1251216171858363
2021-03-23,1.1236628506588877,1.1166019502409525,1.1307534552158036,1.1124485387599337,1.105328733936175,1.11959885222823,1.2189547548701645,1.2115676025640223,1.2263718735555975
2021-03-24,1.137515032295025,1.1305173094811973,1.1445415722379564,1.1105165829770265,1.1034977594858582,1.117565105824338,1.219616286105037,1.212425769826838,1.2268351761383613
2021-03-25,1.1544901691266012,1.1475611319057792,1.161447042313736,1.1392994520367337,1.1322845860143749,1.146343231303904,1.1985773638231245,1.1916528197726428,1.205528681162618
2021-03-26,1.1541693569752152,1.147375713753971,1.1609897643207547,1.1450911238838946,1.138179028152696,1.1520311476399823,1.184715180171931,1.1780021502241618,1.191453665311713
2021-03-27,1.1346929092943623,1.1280878662453515,1.1413236841991254,1.1499289538150606,1.1431296011418142,1.156755214957603,1.168947115805862,1.1624301492103069,1.1754883945159316
2021-03-28,1.1126204165091633,1.1061893638176388,1.1190763465071514,1.141898772369205,1.1352504618742418,1.1485729884526865,1.0440035824446756,1.0379721366533912,1.0500583481142622
2021-03-29,1.1024353444237833,1.096120541413962,1.108774354245229,1.1228564573692452,1.1163806410651032,1.1293572683380813,1.053378344776358,1.0473459620765897,1.0594338462127815
2021-03-30,1.0841443979468905,1.077958116826028,1.0903543021686435,1.10880039180139,1.1024621336492983,1.1151628967389142,1.0694461508183024,1.0633915733438284,1.0755236665532886
2021-03-31,1.0746895411962816,1.0685912435921339,1.0808109961966599,1.0914734971283229,1.0852669410834992,1.0977036713928017,1.0637557955070904,1.0577648268500313,1.0697693426748556
2021-04-01,1.0523157988414804,1.0463333216800546,1.0583210361260147,1.082792985428396,1.0766780090306247,1.0889310713918754,1.0568109487078536,1.050884993040051,1.062759140315989
2021-04-02,1.000397739832721,0.9945990516808171,1.0062189225594294,1.0647361067714107,1.0587309671002874,1.0707639111304565,1.0029185668689877,0.9971842679275295,1.0086748071458735
2021-04-03,0.9585486313456331,0.9528659889025672,0.9642538221973285,1.0284510278977066,1.0225933255739215,1.0343310573391276,0.8842202130351952,0.8788339796338003,0.8896284091882051
2021-04-04,0.9684527526027579,0.9626991979724563,0.9742291857092567,0.9799066844224289,0.9742040371841499,0.985631542554069,0.9917181218605378,0.9859131033097385,0.9975458823023533
2021-04-05,0.944051199061616,0.9383384487403318,0.9497870892091818,0.9760518885135211,0.9703368609642665,0.9817893121350252,0.960427312687537,0.954693763959862,0.9661837713550051
2021-04-06,0.8792948857133692,0.8737379791703007,0.8848753034624259,0.9619413327766062,0.9562406148569276,0.9676646627125052,0.8233766736963177,0.818046559936523,0.8287298901389774
2021-04-07,0.9063459946536635,0.9006069099811598,0.9121094091024969,0.9074218506350692,0.9018528399696083,0.9130137402989329,0.916048875926572,0.9102853974047826,0.9218366309338292
2021-04-08,0.9720463276727743,0.9660198853024556,0.9780977817540609,0.896020957330598,0.8904136322227478,0.9016517743640444,0.9784985858215113,0.9724604683705738,0.9845616459363944
2021-04-09,1.0540265144188339,1.0477308321766463,1.0603473662676302,0.9575494081388886,0.9516635827607447,0.9634594519747828,1.0580039759246986,1.0517172998716924,1.064315654753
2021-04-10,1.1057337915622776,1.099341318634548,1.112150997318208,1.026002334496628,1.019873412789872,1.032155761634063,1.1824724158147184,1.1758877796162812,1.1890815876455272
2021-04-11,1.0871105506511856,1.0808718258494,1.0933732357491872,1.0698860513121808,1.0636569273578913,1.0761394477896267,1.0537877807565394,1.0477307865486707,1.0598680740039046
2021-04-12,1.1050462559725773,1.098836316230646,1.1112795482412594,1.0908640161369971,1.084642006855617,1.0971097749324088,1.0917148746986047,1.0856077053685325,1.0978449054295023
2021-04-13,1.2078364945783682,1.2014330083848976,1.2142626936349676,1.0978417711737314,1.0916816969395995,1.1040249750662925,1.2594044323542357,1.2529136377198908,1.265917605677079
2021-04-14,1.1835880263291616,1.177419579278449,1.1897779799935813,1.1740973931208285,1.167812205282763,1.1804050919428624,1.1829791797757911,1.1768978356416793,1.1890814371991916
2021-04-15,1.1204356788933283,1.1145832254198271,1.1263085833096071,1.197090183112104,1.1908875283278024,1.2033143379966011,1.1124717878027728,1.1067251129399263,1.1182383214104272
2021-04-16,1.08489481862671,1.0792232043490753,1.0905862687787926,1.1379351285435169,1.1320465423520283,1.1438440999252086,1.0819530619340374,1.076362500278046,1.0875629481860787
2021-04-17,1.061330148798167,1.0557741974641859,1.066905557945759,1.0949916737977838,1.0893195057370482,1.1006834980378164,1.0735263735751102,1.0680075036044647,1.0790642231845347
2021-04-18,1.0471816133428926,1.0416989836238357,1.0526834467085207,1.0807718748226303,1.0751992372568004,1.0863637341127528,1.0452854281153046,1.0398839557830062,1.0507055727332257
2021-04-19,1.0384890945914746,1.0330558190804167,1.0439413873789953,0.9635952189636008,0.9583816237556151,0.96882768794519,1.0292597482719823,1.0239256329478523,1.0346123568037313
2021-04-20,1.0384314393207075,1.033019861777796,1.0438618833382862,1.0521292726127034,1.0466468356823277,1.0576308212225543,1.0382336206381386,1.032889848381172,1.0435957922631123
2021-04-21,1.0356609775737928,1.0302792703199204,1.041061393329353,1.0669318061280508,1.0614339975875957,1.07244856629104,0.9817117659694047,0.9765365720696888,0.9869052117491147
2021-04-22,1.029970895989472,1.0246259403455478,1.0353344073491166,1.047962014064368,1.0425636743591107,1.0533789565662974,1.035139112487183,1.0298084682293103,1.0404881205884924
2021-04-23,1.0218714691011295,1.0165657309592624,1.0271956366178447,1.0473913653189435,1.042027641665499,1.0527734635923514,1.0169527871100352,1.0116866920902936,1.022237124774973
2021-04-24,1.0196893758696717,1.0144017841594832,1.0249953101944498,1.032712440776912,1.0274164224186544,1.038026627515934,0.9708279739009682,0.9656960403177246,0.9759780568874027
2021-04-25,1.0148411467100609,1.009577108049232,1.0201234518076279,1.0218661993240736,1.0166183844027636,1.0271320428355026,1.0809889419116276,1.0755488600327894,1.0864473367463363
2021-04-26,1.010683441126275,1.0054384289274754,1.0159466625872806,1.1007847488560527,1.0953497892252448,1.1062376571210069,1.0203078923440405,1.015074554534011,1.025559186717602
2021-04-27,0.9898559882299502,0.9846707307681727,0.9950594174657668,1.0042407596285314,0.9991157324233882,1.009383283042008,0.9738938917647904,0.968801878689909,0.9790037160403038
2021-04-28,0.9625507315991761,0.9574288319911366,0.967690865598034,0.983560961569483,0.9784956309861538,0.988643743031223,1.0100757152618494,1.0048666055114124,1.0153027962567955
2021-04-29,0.9445807195208404,0.9394783327493689,0.9497015472669649,0.9585369949002989,0.9535168224358158,0.9635747569977382,0.9567134262366407,0.951645790793539,0.9617990203663619
2021-04-30,0.9329643804598334,0.9278521012770354,0.9380954036696793,0.9487254556229193,0.9436985500132471,0.9537701812081243,0.9112654016818464,0.9062919439100122,0.9162570214871043
2021-05-01,0.9286976762304192,0.9235485267937915,0.9338659292286063,0.9320685294254398,0.9270472762874047,0.9371078813041268,0.9652591279360838,0.9600731807354931,0.9704637165991983
2021-05-02,0.931884279089842,0.9266755110753968,0.9371125293424728,0.9322343994438638,0.9271643867035081,0.9373228614836164,0.9272033927989294,0.9220928807594554,0.9323327526966726
2021-05-03,0.9258960072702132,0.9206567756274127,0.9311550781003365,0.929865314812907,0.9247537404289834,0.9349956907294695,0.9406253012076498,0.9354315234498349,0.9458382683536257
2021-05-04,0.9108292186034151,0.9055827251470664,0.916095936744187,0.9216428021206178,0.9165062822005723,0.9267984778888122,0.9426014923550678,0.9373591523600946,0.9478633417953791
2021-05-05,0.8995006418929098,0.8942256033448316,0.9047963847419259,0.908828412111628,0.9036749449051807,0.9140014349334838,0.9114041804067512,0.9062123238272052,0.916615829287808
2021-05-06,0.8895563843148709,0.8842402587575012,0.8948937746214161,0.909253477506573,0.9040363598918715,0.9144906283166491,0.8829059500220735,0.8777368467406798,0.8880953079146215
2021-05-07,0.8852225609260792,0.8798416157676308,0.8906254007222404,0.8844925196521991,0.8792851355794854,0.8897204230242544,0.9177792857524592,0.9124242686866889,0.9231552143388161
2021-05-08,0.8862133222784715,0.8807478535343785,0.8917013549886277,0.8847877463968773,0.8795003652233019,0.8900962763517632,0.8931407405765888,0.8877996107109576,0.8985032496116309
2021-05-09,0.900538909060198,0.8949479410294726,0.9061531142174954,0.8814233982459893,0.8760646428805767,0.8868039616542431,0.8419942982132911,0.8367393344082271,0.8472712178902935
2021-05-10,0.9074763192418057,0.9017933277717141,0.9131831363913204,0.8891961866630097,0.8837308890963864,0.8946839707801986,0.8946474763900114,0.8891145729581067,0.9002032862903312
2021-05-11,0.8882351879080681,0.882549433762447,0.8939453097881789,0.9019889641906838,0.896406144151381,0.9075949161343204,0.8798693470221626,0.8743038790931174,0.8854583833501065
2021-05-12,0.8714421423770449,0.8657314039453098,0.8771779394319335,0.8951597845420665,0.8895306389995634,0.9008126284585674,0.7554370893535122,0.7502058611328558,0.7606925796768733
2021-05-13,0.8260450869983343,0.8203917504880776,0.8317243355582973,0.8754962114737569,0.8698572656292536,0.8811594748840412,0.7635049128735474,0.7580700818202599,0.7689656580199452
2021-05-14,0.7835588930498041,0.7779249008429159,0.7892200219897297,0.8337426638919709,0.8281520105370851,0.8393584215785012,0.7655914306230761,0.759963574698644,0.7712470026664955
2021-05-15,0.7930488199688319,0.7872114234461944,0.7989150027243818,0.7914311374730937,0.7858636703783305,0.797024837908446,0.7479915574145843,0.7422553865320258,0.7537572053175366
2021-05-16,0.8261790448723247,0.8200524889516647,0.8323360391332812,0.7924917701589899,0.7867609451795404,0.7982503569776376,0.8855651421726981,0.8791147556784243,0.8920470043355794
2021-05-17,0.8368026803994137,0.8305001346675025,0.8431370318439594,0.8208395450353877,0.8148416096573222,0.826866841764829,0.8849735899894915,0.8784391590168328,0.8915403459464769
2021-05-18,0.813936749282118,0.8075975437612462,0.8203090412369956,0.8363537420865517,0.8301591979780443,0.8425790251030743,0.7479472840289451,0.7418763806816203,0.7540512169006055
2021-05-19,0.7837671620889859,0.777401356383813,0.7901676245505503,0.8220540247722448,0.8157894240181509,0.8283506151064712,0.8707046714954602,0.8639384791540012,0.8775060996009055
2021-05-20,0.8114511220886483,0.8047898349305623,0.8181490654548553,0.7921722410036611,0.7858864833273398,0.7984914265958002,0.8605449791653215,0.85369923519946,0.8674272226629735
2021-05-21,0.849470741396773,0.8424879441376584,0.8564920161923533,0.8002966920553523,0.7938081302541733,0.8068205160968265,0.8531897704738943,0.8462709429747073,0.8601462062888096
2021-05-22,0.8377111186763815,0.8306525580149623,0.8448095538008061,0.8309671138076231,0.8241824556070844,0.837788904387563,0.8698398354938839,0.8627276968093088,0.8769909544797491
2021-05-23,0.8344091991833774,0.8272284286804481,0.8416314051555757,0.8392530604531369,0.8322917199468312,0.8462531099066753,0.8596299068106764,0.8524476976291442,0.8668523451282671
2021-05-24,0.8121298127960107,0.8048993554735658,0.8194034421041735,0.8291115851770035,0.8220592964093016,0.8362040925762989,0.8396994609040503,0.8324800694919301,0.8469604705988547
2021-05-25,0.7018050833120167,0.6949246083795623,0.7087308249749834,0.8268820577946948,0.8196909382780577,0.8341151131362551,0.7898391909969538,0.7826952005808222,0.7970265205590092
2021-05-26,0.6829244535065897,0.675862204764945,0.6900357285350431,0.719561350544188,0.7127083654595827,0.7264581250082771,0.702105817292196,0.695184060653743,0.7090733675342633
2021-05-27,0.7136718403466878,0.7061273414178879,0.7212698875048994,0.6645135102837232,0.6576819903664525,0.6713921744565547,0.6883305659270625,0.6811937464555158,0.695517060176212
2021-05-28,0.7165510399687892,0.7087029161829471,0.7244568907301158,0.7015642612144983,0.694209443260388,0.7089708438554726,0.7096127606474619,0.7020477399017558,0.7172319325592651
2021-05-29,0.7192225653459667,0.7110762080294458,0.7274309048832128,0.723821911751143,0.7160466657276244,0.73165324051727,0.7223592005316983,0.7144306706283718,0.7303461735244605
2021-05-30,0.7614870689907836,0.7528046133412344,0.7702360287013025,0.7082880424293705,0.7003285246362556,0.7163076417745085,0.7354963078420876,0.7272122859607102,0.743843003658521
2021-05-31,0.824477469070567,0.8151770447287355,0.833848365437618,0.7440031496924505,0.7355434351516531,0.7525274821580025,0.7821044515594768,0.7732776077714477,0.7909982125513012
2021-06-01,0.8960803522348848,0.8861939125944203,0.9060400491241213,0.7893284221880913,0.7803341710551014,0.7983915220198915,0.8350021678720343,0.8256418134314754,0.8444330023984987
2021-06-02,0.8361227262265308,0.8264852543409313,0.8458348289187814,0.893392032572425,0.8835859576973362,0.9032703926618718,0.8833409672140543,0.873538487763639,0.8932165067118639
2021-06-03,0.7508287441025635,0.7415339572795981,0.7602008789656368,0.8628703312677436,0.8531395703515455,0.8726748040069968,0.8085294958719113,0.7990458276226068,0.818087908431545
2021-06-04,0.7102646297178407,0.7009273454272247,0.7196844715391066,0.7617406654416778,0.7524770304468624,0.7710800191516288,0.7485042458100499,0.7391758064974217,0.7579108406049843
2021-06-05,0.7217101446518849,0.7119211552478443,0.7315884586023069,0.7109311372949672,0.7017090606142778,0.7202336618557356,0.7262285287375779,0.7167306074362481,0.7358099910459732
2021-06-06,0.7589217905013663,0.7485073798376635,0.7694323572688464,0.7212546685415595,0.7115937836222902,0.7310026004188392,0.743564446601822,0.7335963109358363,0.7536224742585211
2021-06-07,0.777811652852607,0.7669474842144701,0.7887779377219596,0.7453435626716491,0.7351520532118455,0.7556288306275593,0.7661394706749797,0.7556797039947158,0.7766953145066257
2021-06-08,0.7566865052974466,0.7456847550171596,0.767795939611591,0.7720936066427272,0.7613830998397997,0.7829040900356308,0.7826071730653201,0.7717261514709336,0.7935899958804784
2021-06-09,0.731486235603115,0.7203449281823746,0.7427418341850703,0.7473092198175669,0.7364793830402101,0.7582447075120866,0.7484791560106397,0.737557712045243,0.7595078850810615
2021-06-10,0.7528213633560088,0.7411271449819764,0.7646379547696722,0.7312648670201877,0.7202174193921342,0.7424247128599507,0.7546672414093352,0.743355060677208,0.7660936081461371
2021-06-11,0.779053070813379,0.7667804705730469,0.7914559294600233,0.7489131635259787,0.7373459279387182,0.760600746600891,0.7653359515319963,0.7535845411286248,0.7772088995142719
2021-06-12,0.7687935068359223,0.7562754968083051,0.781448894440457,0.7784777089362116,0.7663074714076085,0.7907761253238228,0.7725866605501173,0.760433672156909,0.7848684477536322
2021-06-13,0.7789110720237227,0.7659557329365055,0.7920116782481089,0.7708858952625928,0.7584501985343916,0.7834567870468744,0.7655457573171137,0.7531090764096802,0.7781186083673025
2021-06-14,0.7759189813325621,0.7626347229949886,0.7893566163151062,0.7827712374970909,0.7698922205890002,0.7957930897070449,0.7788946861337963,0.7659839534370665,0.7919496848389712
2021-06-15,0.7061653160043433,0.6931462522892975,0.7193463892934776,0.79292173766373,0.7796128235030209,0.8063812630142606,0.7575159751778512,0.744434878280798,0.7707494215288673
2021-06-16,0.6667176216692847,0.6535870000737615,0.6800229406018228,0.7222072886272362,0.7091909023575289,0.7353819764157254,0.6884090328759392,0.6755649066505991,0.7014149355244937
2021-06-17,0.6479718973382634,0.6344417706951743,0.6616930332820735,0.6516719770960115,0.6388720991123981,0.6646416891085105,0.6201846733838515,0.6074960027589804,0.6330488104661303
2021-06-18,0.6463033808044525,0.6321505213226049,0.6606659211480085,0.6164513105253682,0.6034105761890277,0.6296785938710926,0.5916741418587728,0.5786328294876848,0.6049099495091782
2021-06-19,0.6589410782004222,0.6439829251518194,0.6741290856291283,0.6191464303369725,0.6053842591061175,0.6331156083315096,0.6195393954470829,0.6054384563336781,0.6338575988214769
2021-06-20,0.6956427637961505,0.6795978820942198,0.7119382205125845,0.6268597125381369,0.6123024296307734,0.6416459176065107,0.6400245736948165,0.6249675177183316,0.6553215519305382
2021-06-21,0.7138291330186574,0.6969645980871823,0.7309635481178113,0.6695307696224188,0.6537543374209022,0.685558995741045,0.6608759737698314,0.6448807396624402,0.6771335381112682
2021-06-22,0.6918257182883242,0.6746578160832821,0.7092824262186569,0.7051540040072128,0.688294463019554,0.7222866362301094,0.664829571763329,0.6481167800080719,0.6818272364805094
2021-06-23,0.6806363102462237,0.6629645412912369,0.6986193601489541,0.7053968138411625,0.6879470546283663,0.723139183895407,0.6842860696389272,0.6666332259629356,0.7022478362158122
2021-06-24,0.6927918381044561,0.674240871813562,0.7116799975044086,0.7166183333004266,0.6984139020793445,0.735136387710281,0.6829588948462119,0.6646453401763729,0.7016058070969123
2021-06-25,0.7091568440752414,0.6896636477729058,0.7290139409066828,0.7273676218790479,0.7083984060450913,0.7466724876885895,0.7115159277229728,0.6920999684335026,0.7312916635173876
2021-06-26,0.7247245859137837,0.7043154585726994,0.745524225172537,0.7040591980268953,0.684788196703922,0.723688397820221,0.6859052208072075,0.6661822430558129,0.7060136904364503
2021-06-27,0.7658035514868844,0.7441220586303774,0.7879021673319515,0.7110969800622748,0.6910234556268064,0.7315555365843364,0.7085954686692646,0.6877787592914375,0.729828035890252
2021-06-28,0.7941799312342989,0.7714934234140787,0.8173068872130942,0.7434630649824037,0.7221910893360651,0.7651487051962029,0.7345758835685535,0.7126138849812931,0.7569845457150772
2021-06-29,0.8043620571797055,0.7810033169348296,0.8281819729849489,0.7819019113521033,0.7594063552301702,0.8048373940527577,0.7605071806051626,0.7374534437303232,0.7840364457740401
2021-06-30,0.8326289629547159,0.8083332740142593,0.8574066743898354,0.784315056748373,0.7612214449541533,0.8078710837678433,0.7392365049962794,0.7158796529150676,0.76309595793823
2021-07-01,0.8442926951953569,0.8193648091743844,0.8697211235582111,0.8019992194373629,0.7780663870594058,0.8264178669969604,0.8447552248296945,0.8189914992852586,0.8710536850488081
2021-07-02,0.8577068864646874,0.8321445534154905,0.883787431585117,0.815090901071672,0.7904034045556688,0.8402871863048715,0.8569513955747455,0.8305561411757686,0.8839000477277784
2021-07-03,0.889955280676141,0.8634935713517186,0.9169521608649776,0.8670760460885356,0.8410607413414949,0.8936223643504674,0.8677926175858643,0.8408644736253433,0.8952896235013708
2021-07-04,0.9080658210531787,0.8810152669539922,0.9356644959952458,0.8970524510735094,0.8702043950858255,0.9244471336142686,0.9098220057990034,0.8818540404226493,0.9383751505041088
2021-07-05,0.9335211243030782,0.9058315384702602,0.961769324586136,0.9137447950181566,0.8863745783740389,0.9416727387775464,0.93813095616104,0.9094738125941783,0.9673838560710157
2021-07-06,0.9791208276347299,0.9505729356958206,1.0082346530814303,0.9372962256910203,0.909339021315352,0.9658206654306103,0.9816005434688294,0.9521316604770679,1.0116712965515804
2021-07-07,1.0020727864711456,0.9731736033244931,1.0315385106487915,0.9880304149812853,0.9591516718262371,1.0174830911595192,1.0249447672819443,0.994831114137381,1.055660074031866
2021-07-08,1.051589375229416,1.022052181506659,1.0816902442841958,1.0041187494825359,0.9750234844259676,1.0337871529995315,1.0477614037839658,1.0174849600187794,1.078632582839176
2021-07-09,1.0946745651791299,1.0647853660579578,1.1251179406613738,1.065061204683701,1.0351734822166279,1.0955187502861912,1.079156527849785,1.048680300310203,1.1102175723707526
2021-07-10,1.121876494300071,1.092037499156831,1.1522541541411508,1.1048591656392728,1.0747184368293186,1.1355582333984706,1.1385966876108655,1.1076503342694768,1.17011414671841
2021-07-11,NA,NA,NA,NA,NA,NA,NA,NA,NA
