date,RKI,ETH,Ilmenau,SDSC,globalrt,epiforecasts,rtlive,HZI
2020-03-02,NA,2.9735169863686624,3.08617433654706,2.48659832103833,2.995186867218355,NA,1.967,6.221998704285714
2020-03-03,NA,2.9309783250523345,4.65584584671469,2.57806884932901,3.0179856282495066,NA,1.897,6.906302431428571
2020-03-04,NA,2.827741046174483,5.05354752342704,2.68368850580577,3.0688220489301976,NA,1.822,7.361176387142857
2020-03-05,NA,2.6760069860062483,5.20522388059702,2.76824616403273,3.1229707946945844,NA,1.759,7.432050531428572
2020-03-06,2.34,2.487258760326319,5.54752851711027,2.80154360237385,3.0458983710756256,NA,1.687,7.170443327142857
2020-03-07,2.56,2.287902195721688,3.54347826086957,2.76951283495622,3.0062840009798046,NA,1.619,6.845992995714286
2020-03-08,2.93,2.0965165902743745,1.88336785462621,2.67756010352345,2.9801123886242,NA,1.55,6.48393215
2020-03-09,3.13,1.9171215511617945,2.92141638633356,2.54396921286853,2.9526118923033966,NA,1.482,6.154904884285714
2020-03-10,3.22,1.7499716696758345,3.52318137730359,2.39064088799569,2.956864611339299,NA,1.421,5.86362527
2020-03-11,3.12,1.5966008232715296,3.4818753020783,2.23606278274946,2.9632473217789705,NA,1.357,5.5694615885714285
2020-03-12,2.84,1.4626480305681688,3.17799043062201,2.09235417479539,2.964134091352918,NA,1.299,5.2912491585714285
2020-03-13,2.5,1.3486018270766382,2.49818286544976,1.96577992804096,3.044912924465326,NA,1.24,5.074132914285714
2020-03-14,2.18,1.2520615028714397,1.64191437082781,1.85832056760135,2.975957819053405,NA,1.191,4.923304262857143
2020-03-15,1.99,1.1682600185044,0.901469267489858,1.76875338968672,2.8945918669559867,NA,1.143,4.8243499128571425
2020-03-16,1.74,1.0959286095291965,1.27626571570868,1.69343051853389,2.813684223216579,NA,1.097,4.744095191428571
2020-03-17,1.56,1.0362257149204592,1.54224351213349,1.6274206088583,2.7184211483718266,NA,1.054,4.655143272857143
2020-03-18,1.39,0.9896597584339076,1.70930676107048,1.56571292403594,2.605811674140713,NA,1.01,4.551186554285715
2020-03-19,1.24,0.9551699762816532,1.70265048969824,1.50477425012209,2.4705065515411766,NA,0.976,4.427577038571429
2020-03-20,1.13,0.9307257482479868,1.61387505251155,1.44306420519226,2.3439445232426417,NA,0.942,4.265036931428572
2020-03-21,1.04,0.9147325464706666,1.17648849722118,1.38045717263824,2.2373590444629627,NA,0.909,4.079821045714286
2020-03-22,0.98,0.904362578967374,0.697377499987409,1.31756949174055,2.1440016310628263,NA,0.884,3.8903793728571423
2020-03-23,0.92,0.8971313225665842,0.866017846831451,1.25530619444124,2.065411536032237,NA,0.858,3.683464848571429
2020-03-24,0.9,0.891795738461181,1.23412134326872,1.19489281302319,1.9706363372297744,NA,0.837,3.4496193714285712
2020-03-25,0.9,0.888107746436247,1.27467784920331,1.1378565718905,1.8767036081622464,NA,0.817,3.196809877142857
2020-03-26,0.88,0.8849921390589172,1.33859375922201,1.08562560585041,1.7966403408798737,NA,0.801,2.9370678242857142
2020-03-27,0.9,0.8811271514122351,1.25246253014137,1.03888695603247,1.7122357405212352,NA,0.782,2.6858087257142857
2020-03-28,0.9,0.8751456010946961,0.854914626701065,0.997344320125593,1.6473839871830702,NA,0.767,2.4546892700000003
2020-03-29,0.9,0.866173724111073,0.4820935481295,0.960047274185404,1.564365692806259,NA,0.756,2.2505514
2020-03-30,0.92,0.8540782735842914,0.67264683846391,0.925993219783927,1.4873699337709672,NA,0.745,2.06631383
2020-03-31,0.93,0.8393479390497318,0.966947073111187,0.894528252962108,1.4096479342182917,NA,0.734,1.8993931357142857
2020-04-01,0.93,0.8237252546731505,1.02485034979522,0.865323886485797,1.331894128691213,NA,0.724,1.7462227085714286
2020-04-02,0.95,0.8090582165807666,0.998179783156776,0.838263804896158,1.2615172171464666,NA,0.719,1.6072798114285711
2020-04-03,0.93,0.7968576532867809,0.709974049418933,0.813452530855608,1.1961852263027948,NA,0.712,1.482433197142857
2020-04-04,0.92,0.78737718515292,0.62718224359996,0.79136218999405,1.1524503882103738,NA,0.71,1.371322087142857
2020-04-05,0.89,0.7809892149418373,0.414825554065622,0.772882810847467,1.10649806820121,NA,0.704,1.2738497928571428
2020-04-06,0.89,0.7776073216386141,0.368927160534971,0.759014031270227,1.0589706088932926,NA,0.702,1.1883771942857142
2020-04-07,0.87,0.7763617504897615,0.608096440230575,0.750406164274503,1.0139131363021947,NA,0.699,1.1115292714285714
2020-04-08,0.85,0.7762720425880721,0.897020725388601,0.747065157143649,0.9639323899299472,NA,0.695,1.0419604914285714
2020-04-09,0.83,0.7776885206169988,1.0309534023272,0.748347341490959,0.913397534327638,NA,0.695,0.9771039485714286
2020-04-10,0.81,0.7817111163808768,1.02234586869937,0.753167147454562,0.872947129951327,NA,0.699,0.9113694128571428
2020-04-11,0.81,0.7871602284326038,0.76019123096915,0.760164657168317,0.8517850495963081,NA,0.7,0.8478179228571429
2020-04-12,0.79,0.7910285203512006,0.508399373898468,0.767775934895799,0.8321377856795017,NA,0.702,0.7905657871428571
2020-04-13,0.79,0.7906405722379278,0.633698243645693,0.77441315291059,0.8082298092607453,NA,0.706,0.7356154785714286
2020-04-14,0.78,0.7854205821492495,0.82318223354935,0.77883545964563194,0.7823107351474861,NA,0.71,0.6788997342857143
2020-04-15,0.76,0.776810747418615,0.98250259764743,0.780469026665336,0.7644416417620311,NA,0.712,0.6236621542857143
2020-04-16,0.78,0.7671010160330544,0.868791704404724,0.779409115744,0.7484815511053882,NA,0.716,0.5755697371428571
2020-04-17,0.8,0.7588115696608517,0.827984502498271,0.776178720496869,0.7409115213397067,NA,0.72,0.5430073342857142
2020-04-18,0.81,0.7529015876175478,0.579730694633642,0.77132625328767,0.7368991974735606,NA,0.729,0.5255914028571429
2020-04-19,0.84,0.7499155065662211,0.332405600071553,0.765295303244079,0.7327385995939509,NA,0.733,0.52091557285714285
2020-04-20,0.84,0.7497285363929863,0.553608042859978,0.758554523086776,0.7236521882063411,NA,0.738,0.5300772885714286
2020-04-21,0.82,0.7526044812397384,0.778662420382165,0.75160207331767,0.7085108497545813,NA,0.745,0.55196865
2020-04-22,0.83,0.7591799787777344,0.828604516502606,0.745074670172831,0.6964935042259061,NA,0.752,0.5821827014285714
2020-04-23,0.81,0.7705653575165274,0.922600227646389,0.739894351275084,0.6865005312159188,NA,0.758,0.6119715385714286
2020-04-24,0.81,0.7874886160445259,0.629313102691833,0.737209605088188,0.6777737430303835,NA,0.766,0.6357139885714286
2020-04-25,0.83,0.8072750532985719,0.452679571009037,0.738292792315738,0.6791706734538427,NA,0.776,0.6505805071428571
2020-04-26,0.82,0.8256028488065167,0.327088018744495,0.74421670059067,0.6789920072819311,NA,0.783,0.6553325185714286
2020-04-27,0.82,0.8386820807372677,0.592773958060407,0.755328640895506,0.6740087785718917,NA,0.79,0.6522441571428571
2020-04-28,0.81,0.8462425228894788,0.97101492271635,0.770929212419691,0.6661547564083377,NA,0.8,0.6438123542857143
2020-04-29,0.81,0.8501762312969929,1.19410607756419,0.789071813773333,0.6576309671945793,NA,0.809,0.6292836014285714
2020-04-30,0.81,0.8526828978775897,1.27255774428458,0.806839065533801,0.6496748916706208,NA,0.818,0.6131151557142858
2020-05-01,0.82,0.8546268215101794,1.09102391064773,0.821101273044968,0.6455032118457433,NA,0.825,0.5928261585714286
2020-05-02,0.85,0.8553081734434368,0.756846596546934,0.829463309942872,0.653738743857057,NA,0.834,0.5690939614285715
2020-05-03,0.86,0.8532289150527167,0.372765035217627,0.831128654534824,0.6635943336005927,NA,0.84,0.5453119285714286
2020-05-04,0.89,0.847902416544326,0.727405539781095,0.827366935944133,0.6712591144960329,NA,0.849,0.5241804871428571
2020-05-05,0.9,0.841261141154098,0.92011540349323,0.821146475165163,0.6805651544802322,NA,0.857,0.51016644
2020-05-06,0.89,0.8362301686019413,1.0283781244127,0.816082771253344,0.6898197236899626,NA,0.868,0.5091054928571429
2020-05-07,0.9,0.835357121373149,0.967664766157649,0.815312920561011,0.6966181225203225,NA,0.876,0.5226390714285715
2020-05-08,0.89,0.8408507736667623,0.910659856087072,0.820538286681646,0.6994123121850337,NA,0.886,0.5522480657142858
2020-05-09,0.87,0.8524201528742308,0.59676697051558,0.831566243290222,0.7043527839330114,NA,0.892,0.5940996814285714
2020-05-10,0.87,0.8673980717745919,0.416990454965324,0.846536923735114,0.7089435220639195,NA,0.9,0.6398362857142857
2020-05-11,0.85,0.8794820861135235,0.734633134404642,0.862402893000441,0.7135408504981479,NA,0.909,0.6871164042857143
2020-05-12,0.85,0.8854800172120052,1.03469484308469,0.87553469017724,0.7076412823696494,NA,0.917,0.7312163257142857
2020-05-13,0.85,0.8852616202898622,1.2507972741616,0.882817226411702,0.7085198575694409,NA,0.93,0.76714103
2020-05-14,0.89,0.881944019445891,0.663456959949209,0.882655943086276,0.7045070262208456,NA,0.936,0.7894473814285714
2020-05-15,0.92,0.8767046262171837,0.855373920599576,0.875625188050484,0.7184908952901579,NA,0.947,0.7987773142857143
2020-05-16,0.93,0.8695529428550384,0.563429993869703,0.864396947344223,0.7388421527981659,NA,0.956,0.7966911671428571
2020-05-17,0.96,0.8600252451850117,0.370069977554369,0.852484537291618,0.7573858787597065,NA,0.966,0.7892192028571429
2020-05-18,0.92,0.8481041954301379,0.729131845442926,0.84259524634248,0.7682624730540338,NA,0.975,0.7790863785714286
2020-05-19,0.92,0.8348836992552751,1.15849206183631,0.835793547153705,0.7853219209590598,NA,0.983,0.7698734657142857
2020-05-20,0.91,0.8230204574626004,1.32116077294248,0.831294420591546,0.7753183540363942,NA,0.988,0.7654748585714286
2020-05-21,0.85,0.8176074712829777,1.13692807335944,0.827406984487184,0.7597560126315115,NA,0.997,0.7569568257142857
2020-05-22,0.83,0.8224431600236497,0.973694447145775,0.823012609511796,0.7537536984936737,NA,1.005,0.74519413
2020-05-23,0.82,0.8366712377157668,0.809309706426871,0.818256855494322,0.7525950106458565,NA,1.011,0.7319494728571428
2020-05-24,0.81,0.8547755565786007,0.377080261217611,0.814716426840047,0.7576588419618326,NA,1.017,0.7181194685714286
2020-05-25,0.87,0.8729531604054362,0.281938124528388,0.814910816341204,0.7633079553153692,NA,1.019,0.7050459057142857
2020-05-26,0.89,0.8902377957601147,0.645343900367959,0.820971175389712,0.7693852516428888,NA,1.024,0.6963966057142857
2020-05-27,0.91,0.907410368151373,1.14022988505747,0.833484338077242,0.7739517991719601,NA,1.025,0.6925134671428571
2020-05-28,0.94,0.9242268401484268,1.35856824289553,0.850963350820058,0.7806949275277864,NA,1.026,0.7013272328571428
2020-05-29,0.92,0.9406354579690166,1.240302743614,0.870027732315505,0.7802836121153416,NA,1.026,0.7184796814285714
2020-05-30,0.92,0.9580698876537876,0.84068041034381,0.886503443662182,0.7730793718797179,NA,1.026,0.7434184242857143
2020-05-31,0.87,0.9772720018156,0.471701128119907,0.896986422679007,0.7692190821032769,NA,1.023,0.7703530328571428
2020-06-01,0.89,0.9988079254876276,0.815693262465821,0.899985759152894,0.7702776971794413,NA,1.017,0.78619117
2020-06-02,0.89,1.0243382912435273,1.17384116098218,0.896910110321622,0.7760497313957646,NA,1.011,0.7832998271428572
2020-06-03,0.91,1.05666259395687,1.458072198546,0.893207251336909,0.7951343502499503,NA,1.005,0.7674389957142858
2020-06-04,0.95,1.100585716366984,0.802419996815794,0.89788190300647,0.8162613009111259,NA,0.999,0.7514957314285714
2020-06-05,0.96,1.15956968151396,0.993446015867541,0.92103987923468,0.8465148188517135,NA,0.99,0.7426017285714286
2020-06-06,0.96,1.2298170614836967,0.844791862874364,0.970112130513838,0.8774793337754683,NA,0.981,0.7387220985714286
2020-06-07,1.01,1.293969565100252,0.485738491951426,1.04568620940616,0.8845688216116869,NA,0.968,0.7398389085714285
2020-06-08,1.03,1.3246434656278805,0.745294136382457,1.13952687987651,0.8876871403174662,NA,0.962,0.7551912814285714
2020-06-09,1.04,1.3094604883650929,1.51607963246554,1.23613532162286,0.8814845664845468,NA,0.955,0.7887174842857143
2020-06-10,1.06,1.2593547744239948,2.64606453815947,1.31651201533428,0.8808469333209156,NA,0.946,0.8356038314285714
2020-06-11,1.05,1.1945521354601956,2.35992271598123,1.3650568246717,0.902498674794056,NA,0.935,0.8729180228571428
2020-06-12,1.07,1.125949353677264,2.81998479280193,1.37473315910775,0.9530675854494776,NA,0.933,0.8970664514285714
2020-06-13,1.11,1.0637368973679937,1.37830312295261,1.34782984226115,0.9882527186557168,NA,0.932,0.9127867985714284
2020-06-14,1.19,1.013825122591498,0.461826781491232,1.29394221029879,1.0438428295549786,NA,0.931,0.9229854057142856
2020-06-15,1.43,0.9777975926077604,0.774630376986784,1.22529515694725,1.099372243566302,NA,0.93,0.92796231
2020-06-16,1.48,0.9468605411178312,0.865154390507777,1.15266883171186,1.166003014910486,NA,0.933,0.9372643142857144
2020-06-17,1.47,0.9173408786025544,0.807842022004586,1.08364769953263,1.2105380366943423,NA,0.932,0.9715905257142856
2020-06-18,1.42,0.8918842282268354,0.928632846087704,1.02272065534197,1.2498878689785282,NA,0.938,1.0433929714285717
2020-06-19,1.19,0.8754063264807873,0.995479465230355,0.971977745316783,1.218914447513292,NA,0.944,1.15728814
2020-06-20,1.13,0.8680404191173485,0.597231296961777,0.932303381182994,1.200134765983142,NA,0.948,1.2860796157142858
2020-06-21,1.04,0.8686187959562458,0.383035771285085,0.90408244986633,1.1843568351620035,NA,0.955,1.40664748
2020-06-22,0.83,0.8715445902255428,0.823721412345897,0.887148563084236,1.155369606028275,NA,0.965,1.5130050685714287
2020-06-23,0.76,0.8741301172430197,0.971382886166436,0.880718629397716,1.122840519728974,NA,0.972,1.5894025685714286
2020-06-24,0.73,0.8746078684174056,1.07920620370141,0.883070090111973,1.0824454255001112,NA,0.985,1.60583067
2020-06-25,0.73,0.8763379142979805,1.09547092125579,0.891193743992457,1.0487046500858042,NA,0.997,1.5649330428571429
2020-06-26,0.83,0.8821931346775095,1.01584441735997,0.901221738037104,1.0319932115944863,NA,1.009,1.4684241471428572
2020-06-27,0.87,0.8922168938214333,0.70476548043659,0.909318366827494,1.0103330370242558,NA,1.018,1.3419829342857144
2020-06-28,0.89,0.9053333767213152,0.339019020081174,0.912736508426347,0.9875388970674532,NA,1.029,1.212459472857143
2020-06-29,0.93,0.9199963894977876,0.786582921288253,0.91067611246383,0.9721180325356096,NA,1.043,1.0920240414285716
2020-06-30,0.95,0.9362088996441564,0.980638672366105,0.904247564688664,0.9614706336624286,NA,1.051,0.9857142857142858
2020-07-01,0.94,0.9560510763781856,1.19561695484403,0.896190184660066,0.9565579256491752,NA,1.061,0.8992511328571429
2020-07-02,0.93,0.9820419495280562,1.19249790053187,0.89024303357275,0.9482080695329288,NA,1.072,0.83234608
2020-07-03,0.9,1.0155205460988057,1.22805893657912,0.89055338489539,0.9476623075479358,NA,1.083,0.7811309285714286
2020-07-04,0.92,1.0524348679166742,0.794466022533945,0.900903448453381,0.9549758942773352,NA,1.091,0.7455892457142858
2020-07-05,0.92,1.0869410867120488,0.368749418009126,0.923548692589965,0.9554292983324274,NA,1.101,0.7216358871428571
2020-07-06,0.93,1.1148842587850056,0.889815040155756,0.958470153627714,0.9505250026948242,NA,1.11,0.7065857842857143
2020-07-07,0.93,1.1373442432265222,1.2954249984523,1.00303843953485,0.9322040663515624,NA,1.116,0.6999983914285715
2020-07-08,0.95,1.1585134265740016,1.551026957638,1.05239379770779,0.9245176177959962,NA,1.119,0.7035165342857143
2020-07-09,1.01,1.181420440091638,1.63143773313265,1.10051202581427,0.9230096727756856,NA,1.119,0.7161133571428572
2020-07-10,1.07,1.2056214308204378,1.50592542634165,1.14194316501574,0.9383672897103108,NA,1.124,0.7379413328571428
2020-07-11,1.12,1.2271525313564426,1.19952745887984,1.17344577752859,0.9634632201049752,NA,1.124,0.7648957914285714
2020-07-12,1.17,1.2403813254421463,0.448209665303397,1.19432579162693,0.9820264609971304,NA,1.127,0.7927000885714286
2020-07-13,1.19,1.2416634461495537,1.05633802816901,1.20575826030385,1.0011966568899646,NA,1.124,0.8213141928571428
2020-07-14,1.23,1.2317855949513743,1.186453519206,1.20970473499707,1.0304788039101425,NA,1.117,0.8555526885714285
2020-07-15,1.23,1.2148795142996662,1.57751791776688,1.20822519393003,1.06559746121736,NA,1.114,0.8976147971428572
2020-07-16,1.19,1.1960730883678534,1.58330380195413,1.20352182261178,1.0992793399264067,NA,1.115,0.9484516342857144
2020-07-17,1.17,1.1784376023074716,1.78141135972461,1.19775729195197,1.1231191864726844,NA,1.108,1.0035109328571428
2020-07-18,1.14,1.1630195561018069,1.14479139825248,1.19243918791772,1.1400951027530202,NA,1.104,1.0625729271428572
2020-07-19,1.16,1.1487948869874218,0.404205955599072,1.18797793210135,1.157397743057624,NA,1.102,1.118764987142857
2020-07-20,1.17,1.1349576953680427,0.936373130505034,1.18385209746993,1.1706017764520067,NA,1.091,1.1722643671428572
2020-07-21,1.19,1.1231283245708124,1.30189872205085,1.17951795265156,1.1760118458351871,NA,1.082,1.2170804285714285
2020-07-22,1.2,1.1170849305224344,1.57818420849122,1.17513557800028,1.185561800322554,NA,1.077,1.2540932285714286
2020-07-23,1.19,1.11922178098755,1.49970902036857,1.17141553085918,1.1977310278463282,NA,1.071,1.2823885228571428
2020-07-24,1.17,1.1278795638133543,1.55271999697988,1.16896645457196,1.2132934640870074,NA,1.065,1.30910348
2020-07-25,1.14,1.1389020822535636,0.904887359535459,1.16780720508726,1.2217506604037012,NA,1.06,1.3304173014285714
2020-07-26,1.12,1.150264943800236,0.454891952803924,1.16754154532487,1.2190796015251444,NA,1.051,1.3455333142857142
2020-07-27,1.09,1.1616603998572324,1.12803920336747,1.16788135556244,1.2143862589884968,NA,1.046,1.3529079414285714
2020-07-28,1.06,1.174070900787398,1.33084538271759,1.16884423241427,1.2261180074477287,NA,1.041,1.3580350028571428
2020-07-29,1.06,1.1884608283749978,1.57248543994963,1.17059210427124,1.2353086692502029,NA,1.038,1.360753807142857
2020-07-30,1.05,1.2041753758359923,1.64109375,1.17309327180585,1.2400702315025245,NA,1.034,1.3595727942857143
2020-07-31,1.08,1.2178391730854523,1.36113035881059,1.17594282048164,1.2349061871256846,NA,1.027,1.35134357
2020-08-01,1.13,1.2250283582300898,0.906151620862758,1.17858239209292,1.2314199669056638,NA,1.024,1.335707612857143
2020-08-02,1.17,1.2233444073002586,0.376351838500361,1.18059530321894,1.2313965021444004,NA,1.017,1.3191936142857144
2020-08-03,1.19,1.2132922776164106,1.23502407345202,1.18178176433911,1.2410461512818567,NA,1.015,1.3079680628571428
2020-08-04,1.19,1.198366392983107,1.34377071115057,1.18215688467484,1.247188723173264,NA,1.015,1.30044369
2020-08-05,1.17,1.1830970366267777,1.74753982835426,1.18183009668844,1.2549758583906974,NA,1.01,1.2946141242857143
2020-08-06,1.17,1.1715451028415635,1.68315213975994,1.18075744704735,1.2463660847061475,NA,1.009,1.2927962128571429
2020-08-07,1.16,1.1633420018675855,1.47979972994611,1.17868061267085,1.2442876836726788,NA,1.009,1.289022428571429
2020-08-08,1.13,1.154235549875176,0.755016778150626,1.17514289262476,1.242025643019946,NA,1.009,1.2847717871428572
2020-08-09,1.14,1.1390990536791237,0.446807866563071,1.16957813903643,1.24105682353949,NA,1.002,1.2790212314285714
2020-08-10,1.14,1.1153268753465635,1.3359031153813,1.16148428445119,1.2458239666180515,NA,1.004,1.2757691071428572
2020-08-11,1.16,1.0858089713928218,1.32309843507576,1.15051131229496,1.2458628422455682,NA,1.005,1.2745432285714289
2020-08-12,1.18,1.0560051413320384,1.52194022084755,1.13647348254455,1.2431447169390073,NA,1.009,1.2784050628571428
2020-08-13,1.17,1.030270406010721,1.39491577218381,1.11950523159924,1.2384861358443853,NA,1.01,1.2849203414285717
2020-08-14,1.15,1.0093009993426083,1.3715829917091,1.10010414061624,1.229326398066564,NA,1.01,1.2942345328571427
2020-08-15,1.12,0.9904339955038198,0.719741711945822,1.07908078545194,1.2191767513576617,NA,1.015,1.300635467142857
2020-08-16,1.07,0.9713941686253096,0.415071545763985,1.05745760310072,1.216216314240725,NA,1.02,1.3064993557142857
2020-08-17,1.06,0.9524577406056424,1.01733500912993,1.03622247327323,1.21468757231513,NA,1.023,1.3141320171428572
2020-08-18,1.03,0.9359485103356968,1.06640868605785,1.01620552891437,1.2040315870184188,NA,1.024,1.321724451428571
2020-08-19,0.99,0.926431342323987,1.19763686101315,0.998042194488177,1.186029243418396,NA,1.028,1.32375065
2020-08-20,0.97,0.9269593469525385,1.17490881330053,0.982231370391825,1.1669981996088703,NA,1.034,1.3172593885714283
2020-08-21,0.95,0.937515837489949,1.07533916396942,0.969208546520414,1.1498580461639252,NA,1.038,1.30558406
2020-08-22,0.95,0.9545593108376796,0.640585834908848,0.959451506671214,1.1324375291555913,NA,1.044,1.2920899371428571
2020-08-23,0.97,0.9732154753587342,0.402555431541422,0.953654484512473,1.1186722428688065,NA,1.053,1.2783192514285715
2020-08-24,0.98,0.9911655728604029,0.889651904259122,0.952649066085913,1.1050241727581338,NA,1.058,1.2578920242857143
2020-08-25,0.98,1.007973914239128,1.02250670715401,0.957093884011343,1.0896877102637503,NA,1.064,1.2299343585714286
2020-08-26,0.98,1.0249096479395652,1.15047925343066,0.96704197185522,1.0709772926348131,NA,1.07,1.1938170514285715
2020-08-27,0.98,1.0440363337344922,1.28783662689242,0.981588663184269,1.0565785027407877,NA,1.075,1.152769948571429
2020-08-28,0.98,1.0655464893378424,1.3030467372988,0.999019303511493,1.0457873068004822,NA,1.081,1.10726496
2020-08-29,0.97,1.0865772910290492,0.956848030018762,1.01732717546487,1.0383168053343872,NA,1.088,1.062641207142857
2020-08-30,0.96,1.1037190222940692,0.483491327985822,1.03468331436998,1.035164511385054,NA,1.092,1.0225833371428572
2020-08-31,0.98,1.1159045793746636,1.124329803409,1.04983625302035,1.035022279693163,NA,1.102,0.98507406
2020-09-01,1.01,1.1242432444769408,1.10473585106761,1.06228522909267,1.034823235902382,NA,1.107,0.9508227828571428
2020-09-02,1.03,1.130490966483364,1.40241402057444,1.07229284760976,1.0354410174428623,NA,1.114,0.9202551
2020-09-03,1.06,1.1350808553306064,1.29048227690868,1.08076232553126,1.0368797290839231,NA,1.119,0.8970025485714286
2020-09-04,1.06,1.1372576158235228,1.31525837803388,1.08902378516659,1.0451544001186128,NA,1.125,0.8846872485714286
2020-09-05,1.08,1.1358190510497388,0.951638199962083,1.09819139944242,1.057208616951606,NA,1.134,0.8860075742857143
2020-09-06,1.1,1.1285506652069457,0.55763900211968,1.10845110653755,1.0722746018297815,NA,1.143,0.8964113471428572
2020-09-07,1.09,1.1153480758287997,1.05340836444283,1.11887071895422,1.0851686713603876,NA,1.152,0.9163028542857145
2020-09-08,1.1,1.099279147006747,1.42031405036776,1.12748848281594,1.0864648075811565,NA,1.157,0.9418583342857144
2020-09-09,1.11,1.084828379988411,1.57269037956553,1.13204738613339,1.0876804008155507,NA,1.165,0.9742895028571428
2020-09-10,1.12,1.076307489841245,1.67114967462039,1.13102330935695,1.0929920772499164,NA,1.174,1.0078099585714286
2020-09-11,1.15,1.0738642388497674,1.48051238879661,1.12412783104234,1.0998348327839185,NA,1.185,1.0395549214285715
2020-09-12,1.14,1.0753948727435811,0.88400789733465,1.11249092586888,1.1107121801550366,NA,1.197,1.0673655842857144
2020-09-13,1.15,1.0772046248698768,0.401998990147464,1.09836591287988,1.1199577296406789,NA,1.206,1.09200052
2020-09-14,1.15,1.0764090784279674,0.909795260987335,1.08440984708196,1.1264939415200963,NA,1.215,1.1115163342857144
2020-09-15,1.14,1.073692261311498,0.995598317470589,1.07308431941002,1.1386545484158423,NA,1.225,1.1337157628571428
2020-09-16,1.12,1.0721823024034474,1.2459637220909,1.06609032525283,1.1435258599711686,NA,1.234,1.1582757028571429
2020-09-17,1.07,1.075299391134078,1.40121511420124,1.06401114586382,1.1487505585189548,NA,1.249,1.1886845557142858
2020-09-18,1.03,1.0849914094790367,1.38149305692922,1.06646684772253,1.15114314446128,NA,1.257,1.22112667
2020-09-19,1.01,1.1006247417854045,1.04788974796928,1.07260156593636,1.1502889432441687,NA,1.269,1.24913854
2020-09-20,1.01,1.1207789225283529,0.486056121943977,1.08154161317466,1.141230530065755,NA,1.28,1.2682799557142856
2020-09-21,1.02,1.143880162157304,0.968484555129893,1.09272241343992,1.1321631869580306,NA,1.29,1.2780548657142856
2020-09-22,1.04,1.1696425339108232,1.14037188706691,1.10598760800102,1.1332546680332751,NA,1.298,1.2727476042857142
2020-09-23,1.06,1.2006128714683193,1.44265490778634,1.12174550688523,1.133152580303899,NA,1.31,1.2535862785714285
2020-09-24,1.09,1.2384821056390365,1.56426903954332,1.14071905855026,1.1450248683980635,NA,1.314,1.2241286857142857
2020-09-25,1.11,1.2815336383429117,1.53958326012861,1.16369417249893,1.1571455995533186,NA,1.319,1.1907605685714286
2020-09-26,1.12,1.3230910719191245,1.10954685931269,1.1912480163197,1.1679650675111362,NA,1.319,1.1620872085714289
2020-09-27,1.12,1.3557936093535814,0.539342311110649,1.22328210386643,1.1796945880906144,NA,1.325,1.1404815142857143
2020-09-28,1.13,1.3761199901127148,1.05800749239054,1.25875493991941,1.1896139404148969,NA,1.33,1.1248269014285714
2020-09-29,1.15,1.3862383861136998,1.54060287159017,1.29578494830186,1.199879668740151,NA,1.333,1.11611451
2020-09-30,1.19,1.3918571610389314,1.92214876269081,1.33218288790952,1.2141232264991355,NA,1.326,1.1155943857142858
2020-10-01,1.23,1.397532660838341,1.96070378494423,1.36555581431025,1.2326128277227235,NA,1.327,1.1225452157142857
2020-10-02,1.28,1.4020642679190576,1.98770160673966,1.39335587181424,1.2544563754245457,NA,1.329,1.1358663657142858
2020-10-03,1.31,1.4019221363215073,1.28773523583661,1.41312692850244,1.2779705904511969,NA,1.324,1.1524991457142857
2020-10-04,1.36,1.3969282488140282,0.707879508987711,1.42310424159874,1.3041517674911456,NA,1.322,1.17035537
2020-10-05,1.38,1.3911177207904877,1.17476127296171,1.4232817117021,1.330617372651957,NA,1.317,1.1897925614285714
2020-10-06,1.39,1.3893877492577744,1.42448067191205,1.41569273295263,1.3566695298988949,NA,1.308,1.2178697057142858
2020-10-07,1.38,1.395888738805998,1.87406271008222,1.40323721781187,1.386890610807825,NA,1.301,1.2580390371428571
2020-10-08,1.35,1.4110231521914944,1.98697286571838,1.38858979584023,1.4135902638314384,NA,1.291,1.3075490971428572
2020-10-09,1.32,1.4319041073322905,1.87785863602785,1.37375950170014,1.427968693490281,NA,1.281,1.364479437142857
2020-10-10,1.29,1.4526529086247504,1.21969334485492,1.36029509465237,1.4433046367191422,NA,1.267,1.4217235771428571
2020-10-11,1.3,1.4674591817123015,0.69656482527501,1.34993335445796,1.4610621291877646,NA,1.259,1.4764290442857142
2020-10-12,1.31,1.4735609784926702,1.11218461561962,1.34445669700884,1.4759909374265707,NA,1.245,1.5277394628571428
2020-10-13,1.34,1.470745350870806,1.54862548465149,1.34455596993096,1.474988039450627,NA,1.237,1.5704396342857143
2020-10-14,1.37,1.4600536586980868,1.99261696063093,1.34945647928537,1.478697733871493,NA,1.223,1.6044019785714283
2020-10-15,1.38,1.4431485681061798,2.17381884236325,1.35714427617217,1.4786489972593269,NA,1.214,1.6317072542857145
2020-10-16,1.37,1.421002709351405,2.03643144605635,1.36511858013527,1.4724979241630594,NA,1.2,1.6507984285714286
2020-10-17,1.38,1.392918116346745,1.43309016749883,1.37159110730804,1.4686479963996708,NA,1.185,1.6624035257142855
2020-10-18,1.4,1.3568523238536168,0.839058451122639,1.3757209076081,1.4694014211667263,NA,1.17,1.66886657
2020-10-19,1.42,1.3129220332842548,1.20022233736033,1.37659217771461,1.4732492324296942,NA,1.163,1.6704292685714286
2020-10-20,1.44,1.265169060400566,1.48931824849755,1.37321767725064,1.4755440506774742,NA,1.148,1.6717580614285714
2020-10-21,1.43,1.2199416520235922,1.72392165295773,1.36486038022104,1.4726454592557947,NA,1.136,1.674462762857143
2020-10-22,1.39,1.1816169677817172,1.71201462169805,1.35117946954417,1.4618748698019988,NA,1.125,1.6802222328571428
2020-10-23,1.34,1.150938519191958,1.5722787638693,1.3327449953079,1.4775964854803216,NA,1.114,1.688845967142857
2020-10-24,1.29,1.1252778802974668,1.04755401259567,1.31057941556462,1.4823716092782966,NA,1.102,1.7016671271428572
2020-10-25,1.26,1.101307531687717,0.718162747481607,1.28514561063113,1.4778958184325366,NA,1.092,1.7178957442857143
2020-10-26,1.21,1.077408329034177,0.97363324807495,1.25651021109615,1.4626862309491488,NA,1.086,1.7360160085714285
2020-10-27,1.17,1.0542874159434423,1.20237973578746,1.22482911861441,1.4493810624466934,NA,1.081,1.7519196614285717
2020-10-28,1.13,1.0343319222366365,1.317115563679,1.19071258085996,1.4345080760894071,NA,1.069,1.7596979385714284
2020-10-29,1.09,1.0193603679197356,1.38142723718685,1.15567940045262,1.4277231063387334,NA,1.064,1.754202092857143
2020-10-30,1.06,1.0093129806058756,1.31975355792925,1.12172518030881,1.4132453465073582,NA,1.058,1.7351543971428571
2020-10-31,1.04,1.0021361606192596,0.943091794557419,1.0904761875585,1.3973884695419871,NA,1.052,1.7049335085714286
2020-11-01,1.04,0.9952890268776984,0.571884729885385,1.06306035950825,1.3791265939210118,NA,1.049,1.6703903771428572
2020-11-02,1.03,0.9873033886286268,0.86644134025996,1.04011417516322,1.356323959450722,NA,1.041,1.6317559557142858
2020-11-03,1.03,0.9792617872371708,1.06248460959085,1.02182710046538,1.3134832768293705,NA,1.036,1.5877148528571428
2020-11-04,1.02,0.9741526831736524,1.25272383280084,1.00828484211348,1.2979832122139168,NA,1.035,1.53575035
2020-11-05,0.99,0.9745761461150364,1.32767598939688,0.999310635285108,1.266286479926543,NA,1.032,1.47799038
2020-11-06,0.98,0.9806275271385912,1.21202428023341,0.994183653206456,1.2352498006797354,NA,1.027,1.4180733671428571
2020-11-07,0.97,0.9897108296069852,0.881486386447084,0.991895113644792,1.207282886430145,NA,1.027,1.3611859957142858
2020-11-08,0.96,0.9981575480960808,0.475046465325866,0.991370936224572,1.1824298518206664,NA,1.025,1.30824056
2020-11-09,0.96,1.003083674339849,0.767740568406448,0.991576182315656,1.1520190608190788,NA,1.027,1.25937698
2020-11-10,0.97,1.003875893385762,1.07556623585291,0.991913417739628,1.1437555622903153,NA,1.025,1.2135546942857145
2020-11-11,0.99,1.002641266683147,1.29474499324335,0.99207160909478,1.1218358213364872,NA,1.02,1.1721172128571429
2020-11-12,1.02,1.0022399676536302,1.34318391041668,0.991874042491098,1.1092478789503135,NA,1.025,1.13593615
2020-11-13,1.04,1.0037753934543467,1.27394671296714,0.99122016441895,1.0942397518775808,NA,1.027,1.1041216357142858
2020-11-14,1.05,1.005169707588884,0.8289441213641,0.989956552590784,1.080637869381147,NA,1.027,1.0768278457142857
2020-11-15,1.05,1.0025823395676416,0.474126337071816,0.988052986733544,1.0690558654091642,NA,1.031,1.052804147142857
2020-11-16,1.04,0.9940535728747736,0.785288235865958,0.985912153169534,1.0673940993124829,NA,1.031,1.0307812957142857
2020-11-17,1.04,0.9822061683474926,1.0194895028707,0.98437162239586,1.0661490513678775,NA,1.033,1.0124773557142857
2020-11-18,1.02,0.9725144890189324,1.19798490123555,0.984249360319831,1.0538278043651257,NA,1.036,0.9992391714285714
2020-11-19,1,0.9696801881456254,1.27931785708261,0.985790951350489,1.04891348100464,NA,1.039,0.9907209214285714
2020-11-20,0.98,0.9752567993914604,1.15609621803916,0.988595891237082,1.0415315119388924,NA,1.04,0.9871170942857144
2020-11-21,0.95,0.9874456004355162,0.853411055184545,0.992127229849541,1.0319624001875911,NA,1.043,0.98558581
2020-11-22,0.94,1.0030558699652672,0.488261294478255,0.99637722054565,1.0270859238295735,NA,1.046,0.9853981557142856
2020-11-23,0.94,1.0191954216063477,0.723029735365573,1.00199323952203,1.0284735258960649,NA,1.052,0.98655238
2020-11-24,0.94,1.035567487212279,1.05945979685013,1.00964594012823,1.0284722880536834,NA,1.052,0.9874146128571428
2020-11-25,0.94,1.054207651607321,1.32342546167625,1.0195245447338,1.0390708315333914,NA,1.054,0.9862987685714284
2020-11-26,0.96,1.0776532147383715,1.44631709746452,1.03131782851192,1.034819196293732,NA,1.058,0.9833660371428572
2020-11-27,0.98,1.105935841729404,1.33510861145321,1.04467989562606,1.0325655512463083,NA,1.058,0.97771812
2020-11-28,1,1.1354550400279888,0.919772534407585,1.05943555624407,1.0292879791587055,NA,1.059,0.9719011142857142
2020-11-29,1.03,1.1599021593332468,0.568643910466154,1.07494693214017,1.0318863280373334,NA,1.056,0.9669273585714284
2020-11-30,1.07,1.173511379140768,0.874045400385678,1.08963971575898,1.043742631015742,NA,1.057,0.9613900914285716
2020-12-01,1.09,1.1752721730401885,1.20321688088499,1.10127781390382,1.049994114892414,NA,1.056,0.9567515714285714
2020-12-02,1.12,1.1688840619219083,1.48352031217337,1.1081211099197,1.0528819026782232,NA,1.053,0.9556575128571428
2020-12-03,1.14,1.1595877243454882,1.57547560913883,1.1102441435634,1.0611073396907968,NA,1.054,0.9598460885714286
2020-12-04,1.15,1.1495866777699568,1.45406643336122,1.1092273484244,1.0711269541274553,NA,1.049,0.9697294071428572
2020-12-05,1.16,1.1377265589640622,1.04835893558809,1.10675696891907,1.0878775714286066,NA,1.047,0.9827209457142856
2020-12-06,1.16,1.1218712631022871,0.591437507919325,1.10354710370824,1.0883796429475046,NA,1.043,0.9977025214285714
2020-12-07,1.15,1.1007358063149482,0.850563635157046,1.09920323834987,1.0877685326832427,NA,1.037,1.015875077142857
2020-12-08,1.15,1.0743713970319917,1.1772655313001399,1.0929340031971,1.1010593111489977,NA,1.034,1.03764841
2020-12-09,1.13,1.0440956258746668,1.38369408425971,1.08434369299686,1.1054060331402655,NA,1.028,1.0629831314285714
2020-12-10,1.11,1.012697246409043,1.42909894953135,1.07319628838216,1.1172933372218417,NA,1.018,1.0904072628571428
2020-12-11,1.09,0.9828047681304696,1.31912583849104,1.05881593145835,1.1180971624912182,NA,1.013,1.1184749285714286
2020-12-12,1.07,0.9544599839028431,0.929260771493019,1.04030705858232,1.11129854795736,NA,1.005,1.1464497242857143
2020-12-13,1.05,0.9270440273795284,0.564847353616385,1.01715070142446,1.1043680045725937,NA,0.997,1.1718779314285714
2020-12-14,1.04,0.9023461447737898,0.791838605945289,0.990040267077056,1.0935031191824227,NA,0.988,1.1931449114285717
2020-12-15,1.03,0.8831016078639555,1.12661689307776,0.961348051637148,1.0953415302415588,NA,0.983,1.2098676857142856
2020-12-16,1.01,0.8708046424465397,1.35152101778464,0.934181503483895,1.0881919352277232,NA,0.974,1.2205756542857142
2020-12-17,0.99,0.8647921397371581,0.860964124800976,0.911051842046021,1.0812514394469472,NA,0.962,1.224055957142857
2020-12-18,0.97,0.8641500456580187,0.535972599879702,0.893386623235413,1.0755736150032582,NA,0.953,1.2207541857142856
2020-12-19,0.96,0.8673322540783038,0.470727923335878,0.881584963518813,1.0548414416438852,NA,0.943,1.2119059285714286
2020-12-20,0.94,0.8716538739024315,0.408041594454073,0.87556129823528706,1.0371359666761473,NA,0.934,1.2005135242857143
2020-12-21,0.91,0.8763801148842846,0.694024693294383,0.875143329697054,1.0271634028846854,NA,0.927,1.1872848442857142
2020-12-22,0.88,0.8842975286499707,1.32788195748697,0.879631092767883,1.0087958357895606,NA,0.923,1.1726580114285714
2020-12-23,0.85,0.8997833363619707,1.64748868022664,0.887907538827152,0.9784294939692996,NA,0.913,1.1574003557142858
2020-12-24,0.83,0.9250583994926732,1.09784762096639,0.89923457208167,0.9531339820675984,NA,0.905,1.1309216285714283
2020-12-25,0.83,0.9566627445674444,0.56853679716466,0.913935021718404,0.9351860999885224,NA,0.901,1.0848832785714286
2020-12-26,0.86,0.985595173266855,0.532171063597386,0.933315901842009,0.9396474919107742,NA,0.892,1.0236600085714285
2020-12-27,0.89,1.002292634269232,0.459481361426256,0.958339081247007,0.9520712511771524,NA,0.885,0.9567764928571428
2020-12-28,0.93,1.001875197128751,0.752526638446942,0.98788910580999,0.9591327064674184,NA,0.881,0.8901571914285714
2020-12-29,0.95,0.9884623535540424,1.51934167523219,1.01833047709387,0.9629013148420354,NA,0.876,0.8326375157142857
2020-12-30,0.95,0.9711605757289272,1.67603875140282,1.04476298599211,0.9706149198316952,NA,0.874,0.7897718371428571
2020-12-31,0.95,0.9572085473442165,1.62769834594898,1.06233830641303,0.94502517575489,NA,0.871,0.7632734685714286
2021-01-01,0.97,0.9483441732068796,1.4913577078169,1.06743471301639,0.933452347328532,NA,0.868,0.74896713
2021-01-02,0.98,0.9408821035130543,0.941873738699311,1.05854392212292,0.9436063860226064,NA,0.863,0.7439885628571429
2021-01-03,0.99,0.9307454466455204,0.437044548437687,1.03668555805656,0.964871634610382,NA,0.861,0.7458963742857143
2021-01-04,0.99,0.9161087459612428,0.64154936158687,1.00544626806752,0.9826557755919711,NA,0.865,0.7535299342857142
2021-01-05,1,0.8985207628159773,1.05453192541151,0.970143336818353,0.9986226005665232,NA,0.862,0.7700256057142857
2021-01-06,1.01,0.882808346601084,1.1680124648296,0.936037355617367,1.017690062564343,NA,0.86,0.7926712685714286
2021-01-07,1.02,0.8736978051166376,1.03992784860436,0.906787379889814,1.0374650752179713,NA,0.859,0.8275997628571429
2021-01-08,1,0.8737301892072837,0.966007430691134,0.884038448967417,1.018062082258545,NA,0.855,0.8833894728571429
2021-01-09,0.96,0.8815258588101025,0.722990051089002,0.86815281134099,0.9963148411648884,NA,0.856,0.9523683857142856
2021-01-10,0.91,0.8925733725774477,0.354087833827185,0.859040591611864,0.9707969708604028,NA,0.857,1.0207855457142856
2021-01-11,0.88,0.9014310223969424,0.494379881882263,0.856234515153812,0.9597164943695106,NA,0.859,1.0803626671428572
2021-01-12,0.88,0.9050783155706272,1.03696774676345,0.858362047822218,0.9490766650551328,NA,0.858,1.12033963
2021-01-13,0.88,0.9044709430913304,1.17503023096052,0.863002314231676,0.9234261410797696,NA,0.86,1.1362674771428571
2021-01-14,0.9,0.9037504989777376,1.08279935708162,0.867613160958534,0.9051298887572722,NA,0.864,1.1270317757142856
2021-01-15,0.92,0.9059306846411352,1.01181790016748,0.870814465416762,0.8919669470291668,NA,0.866,1.0961612528571427
2021-01-16,0.93,0.9101669458841364,0.793345432731104,0.872817817798206,0.8890596030423354,NA,0.87,1.0532580057142855
2021-01-17,0.94,0.9130341910544162,0.341917139060982,0.87469206203128,0.8868321874506679,NA,0.869,1.006690477142857
2021-01-18,0.94,0.9106121287348912,0.454815134435425,0.877018589235047,0.8775792002868182,NA,0.875,0.9583081571428572
2021-01-19,0.94,0.9019078216320476,1.07802075611564,0.87942487972963,0.8685909313894952,NA,0.878,0.91050057
2021-01-20,0.94,0.8903937184146067,1.17685117015818,0.881152013732605,0.8659819814855503,NA,0.88,0.8654820842857143
2021-01-21,0.93,0.8813853516568697,1.05997288017319,0.88172403538991,0.8511761408613576,NA,0.887,0.8261678014285714
2021-01-22,0.93,0.8787531886075081,1.03888038028703,0.881205929905771,0.8562658462992652,NA,0.892,0.7942226828571428
2021-01-23,0.92,0.8812223248777379,0.838139191641834,0.879853100218032,0.8533828755603359,NA,0.896,0.7708525285714286
2021-01-24,0.91,0.8837093991537083,0.352274295003971,0.877772467247386,0.8523522121560989,NA,0.902,0.7544540257142857
2021-01-25,0.9,0.8813971099302845,0.485531067435791,0.874931537973513,0.8416337005663945,NA,0.908,0.7427738885714286
2021-01-26,0.88,0.8733715458055492,1.0470138762924,0.871576726827769,0.8341870165722527,NA,0.915,0.7362152257142858
2021-01-27,0.88,0.8633538755324989,1.21433283189471,0.868313468189178,0.8335828393964789,NA,0.922,0.7340224285714286
2021-01-28,0.89,0.8563260347312901,1.10601173615217,0.86567073987628,0.8405903687575805,NA,0.927,0.7348171814285714
2021-01-29,0.89,0.8551078631562669,0.997428178392711,0.863743456000348,0.8473400661935631,NA,0.934,0.7384634228571428
2021-01-30,0.9,0.8588733657882917,0.85085908484477,0.862230846727854,0.8487716490342627,NA,0.942,0.7446770257142857
2021-01-31,0.89,0.8647640735199389,0.311018291708079,0.860834080170559,0.8323621791985617,NA,0.953,0.7520487071428571
2021-02-01,0.89,0.8698077412748381,0.415740169566902,0.859761941955353,0.8267670343630366,NA,0.962,0.7602367457142857
2021-02-02,0.9,0.8737760733089838,0.93156021147311,0.859726030655229,0.8216755017277471,NA,0.968,0.7677944528571429
2021-02-03,0.89,0.8789733449825551,1.12694655902139,0.861614936086759,0.8218872205433267,NA,0.976,0.7753384985714286
2021-02-04,0.89,0.8888304812291888,1.10869608120465,0.866248308487428,0.8296498183021092,NA,0.983,0.7832052414285714
2021-02-05,0.89,0.905630906684013,1.0687592382787,0.874197211277194,0.8354618483232227,NA,0.992,0.7896319557142857
2021-02-06,0.89,0.928364094435544,0.725616439538436,0.885744785054703,0.8366691361737449,NA,0.993,0.7948210428571428
2021-02-07,0.88,0.9529663547510412,0.485802243224043,0.900822644802919,0.8368031328619141,NA,1.002,0.79786926
2021-02-08,0.88,0.9740614248620888,0.562768961041918,0.918814359830069,0.8295201933158209,NA,1.011,0.7978341242857143
2021-02-09,0.88,0.9892316274261024,1.20997672562551,0.938535664329582,0.8257342042510433,NA,1.021,0.7933664228571429
2021-02-10,0.89,1.000607117486702,1.38153623735572,0.958421429282974,0.8279410409357227,NA,1.025,0.7848136942857142
2021-02-11,0.91,1.0124001220053085,1.31794415555376,0.976977367406939,0.8429425801666972,NA,1.034,0.7747960414285714
2021-02-12,0.94,1.026745309586927,1.25808512784871,0.993228740392502,0.8580310021825128,NA,1.038,0.7663471657142857
2021-02-13,0.97,1.0415151081224374,1.09787738066142,1.00682008868796,0.8709500564935757,NA,1.048,0.7569548242857143
2021-02-14,0.99,1.0522877917924347,0.411252841835424,1.01784561292876,0.8845478297250953,NA,1.052,0.75164183
2021-02-15,1.01,1.0550108652824732,0.566937849196963,1.02649335909565,0.8945400837955535,NA,1.06,0.75232925
2021-02-16,1.03,1.0498823072398469,1.30533011219416,1.03277679867822,0.90166768585808,NA,1.065,0.7623494914285714
2021-02-17,1.05,1.0408950753236843,1.49613065851645,1.03665253226847,0.9146347940066268,NA,1.073,0.7818218914285714
2021-02-18,1.06,1.033233186494093,1.35747142861486,1.0382541839413,0.9333071288562678,NA,1.081,0.8087655499999999
2021-02-19,1.07,1.0299658593912082,1.28481179853726,1.03802400520655,0.9504705008389086,NA,1.083,0.8407213157142858
2021-02-20,1.06,1.0302173682360278,1.00651138872129,1.03675138467949,0.964641552178818,NA,1.091,0.8796869185714286
2021-02-21,1.05,1.0313689194605375,0.43072944170246,1.03534347938532,0.9778923734134672,NA,1.097,0.91675502
2021-02-22,1.04,1.0314417780167824,0.556703236901683,1.03463772500254,0.9831849713037653,NA,1.102,0.9495749485714284
2021-02-23,1.02,1.031235815386098,1.30248461964988,1.03556931151,0.9877336056526428,NA,1.107,0.9803026771428572
2021-02-24,1.01,1.034392400016436,1.4003172400119,1.03861455485864,1.000645878170164,NA,1.113,1.010345312857143
2021-02-25,1.01,1.0445297906514837,1.29257864845894,1.04358731274025,1.0145786686976754,NA,1.12,1.03767386
2021-02-26,1,1.0632967951117158,1.2343615300385,1.0499958024628,1.0254404625003462,NA,1.125,1.0610046142857144
2021-02-27,1,1.088292213485056,1.03639664347001,1.05743580564248,1.033962920711907,NA,1.126,1.0776080957142855
2021-02-28,1.02,1.113858904500439,0.403368599441231,1.06630915907807,1.0416247456854033,NA,1.13,1.0891856457142857
2021-03-01,1.02,1.1342905602888789,0.554566067329617,1.07773239466381,1.0444057478203908,NA,1.135,1.0966574
2021-03-02,1.04,1.1479963376994016,1.3205239974012,1.09223327268231,1.0462322333052303,NA,1.138,1.1009368042857142
2021-03-03,1.05,1.1576426713941272,1.67457451265987,1.10932164301966,1.0565854748465404,NA,1.137,1.1003775985714286
2021-03-04,1.06,1.1676402191070328,1.62337965313667,1.12786324579505,1.0730941676770218,NA,1.138,1.09565563
2021-03-05,1.08,1.179840523706963,1.52390062786522,1.14659994097431,1.0875212608955176,NA,1.14,1.0879835114285714
2021-03-06,1.1,1.1919861213131098,1.20589852089539,1.16466549838982,1.1029077961545843,NA,1.139,1.0800382128571429
2021-03-07,1.12,1.199786614043996,0.511925210486301,1.18108846184096,1.1170442211333704,NA,1.137,1.0721116671428572
2021-03-08,1.14,1.1994554427567576,0.6644060681274,1.19407609390395,1.127425235058476,NA,1.136,1.0647325042857143
2021-03-09,1.15,1.191807860886223,1.49525818311882,1.20176774995921,1.1401205553105491,NA,1.132,1.0583147528571428
2021-03-10,1.17,1.1817888840773942,1.76749238020811,1.20339498023961,1.1659857072902051,NA,1.135,1.05875631
2021-03-11,1.17,1.1751523312957377,1.61498358756517,1.19973824570653,1.1567862064038572,NA,1.131,1.0691311028571429
2021-03-12,1.17,1.174969969629801,1.45983141980678,1.19285774660155,1.1816208236777648,NA,1.124,1.0887490914285711
2021-03-13,1.17,1.179253795924144,1.14565682861456,1.18455945847826,1.2003096344938824,NA,1.119,1.11393328
2021-03-14,1.17,1.1818200024749346,0.475776268643615,1.17555608845846,1.2167963207558974,NA,1.115,1.1415004085714286
2021-03-15,1.17,1.17603830498101,0.662013004415894,1.166136223325,1.2249863366390832,NA,1.109,1.1703853685714285
2021-03-16,1.17,1.1602803191652369,1.42142368141232,1.15654640023457,1.2344789620009025,NA,1.106,1.2022342614285717
2021-03-17,1.16,1.1386059994271327,1.68769241855368,1.14700260418438,1.2281826316065971,NA,1.096,1.2352254557142857
2021-03-18,1.14,1.1166773552018108,1.65432790830772,1.13713536383729,1.2550597418496992,NA,1.091,1.2654617085714286
2021-03-19,1.13,1.096791327103091,1.46923383556652,1.12528264203717,1.2402242652467448,0.995297397107348,1.085,1.2900720271428572
2021-03-20,1.13,1.0770507239757343,1.08624143134329,1.10945958050589,1.2256309346274197,0.997209935458654,1.078,1.3083479357142858
2021-03-21,1.13,1.0535972878553683,0.481310868780058,1.08858588164598,1.211969301442266,0.999706375598958,1.076,1.32072969
2021-03-22,1.14,1.0240075578639152,0.648038657211888,1.06300728068196,1.216943061298549,1.00202277774173,1.07,1.3288764814285714
2021-03-23,1.13,0.9926943819250372,1.18115221243265,1.03458844228845,1.2229873294567803,1.00496199049717,1.064,1.3322327014285713
2021-03-24,1.12,0.9678880933810912,1.42565178054692,1.00596747057022,1.2155350985427045,1.00733479607673,1.056,1.3307013657142857
2021-03-25,1.1,0.956771032515832,1.309984899642,0.98007154759265,1.2006017463458694,1.01059197971358,1.045,1.3273192485714285
2021-03-26,1.06,0.9619636328982912,0.947739269250922,0.960348176876454,1.1866515106425912,1.01365955292011,1.044,1.32312704
2021-03-27,1.03,0.9812582155882692,0.637696607132151,0.950305366747796,1.1678159894663491,1.01755876988435,1.034,1.3173610014285717
2021-03-28,1,1.0085828558089796,0.417904523991572,0.952573728798461,1.1469535463421616,1.02117178399287,1.027,1.3114257857142857
2021-03-29,0.98,1.0357143725919893,0.409334365814139,0.968179522414151,1.1395115753065177,1.02506969194019,1.018,1.305493492857143
2021-03-30,0.96,1.0573399851817706,0.694613192875103,0.995871641422202,1.1308238256662664,1.02874165053388,1.015,1.2942410957142856
2021-03-31,0.96,1.074007085715027,1.54675076397237,1.0320220535525,1.1107973806134908,1.03210910717021,1.005,1.2755862185714286
2021-04-01,0.96,1.0873525818583945,1.8459220297079,1.07161383601446,1.0893486777682428,1.03448070279809,0.995,1.2482974542857144
2021-04-02,0.96,1.0966818016310464,1.76134044772284,1.10895815001122,1.0705717590321573,1.03682868411156,0.99,1.2093842885714283
2021-04-03,0.98,1.1000243143863722,1.333621857687,1.13835844845301,1.0605242324725443,1.03919671003855,0.981,1.1597655285714286
2021-04-04,0.97,1.0961612064714663,0.591497254785577,1.15566707786361,1.0728859089095144,1.04034430394073,0.976,1.1083746957142857
2021-04-05,1,1.085242013267338,0.728266543138514,1.15928095189607,1.07836363776023,1.04096233403986,0.971,1.0550745485714286
2021-04-06,1.03,1.0696991272520229,1.51079041897382,1.15040570647927,1.091163256145888,1.0414607840974,0.961,0.9933461871428572
2021-04-07,1.06,1.0545856470352657,1.59910290709817,1.13254180510474,1.1318027307959393,1.04065537967178,0.957,0.9341728628571428
2021-04-08,1.11,1.0454089877184487,1.39163700672621,1.11005590489773,1.1461769480957946,1.03953779120038,0.948,0.8923764585714286
2021-04-09,1.12,1.0446107359936136,1.23076786111729,1.0866574296288,1.1499938385540929,1.03701549507211,0.946,0.8788582485714286
2021-04-10,1.12,1.0493332608487904,0.894575403980498,1.06501073089896,1.1453746702547225,1.0336303305145,0.936,0.8939469628571429
2021-04-11,1.14,1.0533430937032418,0.425663180810822,1.04676133147169,1.1395249670416476,1.02869932369588,0.931,0.9257291371428572
2021-04-12,1.12,1.0504581291097663,0.57514293669513,1.03247012134713,1.146273941965989,1.02385877174283,0.919,0.9705794242857144
2021-04-13,1.09,1.039195511618751,1.31890926920031,1.02195530739131,1.1491821975392047,1.01811619563244,0.914,1.0383938142857143
2021-04-14,1.06,1.0229880542121477,1.45775595111198,1.01433441065167,1.1368157912513823,1.01144989362121,0.907,1.1152775828571428
2021-04-15,1.02,1.0066904800324543,1.30125763882738,1.00811961836737,1.1187755544639189,1.00347124237558,0.898,1.1814166257142855
2021-04-16,1.01,0.9931245288604368,1.1724850047801,1.0018240447527,1.1043949231998178,0.995362815777347,0.889,1.2268801471428572
2021-04-17,1.02,0.9813719563017564,0.893435247090901,0.994301762538207,1.0905717404191992,0.98691203497374,0.881,1.2504536557142858
2021-04-18,1.03,0.9678784733784854,0.413775959626774,0.984892113959355,1.074064372716654,0.978306829801812,0.871,1.2574009071428571
2021-04-19,1.03,0.9495728981773084,0.559455426358561,0.973706701886358,1.0724687990263415,0.968300768549202,0.864,1.2519862471428571
2021-04-20,1.04,0.9268176158798228,1.16890808447589,0.961389019064496,1.0694625607494843,0.958515407910437,0.854,1.23581795
2021-04-21,1.02,0.9040963183190504,1.21808422991834,0.948732644306232,1.0545878234046515,0.947992404581593,0.848,1.21127358
2021-04-22,1,0.886477139158186,1.08993917943085,0.936577813953194,1.0444590611803164,0.937794754109143,0.84,1.1818941385714286
2021-04-23,0.98,0.8765654420253709,0.998909026718717,0.925496715359728,1.0275480489625777,0.927310753109808,0.831,1.15069923
2021-04-24,0.95,0.8729069542722243,0.791716210282251,0.915552478075605,1.0117142875246992,0.917212747940524,0.826,1.1208607371428572
2021-04-25,0.93,0.8711989637502983,0.346324401973643,0.906427842105683,1.0024362475535649,0.906375428135058,0.817,1.09423598
2021-04-26,0.91,0.8669151969096814,0.472508340050633,0.897477139612488,0.9839090629262828,0.896264173381636,0.807,1.0710579485714289
2021-04-27,0.89,0.8581494183754099,1.11964655333237,0.887802242426782,0.9721350005118808,0.886611142688842,0.799,1.0477354828571428
2021-04-28,0.88,0.8462472442004721,1.1955884845557,0.875888111270217,0.9565588605024228,0.876869130329631,0.794,1.02125914
2021-04-29,0.88,0.8348632458134949,1.04367866994123,0.860787482865373,0.9366251763586638,0.867877046823071,0.787,0.9917569385714284
2021-04-30,0.88,0.8270656373541143,0.977204721733946,0.842308507126396,0.919176296482942,0.85893865811052,0.78,0.9606597571428572
2021-05-01,0.88,0.8223355726050465,0.770608387780567,0.821292569330919,0.9108863740091138,0.849773483991004,0.775,0.9301594142857142
2021-05-02,0.88,0.8175010546997088,0.339792611243907,0.80028587694686,0.8973365823546245,0.841319206069727,0.769,0.9017833728571428
2021-05-03,0.88,0.8094109221388379,0.471722301661654,0.78190936866217,0.8832683062871592,0.833464828009033,0.763,0.8751918857142857
2021-05-04,0.87,0.7984146308939795,1.10284188032629,0.768382738291983,0.8731296953105854,0.825456198270685,0.757,0.8504933457142857
2021-05-05,0.87,0.7884890655464672,1.16301976567055,0.761143139336488,0.857565159053977,0.818104687988385,0.754,0.8285630714285714
2021-05-06,0.87,0.7834271760223921,0.725669059684802,0.760551849471095,0.8356421184462691,0.811551103434069,0.751,0.8094773242857143
2021-05-07,0.87,0.7848780576617475,0.595880007676896,0.766104733948252,0.818789987003912,0.804798446438917,0.746,0.7935773028571429
2021-05-08,0.86,0.790036380717375,0.698930562485086,0.776541782134026,0.8027325118883493,0.798799480479265,0.743,0.7807745928571429
2021-05-09,0.85,0.7922220204414608,0.36239734569499,0.789769180545739,0.7855151946353801,0.792615761785319,0.74,0.7709939942857142
2021-05-10,0.83,0.7858827635499027,0.466405868354401,0.803093804989066,0.7799389645674406,0.786818225557574,0.738,0.7639181557142857
2021-05-11,0.82,0.7712456549563502,1.16969306799462,0.813490955358481,0.7686900983440493,0.782206482978529,0.739,0.7588523971428571
2021-05-12,0.8,0.7540005535801123,1.17374156720291,0.818134946394287,0.746051942280114,0.777322161393507,0.737,0.7550264257142857
2021-05-13,0.79,0.740342007412065,0.938175134424707,0.815436542986791,0.7440895271196308,0.772683770475776,0.738,0.7459807428571429
2021-05-14,0.8,0.7323164957507032,0.875738401221174,0.805532923487215,0.7425144377788694,0.76836885580531,0.735,0.72739349
2021-05-15,0.81,0.7294635082733123,0.685820301035596,0.790099641276894,0.7412223521244583,0.76417563012243,0.74,0.70413419
2021-05-16,0.81,0.7291842682825345,0.236851454662684,0.771893326098057,0.7409949328014089,0.759636778250418,0.736,0.6811263085714285
2021-05-17,0.81,0.7282143902597545,0.213182638651298,0.753910719919164,0.7329735154463215,0.756445206007306,0.735,0.6602162271428571
2021-05-18,0.8,0.7262181643671729,0.455637474828087,0.738805138890547,0.7223032236301393,0.753040752971616,0.738,0.6431840928571428
2021-05-19,0.81,0.7256413390351215,0.993203995834458,0.728172672859161,0.7184231097785337,0.749148564005477,0.735,0.6297047100000001
2021-05-20,0.81,0.7299676213726509,1.09605535665548,0.722959766341599,0.7086801402725341,0.746149251362888,0.739,0.6238654271428572
2021-05-21,0.8,0.7393038761128847,0.950422860229044,0.723204239541656,0.699130855057536,0.74303672354919,0.739,0.6286279385714286
2021-05-22,0.78,0.7499368005259288,0.754041575681087,0.727673223063419,0.6874088761839641,0.740776448848308,0.737,0.6385484942857143
2021-05-23,0.74,0.7569959585148288,0.335106827488231,0.734625839009479,0.6735768513898444,0.738344835009438,0.737,0.6477546928571428
2021-05-24,0.73,0.7568571292776782,0.509941558351418,0.741590329485266,0.6556026544242329,0.736394604681176,0.74,0.6501199957142857
2021-05-25,0.73,0.7501756182658702,1.09404594556794,0.746296951755053,0.6389592109630728,0.734339469833874,0.743,0.6328036442857143
2021-05-26,0.75,0.7411961592521333,1.01492911176795,0.747632214320385,0.6376150130835407,0.733178160989206,0.741,0.6022591071428571
2021-05-27,0.79,0.7356994283978311,0.695426072568254,0.74588170236017,0.6481420873627182,0.731894437799211,0.745,0.5708443928571428
2021-05-28,0.81,0.7374307982663575,0.557485691881266,0.742244204212649,0.6550962168191979,0.730849664286793,0.748,0.5438699514285714
2021-05-29,0.83,0.7446417281321377,0.592956396741735,0.73813299674058,0.6547396532443247,0.730069720626839,0.747,0.5233845471428571
2021-05-30,0.84,0.7513908799022523,0.310678122123351,0.734634232160782,0.6490958090090622,0.729897206197381,0.752,0.5111217542857143
2021-05-31,0.82,0.751740442964487,0.506578255612218,0.732185405769107,0.6394568368725575,0.730052543108593,0.756,0.5113012914285714
2021-06-01,0.81,0.7447748394818825,1.14185175619835,0.730511427905466,0.6283236158617154,0.73102721222991,0.756,0.5326275157142857
2021-06-02,0.79,0.7327802629736764,1.02586350345877,0.728851245051575,0.6226495761137615,0.732243911209888,0.761,0.5647745771428572
2021-06-03,0.77,0.7192800248231704,0.872731461335654,0.726389697138936,0.6162931791597956,0.733678948122613,0.765,0.5917760657142858
2021-06-04,0.78,0.7075496697948074,0.743315004772596,0.722680737320535,0.6129912532881424,0.73578942537769,0.769,0.6054550814285714
2021-06-05,0.8,0.6978560254276458,0.543900182694677,0.717777488052174,0.6121305089845548,0.738504598095683,0.773,0.6077591
2021-06-06,0.8,0.6876501368849568,0.218359478862005,0.71204950797814,0.6116258761133113,0.742198553816295,0.782,0.60267396
2021-06-07,0.81,0.674384691607491,0.406871215531387,0.705932012604724,0.6067380177002488,0.746835360581821,0.785,0.5937878142857143
2021-06-08,0.78,0.65916987468694,0.796912355266653,0.699802975785697,0.5997564377072927,0.75200524981487,0.791,0.5844164857142857
2021-06-09,0.77,0.64747997602326,0.766181371689177,0.693995025854246,0.5935394294891734,0.758200383506426,0.797,0.5754934742857143
2021-06-10,0.75,0.6442037074333599,0.68129846234722,0.688753554748392,0.5868186692157831,0.765527325023792,0.802,0.5709539357142857
2021-06-11,0.74,0.6520136042031499,0.674829471453484,0.684266674091491,0.5797095654498137,0.772970372673508,0.803,0.5727206471428571
2021-06-12,0.73,0.6692336873361686,0.546120983017769,0.680703077232358,0.5708700805843059,0.781580463822588,0.81,0.5762631871428572
2021-06-13,0.7,0.6906153686086683,0.215352675193976,0.678188129816704,0.5609305781102774,0.790490973282416,0.817,0.5782910485714285
2021-06-14,0.68,0.7110053642537902,0.50248035226576,0.676906599550185,0.5488057663291968,0.800598482764532,0.823,0.57703031
2021-06-15,0.69,0.7280635476362234,0.955153279359593,0.677121325823889,0.5342941386380555,0.811792621080489,0.826,0.56694013
2021-06-16,0.7,0.7428595990399982,0.905049328659896,0.679166106763105,0.524066592394931,0.823316676186059,0.829,0.5474587257142858
2021-06-17,0.73,0.758733567403968,0.899393790949727,0.683433866240247,0.5221947736609378,0.835760371161501,0.827,0.52070446
2021-06-18,0.75,0.7793668162813295,0.875993493526588,0.69037833425874,0.5292778765263639,0.848441251883404,0.829,0.4911267342857143
2021-06-19,0.76,0.8054409214931966,0.610225167050368,0.700522787226309,0.5410679772974663,0.861356538034922,0.836,0.46295119142857144
2021-06-20,0.77,0.8333261964622938,0.285903204013282,0.714458277830013,0.546384730266303,0.87548698172786,0.836,0.43864573
2021-06-21,0.79,0.8574200147791085,0.667183296291964,0.732805527578757,0.5512095536183876,0.890224072559303,0.838,0.42070868857142857
2021-06-22,0.8,0.873979938750688,1.2493415548601,0.756109682468044,0.5547652220444741,0.905232541741755,0.841,0.41085282142857144
2021-06-23,0.81,0.8815693167893985,1.28275309589773,0.784861337554392,0.5610527357917228,0.920840598443015,0.839,0.4095009757142858
2021-06-24,0.83,0.8796704103817787,1.09965515430532,0.819137536661313,0.5695952305360359,0.935997199135874,0.838,0.4180203628571429
2021-06-25,0.87,0.8692140969455775,1.06988183713843,0.858281757354133,0.5901372452358697,0.95122015573763,0.838,0.4359363442857143
2021-06-26,0.91,0.8527299232654209,0.802659574468085,0.900792604313204,0.6108789922113405,0.966215032820818,0.839,0.4592693857142857
2021-06-27,0.94,NA,0.324125928351111,0.944242691796858,0.6344781070146326,0.980553197483936,0.839,0.48505045
2021-06-28,0.96,NA,0.822557714440458,0.985885971527612,0.6566461270034165,0.994520417048116,0.841,0.5140548842857143
2021-06-29,0.98,NA,1.65587467362924,1.02334083186399,0.6791894306924304,1.00793670599956,0.837,0.5498711214285714
2021-06-30,1.02,NA,1.57258285151476,1.05491310935417,0.7037248919966741,1.02108691569463,0.835,0.5947535257142857
2021-07-01,1.04,NA,1.48594673194795,1.07984799951326,0.7311528224846177,1.03393628103618,0.831,0.6443497342857143
2021-07-02,1.07,NA,1.11383761869199,1.09824184759458,0.7562214935460545,1.04374892101687,0.836,0.6949962071428571
2021-07-03,1.1,NA,NA,1.11077905198295,0.7796233776804153,1.05394222882213,0.835,0.7444301471428572
2021-07-04,1.16,NA,NA,1.11856821738838,0.8059564500131504,1.06313614588771,0.833,0.7884930085714286
2021-07-05,1.22,NA,NA,1.12278110427232,0.8323440760785754,1.07030060502214,0.836,0.8291060157142857
2021-07-06,NA,NA,NA,1.12445772760494,0.8578922207088551,1.07749012751078,0.837,0.8737419557142857
2019-12-28,NA,NA,NA,NA,NA,NA,NA,NA
2019-12-29,NA,NA,NA,NA,NA,NA,NA,NA
2019-12-30,NA,NA,NA,NA,NA,NA,NA,NA
2019-12-31,NA,NA,NA,NA,NA,NA,NA,NA
2020-01-01,NA,NA,NA,NA,NA,NA,NA,NA
2020-01-02,NA,NA,NA,NA,NA,NA,NA,NA
2020-01-03,NA,NA,NA,NA,NA,NA,NA,NA
2020-01-04,NA,NA,NA,NA,NA,NA,NA,NA
2020-01-05,NA,NA,NA,NA,NA,NA,NA,NA
2020-01-06,NA,NA,NA,NA,NA,NA,NA,NA
2020-01-07,NA,NA,NA,NA,NA,NA,NA,NA
2020-01-08,NA,NA,NA,NA,NA,NA,NA,NA
2020-01-09,NA,NA,NA,NA,NA,NA,NA,NA
2020-01-10,NA,NA,NA,NA,NA,NA,NA,NA
2020-01-11,NA,NA,NA,NA,NA,NA,NA,NA
2020-01-12,NA,NA,NA,NA,NA,NA,NA,NA
2020-01-13,NA,NA,NA,NA,NA,NA,NA,NA
2020-01-14,NA,NA,NA,NA,NA,NA,NA,NA
2020-01-15,NA,NA,NA,NA,NA,NA,NA,NA
2020-01-16,NA,NA,NA,NA,NA,NA,NA,NA
2020-01-17,NA,NA,NA,NA,NA,NA,NA,0.04397087857142857
2020-01-18,NA,NA,NA,NA,NA,NA,NA,0
2020-01-19,NA,NA,NA,NA,NA,NA,NA,0
2020-01-20,NA,NA,NA,NA,NA,NA,NA,0
2020-01-21,NA,NA,NA,NA,NA,NA,NA,0
2020-01-22,NA,NA,NA,NA,NA,NA,NA,0
2020-01-23,NA,NA,NA,NA,NA,NA,NA,1.2678659885714283
2020-01-24,NA,NA,NA,NA,NA,NA,NA,2.541789037142857
2020-01-25,NA,NA,NA,NA,NA,NA,NA,3.639887571428571
2020-01-26,NA,NA,NA,NA,NA,NA,NA,4.543493451428572
2020-01-27,NA,1.0264045568760325,NA,1.32710775091967,NA,NA,NA,5.267596412857142
2020-01-28,NA,0.908167858979039,NA,1.13928807250624,NA,NA,NA,6.043392297142857
2020-01-29,NA,0.801574243966783,NA,0.985222795202627,NA,NA,NA,6.87044149
2020-01-30,NA,0.7103941463672969,NA,0.859685205335424,NA,NA,NA,6.336289085714285
2020-01-31,NA,0.6364020004795877,NA,0.758863981271838,NA,NA,NA,5.827452474285715
2020-02-01,NA,0.5838505056638885,NA,0.678392936436786,NA,NA,NA,5.433296995714286
2020-02-02,NA,0.560422999172209,NA,0.612427959625588,NA,NA,NA,5.12333551
2020-02-03,NA,0.5870017481090231,NA,0.554478171595062,NA,NA,NA,4.897845808571429
2020-02-04,NA,0.704891338530449,NA,0.498950899961403,NA,NA,NA,4.594854788571428
2020-02-05,NA,0.9596262014636026,NA,0.442895140536092,NA,NA,NA,4.171063768571429
2020-02-06,NA,1.3617556880529165,NA,0.386161065256047,NA,NA,NA,3.7746463071428575
2020-02-07,NA,1.8744685771465608,NA,0.330413071755108,NA,NA,NA,3.2876884614285715
2020-02-08,NA,2.4174402916290925,NA,0.278170572800698,NA,NA,NA,2.796604208571429
2020-02-09,NA,2.8694801202215565,NA,0.231703283011558,NA,NA,NA,2.352076327142857
2020-02-10,NA,3.13417577125435,NA,0.193650660108556,NA,NA,NA,1.9436166714285712
2020-02-11,NA,3.3633406903758334,NA,0.17106307123422199,NA,NA,NA,1.5410200971428571
2020-02-12,NA,3.699632544370169,NA,0.178094247062377,NA,NA,NA,1.1825332114285714
2020-02-13,NA,4.071516694816725,NA,0.233246083877864,NA,NA,NA,0.86311489
2020-02-14,NA,4.426803659817021,NA,0.356635044330394,NA,NA,NA,0.5849892214285715
2020-02-15,NA,4.668910399753256,NA,0.570934611689093,NA,NA,NA,0.37213041857142853
2020-02-16,NA,4.728398462656394,NA,0.926538173597853,NA,NA,NA,0.2230139057142857
2020-02-17,NA,4.587339134784293,NA,1.53967642309313,NA,NA,NA,0.1328603014285714
2020-02-18,NA,4.290639738863728,NA,2.53807458022638,NA,NA,NA,0.06265201142857142
2020-02-19,NA,3.9152218312689007,NA,3.82379175104338,NA,NA,NA,0.01788072428571428
2020-02-20,NA,3.5242789297534576,NA,4.85251259530747,NA,NA,2.304,0.09986247428571428
2020-02-21,NA,3.157459845878778,NA,5.13365667326516,NA,NA,2.293,0.26670226571428574
2020-02-22,NA,2.848805462146476,NA,4.77520218583911,NA,NA,2.288,0.4421380342857143
2020-02-23,NA,2.6172728213643865,4.95283018867925,4.17429557219176,NA,NA,2.277,0.5946992642857143
2020-02-24,NA,2.4920052335291945,3.37912087912088,3.61076357927398,NA,NA,2.263,0.7625210014285714
2020-02-25,NA,2.4739283282558646,4.71028037383178,3.17968699160282,NA,NA,2.241,1.0555120857142857
2020-02-26,NA,2.5434201882497383,6.83599419448476,2.87607852380148,NA,NA,2.214,1.5904728614285717
2020-02-27,NA,2.6465154775708304,6.05424954792043,2.66695731962675,NA,NA,2.173,2.4014929
2020-02-28,NA,2.756803037853306,4.25737538148525,2.52794817908473,NA,NA,2.141,3.4302491028571427
2020-02-29,NA,2.866096940570848,2.21952066689823,2.45177044540094,NA,NA,2.088,4.425975041428571
2020-03-01,NA,2.9496802872048464,1.14778694673668,2.4390464744854,NA,NA,2.032,5.3741841657142855
2021-07-07,NA,NA,NA,1.12358215919481,0.8761279102972441,1.08184967407825,0.831,0.92204135
2021-07-08,NA,NA,NA,1.11878492480388,0.8846034206059501,1.08782183201881,0.835,0.97496789
2021-07-09,NA,NA,NA,1.10843599253695,NA,1.09196193426163,0.836,NA
2021-07-10,NA,NA,NA,NA,NA,NA,0.829,NA
2021-07-11,NA,NA,NA,NA,NA,NA,NA,NA
2021-07-12,NA,NA,NA,NA,NA,NA,NA,NA
2021-07-13,NA,NA,NA,NA,NA,NA,NA,NA
2021-07-14,NA,NA,NA,NA,NA,NA,NA,NA
2021-07-15,NA,NA,NA,NA,NA,NA,NA,NA
2021-07-16,NA,NA,NA,NA,NA,NA,NA,NA
2021-07-17,NA,NA,NA,NA,NA,NA,NA,NA
2021-07-18,NA,NA,NA,NA,NA,NA,NA,NA
2021-07-19,NA,NA,NA,NA,NA,NA,NA,NA
2021-07-20,NA,NA,NA,NA,NA,NA,NA,NA
2021-07-21,NA,NA,NA,NA,NA,NA,NA,NA
2021-07-22,NA,NA,NA,NA,NA,NA,NA,NA
2021-07-23,NA,NA,NA,NA,NA,NA,NA,NA
2021-07-24,NA,NA,NA,NA,NA,NA,NA,NA
2021-07-25,NA,NA,NA,NA,NA,NA,NA,NA
2021-07-26,NA,NA,NA,NA,NA,NA,NA,NA
2021-07-27,NA,NA,NA,NA,NA,NA,NA,NA
2021-07-28,NA,NA,NA,NA,NA,NA,NA,NA
2021-07-29,NA,NA,NA,NA,NA,NA,NA,NA
2021-07-30,NA,NA,NA,NA,NA,NA,NA,NA
2021-07-31,NA,NA,NA,NA,NA,NA,NA,NA
2021-08-01,NA,NA,NA,NA,NA,NA,NA,NA
2021-08-02,NA,NA,NA,NA,NA,NA,NA,NA
2021-08-03,NA,NA,NA,NA,NA,NA,NA,NA
2021-08-04,NA,NA,NA,NA,NA,NA,NA,NA
2021-08-05,NA,NA,NA,NA,NA,NA,NA,NA
2021-08-06,NA,NA,NA,NA,NA,NA,NA,NA
2021-08-07,NA,NA,NA,NA,NA,NA,NA,NA
2021-08-08,NA,NA,NA,NA,NA,NA,NA,NA
2021-08-09,NA,NA,NA,NA,NA,NA,NA,NA
2021-08-10,NA,NA,NA,NA,NA,NA,NA,NA
2021-08-11,NA,NA,NA,NA,NA,NA,NA,NA
2021-08-12,NA,NA,NA,NA,NA,NA,NA,NA
2021-08-13,NA,NA,NA,NA,NA,NA,NA,NA
2021-08-14,NA,NA,NA,NA,NA,NA,NA,NA
2021-08-15,NA,NA,NA,NA,NA,NA,NA,NA
2021-08-16,NA,NA,NA,NA,NA,NA,NA,NA
2021-08-17,NA,NA,NA,NA,NA,NA,NA,NA
2021-08-18,NA,NA,NA,NA,NA,NA,NA,NA
2021-08-19,NA,NA,NA,NA,NA,NA,NA,NA
2021-08-20,NA,NA,NA,NA,NA,NA,NA,NA
2021-08-21,NA,NA,NA,NA,NA,NA,NA,NA
2021-08-22,NA,NA,NA,NA,NA,NA,NA,NA
2021-08-23,NA,NA,NA,NA,NA,NA,NA,NA
2021-08-24,NA,NA,NA,NA,NA,NA,NA,NA
2021-08-25,NA,NA,NA,NA,NA,NA,NA,NA
2021-08-26,NA,NA,NA,NA,NA,NA,NA,NA
2021-08-27,NA,NA,NA,NA,NA,NA,NA,NA
2021-08-28,NA,NA,NA,NA,NA,NA,NA,NA
2021-08-29,NA,NA,NA,NA,NA,NA,NA,NA
2021-08-30,NA,NA,NA,NA,NA,NA,NA,NA
2021-08-31,NA,NA,NA,NA,NA,NA,NA,NA
2021-09-01,NA,NA,NA,NA,NA,NA,NA,NA
2021-09-02,NA,NA,NA,NA,NA,NA,NA,NA
2021-09-03,NA,NA,NA,NA,NA,NA,NA,NA
2021-09-04,NA,NA,NA,NA,NA,NA,NA,NA
2021-09-05,NA,NA,NA,NA,NA,NA,NA,NA
2021-09-06,NA,NA,NA,NA,NA,NA,NA,NA
2021-09-07,NA,NA,NA,NA,NA,NA,NA,NA
2021-09-08,NA,NA,NA,NA,NA,NA,NA,NA
2021-09-09,NA,NA,NA,NA,NA,NA,NA,NA
2021-09-10,NA,NA,NA,NA,NA,NA,NA,NA
2021-09-11,NA,NA,NA,NA,NA,NA,NA,NA
2021-09-12,NA,NA,NA,NA,NA,NA,NA,NA
2021-09-13,NA,NA,NA,NA,NA,NA,NA,NA
2021-09-14,NA,NA,NA,NA,NA,NA,NA,NA
2021-09-15,NA,NA,NA,NA,NA,NA,NA,NA
2021-09-16,NA,NA,NA,NA,NA,NA,NA,NA
2021-09-17,NA,NA,NA,NA,NA,NA,NA,NA
2021-09-18,NA,NA,NA,NA,NA,NA,NA,NA
2021-09-19,NA,NA,NA,NA,NA,NA,NA,NA
2021-09-20,NA,NA,NA,NA,NA,NA,NA,NA
2021-09-21,NA,NA,NA,NA,NA,NA,NA,NA
2021-09-22,NA,NA,NA,NA,NA,NA,NA,NA
2021-09-23,NA,NA,NA,NA,NA,NA,NA,NA
2021-09-24,NA,NA,NA,NA,NA,NA,NA,NA
2021-09-25,NA,NA,NA,NA,NA,NA,NA,NA
2021-09-26,NA,NA,NA,NA,NA,NA,NA,NA
2021-09-27,NA,NA,NA,NA,NA,NA,NA,NA
2021-09-28,NA,NA,NA,NA,NA,NA,NA,NA
2021-09-29,NA,NA,NA,NA,NA,NA,NA,NA
2021-09-30,NA,NA,NA,NA,NA,NA,NA,NA
2021-10-01,NA,NA,NA,NA,NA,NA,NA,NA
2021-10-02,NA,NA,NA,NA,NA,NA,NA,NA
2021-10-03,NA,NA,NA,NA,NA,NA,NA,NA
2021-10-04,NA,NA,NA,NA,NA,NA,NA,NA
2021-10-05,NA,NA,NA,NA,NA,NA,NA,NA
2021-10-06,NA,NA,NA,NA,NA,NA,NA,NA
2021-10-07,NA,NA,NA,NA,NA,NA,NA,NA
2021-10-08,NA,NA,NA,NA,NA,NA,NA,NA
2021-10-09,NA,NA,NA,NA,NA,NA,NA,NA
2021-10-10,NA,NA,NA,NA,NA,NA,NA,NA
2021-10-11,NA,NA,NA,NA,NA,NA,NA,NA
2021-10-12,NA,NA,NA,NA,NA,NA,NA,NA
2021-10-13,NA,NA,NA,NA,NA,NA,NA,NA
2021-10-14,NA,NA,NA,NA,NA,NA,NA,NA
2021-10-15,NA,NA,NA,NA,NA,NA,NA,NA
2021-10-16,NA,NA,NA,NA,NA,NA,NA,NA
2021-10-17,NA,NA,NA,NA,NA,NA,NA,NA
2021-10-18,NA,NA,NA,NA,NA,NA,NA,NA
2021-10-19,NA,NA,NA,NA,NA,NA,NA,NA
2021-10-20,NA,NA,NA,NA,NA,NA,NA,NA
2021-10-21,NA,NA,NA,NA,NA,NA,NA,NA
2021-10-22,NA,NA,NA,NA,NA,NA,NA,NA
2021-10-23,NA,NA,NA,NA,NA,NA,NA,NA
2021-10-24,NA,NA,NA,NA,NA,NA,NA,NA
2021-10-25,NA,NA,NA,NA,NA,NA,NA,NA
2021-10-26,NA,NA,NA,NA,NA,NA,NA,NA
2021-10-27,NA,NA,NA,NA,NA,NA,NA,NA
2021-10-28,NA,NA,NA,NA,NA,NA,NA,NA
2021-10-29,NA,NA,NA,NA,NA,NA,NA,NA
2021-10-30,NA,NA,NA,NA,NA,NA,NA,NA
2021-10-31,NA,NA,NA,NA,NA,NA,NA,NA
2021-11-01,NA,NA,NA,NA,NA,NA,NA,NA
2021-11-02,NA,NA,NA,NA,NA,NA,NA,NA
2021-11-03,NA,NA,NA,NA,NA,NA,NA,NA
2021-11-04,NA,NA,NA,NA,NA,NA,NA,NA
2021-11-05,NA,NA,NA,NA,NA,NA,NA,NA
2021-11-06,NA,NA,NA,NA,NA,NA,NA,NA
2021-11-07,NA,NA,NA,NA,NA,NA,NA,NA
2021-11-08,NA,NA,NA,NA,NA,NA,NA,NA
2021-11-09,NA,NA,NA,NA,NA,NA,NA,NA
2021-11-10,NA,NA,NA,NA,NA,NA,NA,NA
2021-11-11,NA,NA,NA,NA,NA,NA,NA,NA
2021-11-12,NA,NA,NA,NA,NA,NA,NA,NA
2021-11-13,NA,NA,NA,NA,NA,NA,NA,NA
2021-11-14,NA,NA,NA,NA,NA,NA,NA,NA
2021-11-15,NA,NA,NA,NA,NA,NA,NA,NA
2021-11-16,NA,NA,NA,NA,NA,NA,NA,NA
2021-11-17,NA,NA,NA,NA,NA,NA,NA,NA
2021-11-18,NA,NA,NA,NA,NA,NA,NA,NA
2021-11-19,NA,NA,NA,NA,NA,NA,NA,NA
2021-11-20,NA,NA,NA,NA,NA,NA,NA,NA
2021-11-21,NA,NA,NA,NA,NA,NA,NA,NA
2021-11-22,NA,NA,NA,NA,NA,NA,NA,NA
2021-11-23,NA,NA,NA,NA,NA,NA,NA,NA
2021-11-24,NA,NA,NA,NA,NA,NA,NA,NA
2021-11-25,NA,NA,NA,NA,NA,NA,NA,NA
2021-11-26,NA,NA,NA,NA,NA,NA,NA,NA
2021-11-27,NA,NA,NA,NA,NA,NA,NA,NA
2021-11-28,NA,NA,NA,NA,NA,NA,NA,NA
2021-11-29,NA,NA,NA,NA,NA,NA,NA,NA
2021-11-30,NA,NA,NA,NA,NA,NA,NA,NA
2021-12-01,NA,NA,NA,NA,NA,NA,NA,NA
2021-12-02,NA,NA,NA,NA,NA,NA,NA,NA
2021-12-03,NA,NA,NA,NA,NA,NA,NA,NA
2021-12-04,NA,NA,NA,NA,NA,NA,NA,NA
2021-12-05,NA,NA,NA,NA,NA,NA,NA,NA
2021-12-06,NA,NA,NA,NA,NA,NA,NA,NA
2021-12-07,NA,NA,NA,NA,NA,NA,NA,NA
2021-12-08,NA,NA,NA,NA,NA,NA,NA,NA
2021-12-09,NA,NA,NA,NA,NA,NA,NA,NA
2021-12-10,NA,NA,NA,NA,NA,NA,NA,NA
2021-12-11,NA,NA,NA,NA,NA,NA,NA,NA
2021-12-12,NA,NA,NA,NA,NA,NA,NA,NA
2021-12-13,NA,NA,NA,NA,NA,NA,NA,NA
2021-12-14,NA,NA,NA,NA,NA,NA,NA,NA
2021-12-15,NA,NA,NA,NA,NA,NA,NA,NA
2021-12-16,NA,NA,NA,NA,NA,NA,NA,NA
2021-12-17,NA,NA,NA,NA,NA,NA,NA,NA
2021-12-18,NA,NA,NA,NA,NA,NA,NA,NA
2021-12-19,NA,NA,NA,NA,NA,NA,NA,NA
2021-12-20,NA,NA,NA,NA,NA,NA,NA,NA
2021-12-21,NA,NA,NA,NA,NA,NA,NA,NA
2021-12-22,NA,NA,NA,NA,NA,NA,NA,NA
2021-12-23,NA,NA,NA,NA,NA,NA,NA,NA
2021-12-24,NA,NA,NA,NA,NA,NA,NA,NA
2021-12-25,NA,NA,NA,NA,NA,NA,NA,NA
2021-12-26,NA,NA,NA,NA,NA,NA,NA,NA
2021-12-27,NA,NA,NA,NA,NA,NA,NA,NA
2021-12-28,NA,NA,NA,NA,NA,NA,NA,NA
2021-12-29,NA,NA,NA,NA,NA,NA,NA,NA
2021-12-30,NA,NA,NA,NA,NA,NA,NA,NA
2021-12-31,NA,NA,NA,NA,NA,NA,NA,NA
2022-01-01,NA,NA,NA,NA,NA,NA,NA,NA
2022-01-02,NA,NA,NA,NA,NA,NA,NA,NA
2022-01-03,NA,NA,NA,NA,NA,NA,NA,NA
2022-01-04,NA,NA,NA,NA,NA,NA,NA,NA
2022-01-05,NA,NA,NA,NA,NA,NA,NA,NA
2022-01-06,NA,NA,NA,NA,NA,NA,NA,NA
2022-01-07,NA,NA,NA,NA,NA,NA,NA,NA
2022-01-08,NA,NA,NA,NA,NA,NA,NA,NA
2022-01-09,NA,NA,NA,NA,NA,NA,NA,NA
2022-01-10,NA,NA,NA,NA,NA,NA,NA,NA
2022-01-11,NA,NA,NA,NA,NA,NA,NA,NA
2022-01-12,NA,NA,NA,NA,NA,NA,NA,NA
2022-01-13,NA,NA,NA,NA,NA,NA,NA,NA
2022-01-14,NA,NA,NA,NA,NA,NA,NA,NA
2022-01-15,NA,NA,NA,NA,NA,NA,NA,NA
2022-01-16,NA,NA,NA,NA,NA,NA,NA,NA
2022-01-17,NA,NA,NA,NA,NA,NA,NA,NA
2022-01-18,NA,NA,NA,NA,NA,NA,NA,NA
2022-01-19,NA,NA,NA,NA,NA,NA,NA,NA
2022-01-20,NA,NA,NA,NA,NA,NA,NA,NA
2022-01-21,NA,NA,NA,NA,NA,NA,NA,NA
2022-01-22,NA,NA,NA,NA,NA,NA,NA,NA
2022-01-23,NA,NA,NA,NA,NA,NA,NA,NA
2022-01-24,NA,NA,NA,NA,NA,NA,NA,NA
2022-01-25,NA,NA,NA,NA,NA,NA,NA,NA
2022-01-26,NA,NA,NA,NA,NA,NA,NA,NA
2022-01-27,NA,NA,NA,NA,NA,NA,NA,NA
2022-01-28,NA,NA,NA,NA,NA,NA,NA,NA
2022-01-29,NA,NA,NA,NA,NA,NA,NA,NA
2022-01-30,NA,NA,NA,NA,NA,NA,NA,NA
2022-01-31,NA,NA,NA,NA,NA,NA,NA,NA
2022-02-01,NA,NA,NA,NA,NA,NA,NA,NA
2022-02-02,NA,NA,NA,NA,NA,NA,NA,NA
2022-02-03,NA,NA,NA,NA,NA,NA,NA,NA
2022-02-04,NA,NA,NA,NA,NA,NA,NA,NA
2022-02-05,NA,NA,NA,NA,NA,NA,NA,NA
2022-02-06,NA,NA,NA,NA,NA,NA,NA,NA
2022-02-07,NA,NA,NA,NA,NA,NA,NA,NA
2022-02-08,NA,NA,NA,NA,NA,NA,NA,NA
2022-02-09,NA,NA,NA,NA,NA,NA,NA,NA
2022-02-10,NA,NA,NA,NA,NA,NA,NA,NA
2022-02-11,NA,NA,NA,NA,NA,NA,NA,NA
2022-02-12,NA,NA,NA,NA,NA,NA,NA,NA
2022-02-13,NA,NA,NA,NA,NA,NA,NA,NA
2022-02-14,NA,NA,NA,NA,NA,NA,NA,NA
2022-02-15,NA,NA,NA,NA,NA,NA,NA,NA
2022-02-16,NA,NA,NA,NA,NA,NA,NA,NA
2022-02-17,NA,NA,NA,NA,NA,NA,NA,NA
2022-02-18,NA,NA,NA,NA,NA,NA,NA,NA
2022-02-19,NA,NA,NA,NA,NA,NA,NA,NA
2022-02-20,NA,NA,NA,NA,NA,NA,NA,NA
2022-02-21,NA,NA,NA,NA,NA,NA,NA,NA
2022-02-22,NA,NA,NA,NA,NA,NA,NA,NA
2022-02-23,NA,NA,NA,NA,NA,NA,NA,NA
2022-02-24,NA,NA,NA,NA,NA,NA,NA,NA
2022-02-25,NA,NA,NA,NA,NA,NA,NA,NA
2022-02-26,NA,NA,NA,NA,NA,NA,NA,NA
2022-02-27,NA,NA,NA,NA,NA,NA,NA,NA
2022-02-28,NA,NA,NA,NA,NA,NA,NA,NA
2022-03-01,NA,NA,NA,NA,NA,NA,NA,NA
2022-03-02,NA,NA,NA,NA,NA,NA,NA,NA
2022-03-03,NA,NA,NA,NA,NA,NA,NA,NA
2022-03-04,NA,NA,NA,NA,NA,NA,NA,NA
2022-03-05,NA,NA,NA,NA,NA,NA,NA,NA
2022-03-06,NA,NA,NA,NA,NA,NA,NA,NA
2022-03-07,NA,NA,NA,NA,NA,NA,NA,NA
2022-03-08,NA,NA,NA,NA,NA,NA,NA,NA
2022-03-09,NA,NA,NA,NA,NA,NA,NA,NA
2022-03-10,NA,NA,NA,NA,NA,NA,NA,NA
2022-03-11,NA,NA,NA,NA,NA,NA,NA,NA
2022-03-12,NA,NA,NA,NA,NA,NA,NA,NA
2022-03-13,NA,NA,NA,NA,NA,NA,NA,NA
2022-03-14,NA,NA,NA,NA,NA,NA,NA,NA
2022-03-15,NA,NA,NA,NA,NA,NA,NA,NA
2022-03-16,NA,NA,NA,NA,NA,NA,NA,NA
2022-03-17,NA,NA,NA,NA,NA,NA,NA,NA
2022-03-18,NA,NA,NA,NA,NA,NA,NA,NA
2022-03-19,NA,NA,NA,NA,NA,NA,NA,NA
2022-03-20,NA,NA,NA,NA,NA,NA,NA,NA
2022-03-21,NA,NA,NA,NA,NA,NA,NA,NA
2022-03-22,NA,NA,NA,NA,NA,NA,NA,NA
2022-03-23,NA,NA,NA,NA,NA,NA,NA,NA
2022-03-24,NA,NA,NA,NA,NA,NA,NA,NA
2022-03-25,NA,NA,NA,NA,NA,NA,NA,NA
2022-03-26,NA,NA,NA,NA,NA,NA,NA,NA
2022-03-27,NA,NA,NA,NA,NA,NA,NA,NA
2022-03-28,NA,NA,NA,NA,NA,NA,NA,NA
2022-03-29,NA,NA,NA,NA,NA,NA,NA,NA
2022-03-30,NA,NA,NA,NA,NA,NA,NA,NA
2022-03-31,NA,NA,NA,NA,NA,NA,NA,NA
2022-04-01,NA,NA,NA,NA,NA,NA,NA,NA
2022-04-02,NA,NA,NA,NA,NA,NA,NA,NA
2022-04-03,NA,NA,NA,NA,NA,NA,NA,NA
2022-04-04,NA,NA,NA,NA,NA,NA,NA,NA
2022-04-05,NA,NA,NA,NA,NA,NA,NA,NA
2022-04-06,NA,NA,NA,NA,NA,NA,NA,NA
2022-04-07,NA,NA,NA,NA,NA,NA,NA,NA
2022-04-08,NA,NA,NA,NA,NA,NA,NA,NA
2022-04-09,NA,NA,NA,NA,NA,NA,NA,NA
2022-04-10,NA,NA,NA,NA,NA,NA,NA,NA
2022-04-11,NA,NA,NA,NA,NA,NA,NA,NA
2022-04-12,NA,NA,NA,NA,NA,NA,NA,NA
2022-04-13,NA,NA,NA,NA,NA,NA,NA,NA
2022-04-14,NA,NA,NA,NA,NA,NA,NA,NA
2022-04-15,NA,NA,NA,NA,NA,NA,NA,NA
2022-04-16,NA,NA,NA,NA,NA,NA,NA,NA
2022-04-17,NA,NA,NA,NA,NA,NA,NA,NA
2022-04-18,NA,NA,NA,NA,NA,NA,NA,NA
2022-04-19,NA,NA,NA,NA,NA,NA,NA,NA
2022-04-20,NA,NA,NA,NA,NA,NA,NA,NA
2022-04-21,NA,NA,NA,NA,NA,NA,NA,NA
2022-04-22,NA,NA,NA,NA,NA,NA,NA,NA
2022-04-23,NA,NA,NA,NA,NA,NA,NA,NA
2022-04-24,NA,NA,NA,NA,NA,NA,NA,NA
2022-04-25,NA,NA,NA,NA,NA,NA,NA,NA
2022-04-26,NA,NA,NA,NA,NA,NA,NA,NA
2022-04-27,NA,NA,NA,NA,NA,NA,NA,NA
2022-04-28,NA,NA,NA,NA,NA,NA,NA,NA
2022-04-29,NA,NA,NA,NA,NA,NA,NA,NA
2022-04-30,NA,NA,NA,NA,NA,NA,NA,NA
2022-05-01,NA,NA,NA,NA,NA,NA,NA,NA
2022-05-02,NA,NA,NA,NA,NA,NA,NA,NA
2022-05-03,NA,NA,NA,NA,NA,NA,NA,NA
2022-05-04,NA,NA,NA,NA,NA,NA,NA,NA
2022-05-05,NA,NA,NA,NA,NA,NA,NA,NA
2022-05-06,NA,NA,NA,NA,NA,NA,NA,NA
2022-05-07,NA,NA,NA,NA,NA,NA,NA,NA
2022-05-08,NA,NA,NA,NA,NA,NA,NA,NA
2022-05-09,NA,NA,NA,NA,NA,NA,NA,NA
2022-05-10,NA,NA,NA,NA,NA,NA,NA,NA
2022-05-11,NA,NA,NA,NA,NA,NA,NA,NA
2022-05-12,NA,NA,NA,NA,NA,NA,NA,NA
2022-05-13,NA,NA,NA,NA,NA,NA,NA,NA
2022-05-14,NA,NA,NA,NA,NA,NA,NA,NA
2022-05-15,NA,NA,NA,NA,NA,NA,NA,NA
2022-05-16,NA,NA,NA,NA,NA,NA,NA,NA
2022-05-17,NA,NA,NA,NA,NA,NA,NA,NA
2022-05-18,NA,NA,NA,NA,NA,NA,NA,NA
2022-05-19,NA,NA,NA,NA,NA,NA,NA,NA
2022-05-20,NA,NA,NA,NA,NA,NA,NA,NA
2022-05-21,NA,NA,NA,NA,NA,NA,NA,NA
2022-05-22,NA,NA,NA,NA,NA,NA,NA,NA
2022-05-23,NA,NA,NA,NA,NA,NA,NA,NA
2022-05-24,NA,NA,NA,NA,NA,NA,NA,NA
2022-05-25,NA,NA,NA,NA,NA,NA,NA,NA
2022-05-26,NA,NA,NA,NA,NA,NA,NA,NA
2022-05-27,NA,NA,NA,NA,NA,NA,NA,NA
2022-05-28,NA,NA,NA,NA,NA,NA,NA,NA
2022-05-29,NA,NA,NA,NA,NA,NA,NA,NA
2022-05-30,NA,NA,NA,NA,NA,NA,NA,NA
2022-05-31,NA,NA,NA,NA,NA,NA,NA,NA
2022-06-01,NA,NA,NA,NA,NA,NA,NA,NA
2022-06-02,NA,NA,NA,NA,NA,NA,NA,NA
2022-06-03,NA,NA,NA,NA,NA,NA,NA,NA
2022-06-04,NA,NA,NA,NA,NA,NA,NA,NA
2022-06-05,NA,NA,NA,NA,NA,NA,NA,NA
2022-06-06,NA,NA,NA,NA,NA,NA,NA,NA
2022-06-07,NA,NA,NA,NA,NA,NA,NA,NA
2022-06-08,NA,NA,NA,NA,NA,NA,NA,NA
2022-06-09,NA,NA,NA,NA,NA,NA,NA,NA
2022-06-10,NA,NA,NA,NA,NA,NA,NA,NA
2022-06-11,NA,NA,NA,NA,NA,NA,NA,NA
2022-06-12,NA,NA,NA,NA,NA,NA,NA,NA
2022-06-13,NA,NA,NA,NA,NA,NA,NA,NA
2022-06-14,NA,NA,NA,NA,NA,NA,NA,NA
2022-06-15,NA,NA,NA,NA,NA,NA,NA,NA
2022-06-16,NA,NA,NA,NA,NA,NA,NA,NA
2022-06-17,NA,NA,NA,NA,NA,NA,NA,NA
2022-06-18,NA,NA,NA,NA,NA,NA,NA,NA
2022-06-19,NA,NA,NA,NA,NA,NA,NA,NA
2022-06-20,NA,NA,NA,NA,NA,NA,NA,NA
2022-06-21,NA,NA,NA,NA,NA,NA,NA,NA
2022-06-22,NA,NA,NA,NA,NA,NA,NA,NA
2022-06-23,NA,NA,NA,NA,NA,NA,NA,NA
2022-06-24,NA,NA,NA,NA,NA,NA,NA,NA
2022-06-25,NA,NA,NA,NA,NA,NA,NA,NA
2022-06-26,NA,NA,NA,NA,NA,NA,NA,NA
2022-06-27,NA,NA,NA,NA,NA,NA,NA,NA
2022-06-28,NA,NA,NA,NA,NA,NA,NA,NA
2022-06-29,NA,NA,NA,NA,NA,NA,NA,NA
2022-06-30,NA,NA,NA,NA,NA,NA,NA,NA
2022-07-01,NA,NA,NA,NA,NA,NA,NA,NA
2022-07-02,NA,NA,NA,NA,NA,NA,NA,NA
2022-07-03,NA,NA,NA,NA,NA,NA,NA,NA
2022-07-04,NA,NA,NA,NA,NA,NA,NA,NA
2022-07-05,NA,NA,NA,NA,NA,NA,NA,NA
2022-07-06,NA,NA,NA,NA,NA,NA,NA,NA
2022-07-07,NA,NA,NA,NA,NA,NA,NA,NA
2022-07-08,NA,NA,NA,NA,NA,NA,NA,NA
2022-07-09,NA,NA,NA,NA,NA,NA,NA,NA
2022-07-10,NA,NA,NA,NA,NA,NA,NA,NA
2022-07-11,NA,NA,NA,NA,NA,NA,NA,NA
