"values_r","values_R_consensus","values_R_hzi"
-1,6.01269198815937e-16,1.34345578434163e-27
-0.999,6.29873486782984e-16,1.44349941103223e-27
-0.998,6.59838122794194e-16,1.55099122220613e-27
-0.997,6.91227777782212e-16,1.66648559255497e-27
-0.996,7.24110195871329e-16,1.79057814879009e-27
-0.995,7.58556340349652e-16,1.92390883847078e-27
-0.994,7.94640546571287e-16,2.06716522706783e-27
-0.993,8.32440682117109e-16,2.22108604023114e-27
-0.992,8.72038314558703e-16,2.38646496949308e-27
-0.991,9.13518887186057e-16,2.56415476099282e-27
-0.99,9.56971903076861e-16,2.75507160826401e-27
-0.989,1.00249111790327e-15,2.96019987169076e-27
-0.988,1.05017474189033e-15,3.1805971489185e-27
-0.987,1.10012565136066e-15,3.41739972230948e-27
-0.986,1.15245161031961e-15,3.6718284114739e-27
-0.985,1.20726550255753e-15,3.94519486098833e-27
-0.984,1.26468557476801e-15,4.23890829565363e-27
-0.983,1.32483569120428e-15,4.55448277804615e-27
-0.982,1.38784560042146e-15,4.89354500570133e-27
-0.981,1.45385121467751e-15,5.25784268804099e-27
-0.98,1.52299490259355e-15,5.649253546139e-27
-0.979,1.59542579570217e-15,6.06979498161933e-27
-0.978,1.67130010954244e-15,6.52163446442407e-27
-0.977,1.75078147999159e-15,7.00710069288118e-27
-0.976,1.83404131555563e-15,7.52869558347429e-27
-0.975,1.92125916637606e-15,8.08910715198197e-27
-0.974,2.01262311074484e-15,8.69122335223349e-27
-0.973,2.10833015995834e-15,9.33814694365418e-27
-0.972,2.2085866823795e-15,1.00332114640568e-26
-0.971,2.31360884761871e-15,1.07799983898216e-26
-0.97,2.4236230917881e-15,1.15823555717028e-26
-0.969,2.5388666048272e-15,1.24444170410652e-26
-0.968,2.65958784094754e-15,1.3370624288385e-26
-0.967,2.78604705329108e-15,1.43657491234276e-26
-0.966,2.91851685395131e-15,1.54349182346311e-26
-0.965,3.05728280055866e-15,1.65836395739654e-26
-0.964,3.20264401068958e-15,1.78178307029079e-26
-0.963,3.35491380541857e-15,1.91438492452613e-26
-0.962,3.51442038339368e-15,2.05685256033547e-26
-0.961,3.68150752688326e-15,2.20991981058078e-26
-0.96,3.85653534130826e-15,2.37437507675171e-26
-0.959,4.03988102984759e-15,2.55106538559581e-26
-0.958,4.23193970477911e-15,2.74090074722945e-26
-0.957,4.43312523729608e-15,2.94485883712928e-26
-0.956,4.64387114762382e-15,3.16399002606573e-26
-0.955,4.86463153734467e-15,3.39942278382813e-26
-0.954,5.09588206593306e-15,3.65236948451155e-26
-0.953,5.33812097359396e-15,3.92413264319571e-26
-0.952,5.5918701525995e-15,4.21611161606431e-26
-0.951,5.85767626942179e-15,4.52980979839079e-26
-0.95,6.13611194006766e-15,4.86684235737531e-26
-0.949,6.42777696113702e-15,5.22894453956172e-26
-0.948,6.73329959924337e-15,5.61798059551667e-26
-0.947,7.05333794156301e-15,6.0359533676186e-26
-0.946,7.38858131040686e-15,6.48501459021329e-26
-0.945,7.73975174484851e-15,6.96747595504526e-26
-0.944,8.10760555258541e-15,7.485820998808e-26
-0.943,8.49293493535798e-15,8.04271787387141e-26
-0.942,8.89656969141296e-15,8.64103306778398e-26
-0.941,9.31937899865789e-15,9.28384614201127e-26
-0.94,9.76227328232925e-15,9.97446556561085e-26
-0.939,1.02262061711771e-14,1.07164457251565e-25
-0.938,1.07121765463566e-14,1.15136051982691e-25
-0.937,1.12212306874179e-14,1.23700463845889e-25
-0.936,1.17544645199917e-14,1.3290176594999e-25
-0.935,1.23130259699852e-14,1.42787307073829e-25
-0.934,1.28981174293326e-14,1.53407955052508e-25
-0.933,1.3510998338581e-14,1.64818358241889e-25
-0.932,1.41529878918445e-14,1.77077226403799e-25
-0.931,1.48254678699162e-14,1.90247632453888e-25
-0.93,1.55298856076121e-14,2.04397336621299e-25
-0.929,1.62677571016913e-14,2.19599134684125e-25
-0.928,1.70406702660181e-14,2.35931232068311e-25
-0.927,1.78502883409247e-14,2.53477645730136e-25
-0.926,1.86983534640825e-14,2.72328635885169e-25
-0.925,1.958669041052e-14,2.9258116979944e-25
-0.924,2.05172105097943e-14,3.14339420023257e-25
-0.923,2.14919157487033e-14,3.37715299624544e-25
-0.922,2.25129030683131e-14,3.62829037168538e-25
-0.921,2.35823688645027e-14,3.89809794394317e-25
-0.92,2.47026137016496e-14,4.18796329757819e-25
-0.919,2.58760472495488e-14,4.49937711245966e-25
-0.918,2.71051934541212e-14,4.83394082119441e-25
-0.917,2.8392695952975e-14,5.19337483512743e-25
-0.916,2.97413237474081e-14,5.57952738112037e-25
-0.915,3.11539771429756e-14,5.99438399444098e-25
-0.914,3.26336939713366e-14,6.44007771646279e-25
-0.913,3.41836561066756e-14,6.91890004948759e-25
-0.912,3.58071962906445e-14,7.43331272488187e-25
-0.911,3.75078052804082e-14,7.98596034489201e-25
-0.91,3.92891393350779e-14,8.57968396297632e-25
-0.909,4.11550280565441e-14,9.21753567230761e-25
-0.908,4.31094826014572e-14,9.90279427726213e-25
-0.907,4.51567042819199e-14,1.06389821282666e-24
-0.906,4.73010935732646e-14,1.14298832063312e-24
-0.905,4.95472595481662e-14,1.22795625500075e-24
-0.904,5.19000297572583e-14,1.31923871243814e-24
-0.903,5.43644605773475e-14,1.41730482391093e-24
-0.902,5.69458480493526e-14,1.52265856304336e-24
-0.901,5.96497392291022e-14,1.63584133306487e-24
-0.9,6.24819440752555e-14,1.75743474576375e-24
-0.899,6.54485478997188e-14,1.88806360669433e-24
-0.898,6.85559244071561e-14,2.02839912194013e-24
-0.897,7.18107493514451e-14,2.17916234287099e-24
-0.896,7.52200148382181e-14,2.34112786655059e-24
-0.895,7.87910443040497e-14,2.51512781076114e-24
-0.894,8.25315082042415e-14,2.70205608401763e-24
-0.893,8.64494404427179e-14,2.90287297245547e-24
-0.892,9.05532555790784e-14,3.11861006709845e-24
-0.891,9.48517668495381e-14,3.35037555675578e-24
-0.89,9.9354205040222e-14,3.59935991367134e-24
-0.889,1.04070238253061e-13,3.86684200105719e-24
-0.888,1.09009992606488e-13,4.15419563380578e-24
-0.887,1.14184073915067e-13,4.46289662599332e-24
-0.886,1.19603590394328e-13,4.79453036128179e-24
-0.885,1.25280176439219e-13,5.15079992500089e-24
-0.884,1.31226017526872e-13,5.53353483957021e-24
-0.883,1.37453876296835e-13,5.94470044800686e-24
-0.882,1.4397711986431e-13,6.38640799358466e-24
-0.881,1.50809748424703e-13,6.86092544727097e-24
-0.88,1.57966425210404e-13,7.37068913839801e-24
-0.879,1.65462507863676e-13,7.91831624813273e-24
-0.878,1.73314081292533e-13,8.50661822972919e-24
-0.877,1.81537992079593e-13,9.13861522428533e-24
-0.876,1.90151884517265e-13,9.81755154582564e-24
-0.875,1.99174238346e-13,1.05469123149975e-23
-0.874,2.08624408276063e-13,1.13304413265505e-23
-0.873,2.18522665376958e-13,1.21721602420784e-23
-0.872,2.28890240422691e-13,1.30763892062841e-23
-0.871,2.39749369285198e-13,1.40477689923095e-23
-0.87,2.51123340472546e-13,1.50912847894981e-23
-0.869,2.63036544913207e-13,1.62122917553536e-23
-0.868,2.7551452809231e-13,1.74165424624885e-23
-0.867,2.88584044650925e-13,1.87102163810437e-23
-0.866,3.02273115564551e-13,2.0099951547474e-23
-0.865,3.16611088022497e-13,2.15928785817744e-23
-0.864,3.31628698135635e-13,2.3196657227234e-23
-0.863,3.47358136605853e-13,2.49195155997e-23
-0.862,3.63833117497028e-13,2.67702923471937e-23
-0.861,3.81088950253733e-13,2.87584819355986e-23
-0.86,3.99162615120875e-13,3.08942832921251e-23
-0.859,4.18092842124727e-13,3.31886520554227e-23
-0.858,4.37920193783193e-13,3.56533566996501e-23
-0.857,4.58687151721288e-13,3.83010388196154e-23
-0.856,4.80438207375852e-13,4.11452778853722e-23
-0.855,5.03219956982446e-13,4.42006607975e-23
-0.854,5.27081201046198e-13,4.7482856598836e-23
-0.853,5.52073048508034e-13,5.10086967247799e-23
-0.852,5.78249025827719e-13,5.47962612025984e-23
-0.851,6.05665191215291e-13,5.88649712405584e-23
-0.85,6.34380254253794e-13,6.3235688680369e-23
-0.849,6.64455701167144e-13,6.7930822821484e-23
-0.848,6.95955925999434e-13,7.29744451634833e-23
-0.847,7.28948367984052e-13,7.83924126532047e-23
-0.846,7.63503655394328e-13,8.42125000667503e-23
-0.845,7.99695756181251e-13,9.04645422031578e-23
-0.844,8.37602135717761e-13,9.71805866166468e-23
-0.843,8.77303921984714e-13,1.04395057668184e-22
-0.842,9.18886078548773e-13,1.12144932734929e-22
-0.841,9.62437585699572e-13,1.20469931478212e-22
-0.84,1.0080516301302e-12,1.29412719137396e-22
-0.839,1.05582580356345e-12,1.39019124888596e-22
-0.838,1.10586231074536e-12,1.49338376384172e-22
-0.837,1.15826818724659e-12,1.60423351671511e-22
-0.836,1.21315552753424e-12,1.72330849778385e-22
-0.835,1.27064172379692e-12,1.85121881347446e-22
-0.834,1.33084971602972e-12,1.98861980804807e-22
-0.833,1.39390825390934e-12,2.13621541657566e-22
-0.832,1.45995217101373e-12,2.29476176633221e-22
-0.831,1.52912267196807e-12,2.46507104500713e-22
-0.83,1.60156763312479e-12,2.64801565549034e-22
-0.829,1.67744191741503e-12,2.84453267845596e-22
-0.828,1.75690770403822e-12,3.05562866553647e-22
-0.827,1.84013483368784e-12,3.28238478756741e-22
-0.826,1.9273011700448e-12,3.52596236419422e-22
-0.825,2.01859297830315e-12,3.78760880307954e-22
-0.824,2.11420532153e-12,4.06866397903826e-22
-0.823,2.21434247569795e-12,4.37056708567336e-22
-0.822,2.31921836426886e-12,4.69486399449419e-22
-0.821,2.42905701324805e-12,5.04321515909124e-22
-0.82,2.54409302767179e-12,5.41740410471681e-22
-0.819,2.66457209053611e-12,5.81934654661283e-22
-0.818,2.79075148522137e-12,6.25110018362841e-22
-0.817,2.92290064251876e-12,6.71487521711903e-22
-0.816,3.06130171341321e-12,7.2130456488131e-22
-0.815,3.20625016883556e-12,7.74816141530916e-22
-0.814,3.35805542765007e-12,8.32296142112782e-22
-0.813,3.5170415142052e-12,8.94038753683012e-22
-0.812,3.68354774683655e-12,9.60359963362784e-22
-0.811,3.85792945877672e-12,1.03159917312031e-21
-0.81,4.04055875299455e-12,1.10812093411218e-21
-0.809,4.23182529255802e-12,1.19031680943285e-21
-0.808,4.43213712818952e-12,1.27860737477464e-21
-0.807,4.64192156476085e-12,1.37344436720473e-21
-0.806,4.86162606855624e-12,1.47531299301904e-21
-0.805,5.0917192172196e-12,1.5847344064453e-21
-0.804,5.33269169438793e-12,1.70226837183659e-21
-0.803,5.58505733111276e-12,1.82851612293329e-21
-0.802,5.84935419626274e-12,1.96412343377376e-21
-0.801,6.12614573820985e-12,2.10978391691444e-21
-0.8,6.41602198020503e-12,2.26624256577588e-21
-0.799,6.71960077196418e-12,2.43429955917748e-21
-0.798,7.03752910010223e-12,2.61481434745638e-21
-0.797,7.37048446017781e-12,2.80871004100343e-21
-0.796,7.71917629323826e-12,3.01697812358633e-21
-0.795,8.08434748989358e-12,3.24068351448727e-21
-0.794,8.46677596508504e-12,3.48097000525594e-21
-0.793,8.86727630686751e-12,3.73906609878914e-21
-0.792,9.28670150267402e-12,4.01629128049433e-21
-0.791,9.72594474670145e-12,4.31406275349721e-21
-0.79,1.01859413322158e-11,4.63390267221324e-21
-0.789,1.06676706327652e-11,4.97744591114276e-21
-0.788,1.11721581764643e-11,5.34644840847223e-21
-0.787,1.17004778177176e-11,5.74279612699108e-21
-0.786,1.22537540109472e-11,6.16851467797531e-21
-0.785,1.28331641911058e-11,6.6257796570636e-21
-0.784,1.34399412659837e-11,7.11692774477507e-21
-0.783,1.40753762255434e-11,7.64446862820904e-21
-0.782,1.47408208737708e-11,8.21109780464619e-21
-0.781,1.54376906887798e-11,8.81971033225724e-21
-0.78,1.61674678171801e-11,9.47341559794502e-21
-0.779,1.69317042090001e-11,1.01755531775195e-20
-0.778,1.77320248997418e-11,1.0929709868963e-20
-0.777,1.8570131446468e-11,1.17397379855108e-20
-0.776,1.94478055251242e-11,1.26097750016781e-20
-0.775,2.03669126966556e-11,1.35442646522484e-20
-0.774,2.13294063498127e-11,1.45479795916268e-20
-0.773,2.23373318289218e-11,1.56260457288956e-20
-0.772,2.3392830755279e-11,1.67839683624325e-20
-0.771,2.44981455512244e-11,1.80276602471022e-20
-0.77,2.56556241763896e-11,1.93634717368548e-20
-0.769,2.68677250860362e-11,2.07982231561213e-20
-0.768,2.81370224218874e-11,2.23392395647216e-20
-0.767,2.94662114463189e-11,2.39943880931702e-20
-0.766,3.08581142312976e-11,2.57721180383302e-20
-0.765,3.23156856139842e-11,2.76815039233928e-20
-0.764,3.38420194314636e-11,2.97322917412295e-20
-0.763,3.54403550476621e-11,3.19349486163364e-20
-0.762,3.71140841861048e-11,3.43007161379653e-20
-0.761,3.88667580828185e-11,3.68416676356871e-20
-0.76,4.07020949743364e-11,3.95707696886654e-20
-0.759,4.26239879364689e-11,4.25019481814267e-20
-0.758,4.46365130902366e-11,4.56501592420045e-20
-0.757,4.67439381921094e-11,4.90314654231453e-20
-0.756,4.89507316265202e-11,5.26631175138831e-20
-0.755,5.12615718194314e-11,5.65636423973939e-20
-0.754,5.36813570926268e-11,6.0752937401741e-20
-0.753,5.6215215979313e-11,6.52523716230972e-20
-0.752,5.88685180225608e-11,7.00848947364311e-20
-0.751,6.16468850791458e-11,7.52751538466621e-20
-0.75,6.45562031523607e-11,8.08496189741078e-20
-0.749,6.76026347785113e-11,8.68367178118817e-20
-0.748,7.07926319929195e-11,9.32669804399613e-20
-0.747,7.41329499024798e-11,1.00173194731187e-19
-0.746,7.76306608930803e-11,1.07590573238714e-19
-0.745,8.12931695014839e-11,1.15556932412713e-19
-0.744,8.5128227982687e-11,1.24112885056666e-19
-0.743,8.91439526051696e-11,1.33302047000808e-19
-0.742,9.33488407079975e-11,1.43171259042374e-19
-0.741,9.77517885552872e-11,1.53770825279773e-19
-0.74,1.02362110025203e-10,1.65154769050994e-19
-0.739,1.07189556172406e-10,1.77381107775805e-19
-0.738,1.12244335704629e-10,1.9051214809725e-19
-0.737,1.17537136416009e-10,2.04614802820821e-19
-0.736,1.23079147621733e-10,2.19760931260317e-19
-0.735,1.28882083640638e-10,2.36027704718019e-19
-0.734,1.34958208374613e-10,2.53497998954286e-19
-0.733,1.41320361035835e-10,2.72260815638526e-19
-0.732,1.47981983075325e-10,2.92411734920396e-19
-0.731,1.54957146368729e-10,3.14053401417868e-19
-0.73,1.62260582717874e-10,3.37296046088154e-19
-0.729,1.69907714729321e-10,3.6225804662939e-19
-0.728,1.77914688133984e-10,3.89066529256215e-19
-0.727,1.86298405614919e-10,4.17858014902077e-19
-0.726,1.95076562213374e-10,4.4877911312621e-19
-0.725,2.04267682386586e-10,4.81987267244907e-19
-0.724,2.13891158794065e-10,5.17651554466283e-19
-0.723,2.23967292892833e-10,5.55953545086326e-19
-0.722,2.34517337425639e-10,5.97088225103212e-19
-0.721,2.45563540890172e-10,6.41264986928103e-19
-0.72,2.57129194081394e-10,6.88708693215496e-19
-0.719,2.69238678803233e-10,7.39660819206509e-19
-0.718,2.8191751885055e-10,7.94380679376052e-19
-0.717,2.95192433366715e-10,8.53146744601686e-19
-0.716,3.09091392687271e-10,9.16258056530258e-19
-0.715,3.23643676785017e-10,9.84035746310528e-19
-0.714,3.38879936437363e-10,1.0568246653882e-18
-0.713,3.54832257242362e-10,1.13499513662709e-18
-0.712,3.71534226615539e-10,1.21894483462904e-18
-0.711,3.89021003905995e-10,1.30910080477914e-18
-0.71,4.0732939377637e-10,1.40592163124477e-18
-0.709,4.26497922998206e-10,1.50989976491038e-18
-0.708,4.46566920821059e-10,1.62156402303987e-18
-0.707,4.67578603081109e-10,1.74148227332593e-18
-0.706,4.89577160222708e-10,1.87026431591989e-18
-0.705,5.12608849414114e-10,2.00856497803558e-18
-0.704,5.36722090947456e-10,2.15708743679713e-18
-0.703,5.61967569121132e-10,2.31658678715351e-18
-0.702,5.88398337812628e-10,2.48787387292339e-18
-0.701,6.16069930958815e-10,2.67181940036255e-18
-0.7,6.45040478171221e-10,2.86935835507638e-18
-0.699,6.75370825723871e-10,3.0814947446313e-18
-0.698,7.071246631626e-10,3.3093066908678e-18
-0.697,7.40368655795968e-10,3.55395189768219e-18
-0.696,7.75172583340023e-10,3.81667352194556e-18
-0.695,8.1160948500164e-10,4.09880647726114e-18
-0.694,8.49755811298403e-10,4.40178420245308e-18
-0.693,8.89691582926333e-10,4.72714592902307e-18
-0.692,9.31500557001944e-10,5.07654448433634e-18
-0.691,9.75270401018901e-10,5.45175467000056e-18
-0.69,1.02109287487649e-09,5.85468225781064e-18
-0.689,1.06906402135258e-09,6.28737364874716e-18
-0.688,1.11928436541152e-09,6.75202624386917e-18
-0.687,1.17185912275497e-09,7.25099957953163e-18
-0.686,1.22689841804265e-09,7.78682728322277e-18
-0.685,1.28451751322959e-09,8.36222991045308e-18
-0.684,1.34483704648693e-09,8.98012872758209e-18
-0.683,1.40798328219478e-09,9.64366051023662e-18
-0.682,1.47408837251818e-09,1.03561934321075e-17
-0.681,1.54329063110052e-09,1.11213441244061e-17
-0.68,1.61573481943361e-09,1.19429959921787e-17
-0.679,1.69157244648857e-09,1.28253188800074e-17
-0.678,1.77096208221982e-09,1.37727901864459e-17
-0.677,1.8540696855807e-09,1.47902175338346e-17
-0.676,1.9410689477206e-09,1.58827631079968e-17
-0.675,2.03214165106217e-09,1.70559697907269e-17
-0.674,2.12747804499108e-09,1.83157892170385e-17
-0.673,2.22727723892277e-09,1.96686118988263e-17
-0.672,2.33174761354687e-09,2.11212995670369e-17
-0.671,2.44110725108573e-09,2.26812198956042e-17
-0.67,2.55558438544274e-09,2.43562837824358e-17
-0.669,2.67541787315488e-09,2.61549853756018e-17
-0.668,2.8008576861077e-09,2.80864450467355e-17
-0.667,2.93216542701242e-09,3.01604555284852e-17
-0.666,3.06961486869299e-09,3.23875314488226e-17
-0.665,3.21349251827675e-09,3.47789625121034e-17
-0.664,3.36409820743405e-09,3.7346870595173e-17
-0.663,3.52174570986288e-09,4.01042710465035e-17
-0.662,3.68676338727132e-09,4.3065138497548e-17
-0.661,3.85949486516503e-09,4.62444775181884e-17
-0.66,4.04029973980992e-09,4.96583984725843e-17
-0.659,4.22955431779958e-09,5.33241989578728e-17
-0.658,4.42765238972505e-09,5.72604512363208e-17
-0.657,4.63500603950999e-09,6.14870961016556e-17
-0.656,4.85204649104924e-09,6.60255436527347e-17
-0.655,5.07922499385884e-09,7.08987814824262e-17
-0.654,5.31701374952814e-09,7.61314908269482e-17
-0.653,5.56590688084253e-09,8.17501712608951e-17
-0.652,5.82642144553298e-09,8.77832745662679e-17
-0.651,6.09909849669507e-09,9.42613484498675e-17
-0.65,6.3845041920171e-09,1.01217190833061e-16
-0.649,6.68323095404893e-09,1.08686015490998e-16
-0.648,6.99589868385009e-09,1.16705629875527e-16
-0.647,7.32315603045796e-09,1.25316626017238e-16
-0.646,7.66568171873048e-09,1.34562585467889e-16
-0.645,8.02418593823169e-09,1.44490299315007e-16
-0.644,8.399411795952e-09,1.5515000437625e-16
-0.643,8.7921368357798e-09,1.66595636762407e-16
-0.642,9.2031746277747e-09,1.78885104085231e-16
-0.641,9.63337643043032e-09,1.92080577679958e-16
-0.64,1.00836329292603e-08,2.06248806312934e-16
-0.639,1.05548760551907e-08,2.21461452952732e-16
-0.638,1.10480808864011e-08,2.37795456298933e-16
-0.637,1.15642676374227e-08,2.55333418887155e-16
-0.636,1.21045037394708e-08,2.74164023722331e-16
-0.635,1.26699060161732e-08,2.94382481535504e-16
-0.634,1.32616429590416e-08,3.16091010913156e-16
-0.633,1.38809371072319e-08,3.39399353713111e-16
-0.632,1.45290675363418e-08,3.64425328358154e-16
-0.631,1.52073724612139e-08,3.91295423788653e-16
-0.63,1.59172519579306e-08,4.20145437059456e-16
-0.629,1.66601708104272e-08,4.51121157785343e-16
-0.628,1.74376614873919e-08,4.84379102874379e-16
-0.627,1.82513272553768e-08,5.20087305240736e-16
-0.626,1.91028454343127e-08,5.58426160459306e-16
-0.625,1.99939708018996e-08,5.99589335615033e-16
-0.624,2.09265391536371e-08,6.43784744911742e-16
-0.623,2.19024710255605e-08,6.91235596939969e-16
-0.622,2.29237755870732e-08,7.42181518862531e-16
-0.621,2.3992554711591e-08,7.96879763162144e-16
-0.62,2.51110072330684e-08,8.55606503009161e-16
-0.619,2.62814333968344e-08,9.18658222751627e-16
-0.618,2.75062395135489e-08,9.86353210506431e-16
-0.617,2.87879428254831e-08,1.05903316034191e-15
-0.616,3.01291765947444e-08,1.13706489209117e-15
-0.615,3.15326954234938e-08,1.22084219742453e-15
-0.614,3.30013808166628e-08,1.31078782144202e-15
-0.613,3.45382469981363e-08,1.40735558972507e-15
-0.612,3.61464469918733e-08,1.51103269151504e-15
-0.611,3.78292789799421e-08,1.62234213046788e-15
-0.61,3.95901929499864e-08,1.74184535527265e-15
-0.609,4.14327976452001e-08,1.87014508332209e-15
-0.608,4.33608678304727e-08,2.00788833158923e-15
-0.607,4.53783518889818e-08,2.15576966990078e-15
-0.606,4.74893797641399e-08,2.31453471291075e-15
-0.605,4.96982712624813e-08,2.4849838682713e-15
-0.604,5.20095447337586e-08,2.66797635977947e-15
-0.603,5.44279261452545e-08,2.8644345456533e-15
-0.602,5.69583585680683e-08,3.07534855356624e-15
-0.601,5.96060120939331e-08,3.30178125565257e-15
-0.6,6.23762942019385e-08,3.54487360839545e-15
-0.599,6.52748605954132e-08,3.80585038413305e-15
-0.598,6.8307626530104e-08,4.08602632287484e-15
-0.597,7.14807786557462e-08,4.38681273522025e-15
-0.596,7.48007873940933e-08,4.70972458942513e-15
-0.595,7.82744198775045e-08,5.05638811807976e-15
-0.594,8.19087534732551e-08,5.42854898245711e-15
-0.593,8.57111899198594e-08,5.8280810353743e-15
-0.592,8.96894701028579e-08,6.2569957263988e-15
-0.591,9.385168949874e-08,6.7174521964366e-15
-0.59,9.82063143169457e-08,7.21176811218112e-15
-0.589,1.02762198371216e-07,7.74243129459293e-15
-0.588,1.07528600712949e-07,8.3121121995425e-15
-0.587,1.1251520406066e-07,8.92367731299955e-15
-0.586,1.17732134061153e-07,9.58020352771378e-15
-0.585,1.23189979419603e-07,1.02849935732272e-14
-0.584,1.28899812937355e-07,1.104159257631e-14
-0.583,1.34873213497995e-07,1.18538058345487e-14
-0.582,1.41122289044026e-07,1.27257178918616e-14
-0.581,1.47659700588339e-07,1.36617130112057e-14
-0.58,1.54498687306629e-07,1.46664971467031e-14
-0.579,1.61653092758956e-07,1.57451215248844e-14
-0.578,1.69137392290696e-07,1.69030079527615e-14
-0.577,1.76966721665476e-07,1.81459759790486e-14
-0.576,1.85156906984836e-07,1.94802720440704e-14
-0.575,1.93724495951907e-07,2.09126007638098e-14
-0.574,2.02686790538812e-07,2.24501585041585e-14
-0.573,2.12061881120171e-07,2.41006694128512e-14
-0.572,2.21868682137806e-07,2.58724240887729e-14
-0.571,2.32126969364592e-07,2.77743210814808e-14
-0.57,2.42857418838369e-07,2.98159114278301e-14
-0.569,2.54081647539982e-07,3.20074464477355e-14
-0.568,2.65822255892642e-07,3.43599290372759e-14
-0.567,2.78102872163326e-07,3.68851687147711e-14
-0.566,2.909481988503e-07,3.95958406940919e-14
-0.565,3.04384061144668e-07,4.25055492795081e-14
-0.564,3.18437457557494e-07,4.56288958978335e-14
-0.563,3.33136612808299e-07,4.89815521066984e-14
-0.562,3.48511033074564e-07,5.25803379424693e-14
-0.561,3.64591563706537e-07,5.64433059979006e-14
-0.56,3.81410449515912e-07,6.05898316480155e-14
-0.559,3.99001397751847e-07,6.50407098732927e-14
-0.558,4.17399643882515e-07,6.98182591619371e-14
-0.557,4.36642020305799e-07,7.49464330082096e-14
-0.556,4.5676702811768e-07,8.0450939561433e-14
-0.555,4.77814912072872e-07,8.63593700207932e-14
-0.554,4.99827738877693e-07,9.27013364143867e-14
-0.553,5.22849478961518e-07,9.95086194475797e-14
-0.552,5.46926091879157e-07,1.06815327155605e-13
-0.551,5.72105615503432e-07,1.14658065148986e-13
-0.55,5.98438259173697e-07,1.23076119297745e-13
-0.549,6.25976500973531e-07,1.32111651762131e-13
-0.548,6.54775189317978e-07,1.418099113436e-13
-0.547,6.84891649038718e-07,1.52219459200889e-13
-0.546,7.16385792163383e-07,1.63392411051986e-13
-0.545,7.4932023359388e-07,1.75384697064602e-13
-0.544,7.8376041189708e-07,1.88256340725194e-13
-0.543,8.19774715430756e-07,2.02071758070699e-13
-0.542,8.57434614036591e-07,2.1690007876777e-13
-0.541,8.96814796542661e-07,2.32815490632617e-13
-0.54,9.37993314327488e-07,2.49897609300333e-13
-0.539,9.81051731208991e-07,2.68231874877204e-13
-0.538,1.02607527993245e-06,2.8790997754277e-13
-0.537,1.07315302554376e-06,3.09030314211743e-13
-0.536,1.12237803594559e-06,3.3169847851926e-13
-0.535,1.17384755994783e-06,3.56027786557868e-13
-0.534,1.22766321313555e-06,3.82139840971101e-13
-0.533,1.28393117189271e-06,4.10165136198272e-13
-0.532,1.3427623759328e-06,4.40243707868112e-13
-0.531,1.40427273970388e-06,4.72525829557239e-13
-0.53,1.46858337304942e-06,5.07172760362971e-13
-0.529,1.53582081152367e-06,5.44357546991272e-13
-0.528,1.60611725677636e-06,5.84265884329174e-13
-0.527,1.67961082743915e-06,6.27097038760258e-13
-0.526,1.75644582096409e-06,6.73064838790576e-13
-0.525,1.8367729868841e-06,7.22398737885199e-13
-0.524,1.92074981198356e-06,7.75344954770917e-13
-0.523,2.00854081788926e-06,8.32167696843232e-13
-0.522,2.10031787161166e-06,8.93150472724796e-13
-0.521,2.19626050958985e-06,9.58597500462427e-13
-0.52,2.29655627581512e-06,1.02883521832036e-12
-0.519,2.40140107463353e-06,1.1042139056335e-12
-0.518,2.51099953885135e-06,1.1851094217258e-12
-0.517,2.62556541379388e-06,1.27192507148058e-12
-0.516,2.74532195799477e-06,1.36509360677306e-12
-0.515,2.87050236122096e-06,1.46507937364365e-12
-0.514,3.0013501805671e-06,1.57238061580812e-12
-0.513,3.13811979538416e-06,1.68753194586927e-12
-0.512,3.28107688183751e-06,1.81110699641985e-12
-0.511,3.43049890792291e-06,1.94372126411077e-12
-0.51,3.58667564980252e-06,2.08603516070705e-12
-0.509,3.74990973035831e-06,2.23875728617147e-12
-0.508,3.92051718089677e-06,2.40264793990627e-12
-0.507,4.09882802697669e-06,2.5785228874535e-12
-0.506,4.28518689937176e-06,2.76725740120864e-12
-0.505,4.47995367121988e-06,2.96979059504784e-12
-0.504,4.68350412245462e-06,3.18713007421109e-12
-0.503,4.89623063265756e-06,3.42035692333118e-12
-0.502,5.11854290351705e-06,3.67063105715665e-12
-0.501,5.35086871212544e-06,3.93919696029597e-12
-0.5,5.59365469639762e-06,4.22738984421758e-12
-0.499,5.84736717394401e-06,4.53664225178554e-12
-0.498,6.11249299578493e-06,4.86849114180396e-12
-0.497,6.38954043634837e-06,5.22458548839494e-12
-0.496,6.67904012125061e-06,5.60669443255621e-12
-0.495,6.98154599441889e-06,6.01671602594869e-12
-0.494,7.29763632617617e-06,6.45668660986319e-12
-0.493,7.62791476397355e-06,6.92879087542393e-12
-0.492,7.97301142752069e-06,7.43537265441983e-12
-0.491,8.33358405013472e-06,7.97894649372762e-12
-0.49,8.71031916819801e-06,8.56221007012313e-12
-0.489,9.10393336069136e-06,9.18805750638491e-12
-0.488,9.51517454084281e-06,9.85959365399909e-12
-0.487,9.94482330201474e-06,1.05801494124966e-11
-0.486,1.03936943200319e-05,1.1353298160518e-11
-0.485,1.08626378142394e-05,1.21828733791286e-11
-0.484,1.13525410696676e-05,1.30729875537262e-11
-0.483,1.18643300227724e-05,1.40280524471247e-11
-0.482,1.23989709133136e-05,1.50528008430844e-11
-0.481,1.29574720050323e-05,1.61523098667333e-11
-0.48,1.35408853778903e-05,1.73320259960087e-11
-0.479,1.41503087947373e-05,1.85977918864946e-11
-0.478,1.47868876453832e-05,1.99558751408633e-11
-0.477,1.54518169711614e-05,2.14129991636031e-11
-0.476,1.61463435731892e-05,2.29763762518683e-11
-0.475,1.68717682076471e-05,2.46537430841734e-11
-0.474,1.7629447871526e-05,2.64533987803216e-11
-0.473,1.84207981824182e-05,2.83842457184673e-11
-0.472,1.92472958560605e-05,3.04558333086217e-11
-0.471,2.01104812854736e-05,3.26784049362821e-11
-0.47,2.1011961225687e-05,3.50629483052749e-11
-0.469,2.19534115881772e-05,3.7621249425417e-11
-0.468,2.29365803493059e-05,4.03659505083013e-11
-0.467,2.39632905771943e-05,4.33106120534909e-11
-0.466,2.50354435816309e-05,4.64697794277384e-11
-0.465,2.61550221917786e-05,4.98590542616569e-11
-0.464,2.73240941666117e-05,5.34951710116248e-11
-0.463,2.85448157431947e-05,5.73960790597573e-11
-0.462,2.98194353280903e-05,6.1581030751619e-11
-0.461,3.11502973373757e-05,6.60706758001181e-11
-0.46,3.25398461909335e-05,7.08871625148621e-11
-0.459,3.39906304668842e-05,7.60542463492956e-11
-0.458,3.55053072222264e-05,8.15974062933646e-11
-0.457,3.70866464859673e-05,8.75439696774049e-11
-0.456,3.87375359312311e-05,9.39232459936308e-11
-0.455,4.04609857330629e-05,1.00766670385205e-10
-0.454,4.22601336188661e-05,1.08107957499577e-10
-0.453,4.41382501186488e-05,1.15983266452858e-10
-0.452,4.60987440224892e-05,1.24431377705652e-10
-0.451,4.81451680528833e-05,1.3349388270825e-10
-0.45,5.02812247598769e-05,1.43215387234734e-10
-0.449,5.25107726471591e-05,1.53643729391535e-10
-0.448,5.4837832537543e-05,1.64830213356756e-10
-0.447,5.72665941865379e-05,1.7682985998239e-10
-0.446,5.98014231529959e-05,1.89701675472774e-10
-0.445,6.24468679360925e-05,2.03508939439703e-10
-0.444,6.52076673881991e-05,2.18319513727862e-10
-0.443,6.8088758413488e-05,2.34206173504186e-10
-0.442,7.10952839624337e-05,2.51246962211842e-10
-0.441,7.42326013326562e-05,2.69525572104233e-10
-0.44,7.75062907868907e-05,2.89131752197355e-10
-0.439,8.092216449917e-05,3.10161745610544e-10
-0.438,8.44862758406461e-05,3.32718758406707e-10
-0.437,8.8204929016792e-05,3.56913462194349e-10
-0.436,9.20846890680813e-05,3.8286453291561e-10
-0.435,9.61323922465689e-05,4.10699228418033e-10
-0.434,0.00010035515678115,4.4055400759367e-10
-0.433,0.000104760394044627,4.72575194068223e-10
-0.432,0.000109355820136062,5.06919687636224e-10
-0.431,0.000114149467892261,5.43755726866754e-10
-0.43,0.000119149699342591,5.83263706548966e-10
-0.429,0.000124365218621706,6.25637053908871e-10
-0.428,0.000129805085355113,6.71083167809675e-10
-0.427,0.00013547872853289,7.19824425448801e-10
-0.426,0.000141395960887233,7.72099261386953e-10
-0.425,0.000147566993789894,8.28163324089692e-10
-0.424,0.000154002452685912,8.88290715531663e-10
-0.423,0.000160713393080459,9.52775319809543e-10
-0.422,0.000167711317095939,1.02193222713385e-09
-0.421,0.000175008190616895,1.09609926002374e-09
-0.42,0.000182616461040588,1.17563860901564e-09
-0.419,0.000190549075651539,1.26093858571709e-09
-0.418,0.000198819500638598,1.35241550159517e-09
-0.417,0.000207441740773524,1.45051568148641e-09
-0.416,0.00021643035977034,1.55571762145447e-09
-0.415,0.000225800501345102,1.66853430130731e-09
-0.414,0.000235567910995982,1.78951566281878e-09
-0.413,0.000245748958523933,1.91925126548537e-09
-0.412,0.000256360661314438,2.05837313248966e-09
-0.411,0.000267420708401142,2.20755880044279e-09
-0.41,0.00027894748533243,2.36753458744247e-09
-0.409,0.000290960099862225,2.53907909501533e-09
-0.408,0.000303478408486487,2.72302696061807e-09
-0.407,0.000316523043847122,2.92027287855489e-09
-0.406,0.000330115443025121,3.13177590843597e-09
-0.405,0.000344277876744902,3.35856409165795e-09
-0.404,0.000359033479511923,3.60173939783951e-09
-0.403,0.000374406280705683,3.86248302469925e-09
-0.402,0.00039042123665027,4.14206107652762e-09
-0.401,0.00040710426368456,4.44183064818494e-09
-0.4,0.000424482272254168,4.76324634346493e-09
-0.399,0.000442583202047059,5.10786725870321e-09
-0.398,0.000461436058194642,5.47736446469502e-09
-0.397,0.000481070948559855,5.87352902232377e-09
-0.396,0.000501519122133601,6.29828056980451e-09
-0.395,0.000522813008560374,6.75367652212396e-09
-0.394,0.000544986258813677,7.24192192612484e-09
-0.393,0.000568073787041219,7.76538001774888e-09
-0.392,0.000592111813599367,8.32658353123514e-09
-0.391,0.000617137909295656,8.9282468135821e-09
-0.39,0.000643191040857487,9.57327880134023e-09
-0.389,0.000670311617644177,1.02647969208229e-08
-0.388,0.000698541539618776,1.10061419771256e-08
-0.387,0.000727924246594886,1.18008941019485e-08
-0.386,0.000758504768772631,1.265288983514e-08
-0.385,0.000790329778576689,1.35662404201512e-08
-0.384,0.000823447643807891,1.45453513992263e-08
-0.383,0.000857908482118382,1.55949436001861e-08
-0.382,0.000893764216818682,1.67200756131107e-08
-0.381,0.000931068634023294,1.79261678621307e-08
-0.38,0.000969877441139403,1.92190283849168e-08
-0.379,0.00101024832670133,2.06048804403496e-08
-0.378,0.00105224102155095,2.2090392073301e-08
-0.377,0.00109591736136215,2.3682707774485e-08
-0.376,0.00114134135050435,2.53894823829951e-08
-0.375,0.00118857922723799,2.72189173894768e-08
-0.374,0.00123769953023129,2.91797998089238e-08
-0.373,0.0012887731663849,3.12815438039025e-08
-0.372,0.00134187347994742,3.35342352516343e-08
-0.371,0.00139707632290139,3.59486794618688e-08
-0.37,0.00145446012659554,3.8536452266919e-08
-0.369,0.00151410597459495,4.13099547206617e-08
-0.368,0.00157609767671679,4.42824716598063e-08
-0.367,0.00164052184421473,4.7468234398376e-08
-0.366,0.00170746796607039,5.08824878451942e-08
-0.365,0.00177702848634532,5.45415623543278e-08
-0.364,0.00184929888254202,5.84629506399738e-08
-0.363,0.00192437774491656,6.26653901102981e-08
-0.362,0.00200236685668045,6.71689509993381e-08
-0.361,0.00208337127502281,7.19951307023697e-08
-0.36,0.00216749941287803,7.71669547482345e-08
-0.359,0.00225486312135775,8.27090848721384e-08
-0.358,0.00234557777275903,8.86479346845103e-08
-0.357,0.00243976234405399,9.50117934657666e-08
-0.356,0.00253753950075854,1.01830958653443e-07
-0.355,0.00263903568107099,1.0913787762725e-07
-0.354,0.00274438118016305,1.16967299439384e-07
-0.353,0.00285371023449816,1.2535643718203e-07
-0.352,0.00296716110604398,1.34345141731654e-07
-0.351,0.00308487616623731,1.43976087660549e-07
-0.35,0.00320700197955105,1.54294972160446e-07
-0.349,0.00333368938650464,1.65350727881027e-07
-0.348,0.00346509358594971,1.77195750648104e-07
-0.347,0.00360137421645415,1.8988614309239e-07
-0.346,0.0037426954365982,2.03481975290367e-07
-0.345,0.0038892260039873,2.18047563594139e-07
-0.344,0.00404113935277607,2.33651768907571e-07
-0.343,0.00419861366948966,2.50368315751908e-07
-0.342,0.00436183196691762,2.68276133555628e-07
-0.341,0.00453098215584721,2.87459721701089e-07
-0.34,0.00470625711439263,3.08009539964825e-07
-0.339,0.00488785475466766,3.30022426099612e-07
-0.338,0.00507597808653977,3.53602042425158e-07
-0.337,0.00527083527819438,3.788593534209e-07
-0.336,0.00547263971322922,4.05913136449435e-07
-0.335,0.00568161004398978,4.34890527883138e-07
-0.334,0.00589797024084838,4.65927607060136e-07
-0.333,0.00612194963712156,4.99170020659514e-07
-0.332,0.00635378296931235,5.34773650260262e-07
-0.331,0.00659371041235709,5.72905326034507e-07
-0.33,0.00684197760954977,6.13743589724005e-07
-0.329,0.00709883569681059,6.57479510260169e-07
-0.328,0.00736454132096004,7.04317555613256e-07
-0.327,0.00763935665165554,7.54476524696266e-07
-0.326,0.00792354938664284,8.08190543404825e-07
-0.325,0.00821739274997267,8.65710129146679e-07
-0.324,0.00852116548283007,9.27303328504425e-07
-0.323,0.00883515182662305,9.93256932984077e-07
-0.322,0.00915964149797791,1.06387777813085e-06
-0.321,0.00949492965528898,1.13949413164373e-06
-0.32,0.00984131685647372,1.22045717649297e-06
-0.319,0.0101991090075878,1.30714259544142e-06
-0.318,0.0105686173019602,1.39995226379235e-06
-0.317,0.0109501581495143,1.49931605763577e-06
-0.316,0.0113440530959516,1.60569378534243e-06
-0.315,0.0117506287314813,1.71957725056304e-06
-0.314,0.0121702165887933,1.84149245552994e-06
-0.313,0.0126031530299851,1.97200195403305e-06
-0.312,0.0130497791221665,2.11170736405189e-06
-0.311,0.0135104405014862,2.26125205067449e-06
-0.31,0.0139854872253389,2.42132399062276e-06
-0.309,0.0144752736125379,2.59265883043638e-06
-0.308,0.0149801580712556,2.77604315114452e-06
-0.307,0.0155005029145621,2.97231795308037e-06
-0.306,0.0160366741634188,3.18238237537003e-06
-0.305,0.0165890413370102,3.40719766555721e-06
-0.304,0.0171579772303314,3.64779141581243e-06
-0.303,0.0177438576789766,3.90526208322208e-06
-0.302,0.0183470613111137,4.18078381276334e-06
-0.301,0.0189679692866607,4.47561158274782e-06
-0.3,0.019606965023723,4.79108669376471e-06
-0.299,0.0202644339123846,5.12864262347616e-06
-0.298,0.0209407630159938,5.4898112710183e-06
-0.297,0.0216363407601204,5.87622961624404e-06
-0.296,0.0223515566094096,6.28964682061428e-06
-0.295,0.0230868007326029,6.73193179820542e-06
-0.294,0.0238424636560374,7.20508128705809e-06
-0.293,0.0246189359059909,7.71122845295242e-06
-0.292,0.0254166076402794,8.25265205965862e-06
-0.291,0.026235868269567,8.83178624178865e-06
-0.29,0.0270771060688948,9.45123091856836e-06
-0.289,0.0279407077799849,1.01137628891648e-05
-0.288,0.0288270582049217,1.08223476526478e-05
-0.287,0.0297365397918658,1.1580151998243e-05
-0.286,0.0306695322134958,1.23905574142528e-05
-0.285,0.0316264119389261,1.32571743668845e-05
-0.284,0.03260755179989,1.41838575032473e-05
-0.283,0.0336133205520218,1.51747218359509e-05
-0.282,0.0346440824321147,1.62341599700886e-05
-0.281,0.0357001967122678,1.73668604368971e-05
-0.28,0.0367820172518768,1.85778272020831e-05
-0.279,0.0378898920484535,1.98724004206886e-05
-0.278,0.0390241627882942,2.12562785144354e-05
-0.277,0.0401851643980431,2.27355416517655e-05
-0.276,0.0413732245982246,2.4316676715268e-05
-0.275,0.0425886634598358,2.6006603845874e-05
-0.274,0.0438317929651126,2.78127046581063e-05
-0.273,0.0451029165735925,2.97428522258006e-05
-0.272,0.0464023287946087,3.18054429430735e-05
-0.271,0.0477303147673517,3.40094303709045e-05
-0.27,0.049087149849639,3.6364361185529e-05
-0.269,0.0504730992165244,3.88804133509114e-05
-0.268,0.0518884174698707,4.15684366438817e-05
-0.267,0.0533333482599952,4.44399956670847e-05
-0.266,0.0548081239204776,4.7507415491697e-05
-0.265,0.0563129651171945,5.07838300789273e-05
-0.264,0.0578480805126168,5.42832336366178e-05
-0.263,0.059413666446372,5.80205350748083e-05
-0.262,0.0610099066330314,6.20116157319118e-05
-0.261,0.0626369718780439,6.62733905511608e-05
-0.26,0.0642950198126844,7.08238728952237e-05
-0.259,0.065984194648836,7.56822431953355e-05
-0.258,0.0677046269543669,8.08689216399327e-05
-0.257,0.0694564334498035,8.64056451166047e-05
-0.256,0.0712397168269353,9.23155486301587e-05
-0.255,0.0730545655899236,9.86232514287109e-05
-0.254,0.0749010539194115,0.000105354948078944
-0.253,0.0767792415600633,0.00011253850474097
-0.252,0.0786891737318846,0.000120203560902576
-0.251,0.0806308810655983,0.000128381636841967
-0.25,0.0826043795622752,0.000137106247097386
-0.249,0.0846096705773331,0.000146413020231196
-0.248,0.0866467408289471,0.000156339825184975
-0.247,0.0887155624308268,0.000166926904530986
-0.246,0.0908160929492375,0.000178217014933804
-0.245,0.0929482754840689,0.000190255575144003
-0.244,0.0951120387736693,0.000203090821853315
-0.243,0.0973072973230923,0.000216773973747734
-0.242,0.0995339515553262,0.000231359404101287
-0.241,0.101791887985006,0.000246904822258679
-0.24,0.104080979414033,0.000263471464359532
-0.239,0.106401085148476,0.000281124293660379
-0.238,0.108752051236031,0.000299932210812689
-0.237,0.11113371072331,0.000319968274456016
-0.236,0.113545883932113,0.000341309932484429
-0.235,0.11598837875384,0.00036403926434178
-0.234,0.118460990961108,0.000388243234696674
-0.233,0.120963504535632,0.000414013958841124
-0.232,0.123495692011365,0.000441448980147528
-0.231,0.126057314831873,0.000470651559906535
-0.23,0.128648123720878,0.000501730979853352
-0.229,0.131267859064906,0.000534802857671751
-0.228,0.133916251306921,0.00056998947574324
-0.227,0.136593021349842,0.000607420123383215
-0.226,0.139297880968826,0.000647231452776155
-0.225,0.142030533231171,0.000689567848787661
-0.224,0.144790672922735,0.000734581812792157
-0.223,0.147577986979739,0.000782434360610952
-0.222,0.150392154924842,0.000833295434605802
-0.221,0.153232849306395,0.000887344329917783
-0.22,0.156099736139791,0.000944770134779895
-0.219,0.158992475349853,0.00100577218476395
-0.218,0.161910721213231,0.00107056053074774
-0.217,0.164854122799798,0.00113935642030702
-0.216,0.167822324412074,0.00121239279214781
-0.215,0.17081496602174,0.00128991478309834
-0.214,0.173831683702341,0.00137218024707582
-0.213,0.176872110057311,0.00145946028533137
-0.212,0.179935874642513,0.00155203978715626
-0.211,0.183022604382488,0.0016502179801051
-0.21,0.186131923979717,0.00175430898865526
-0.209,0.189263456316172,0.00186464240007819
-0.208,0.192416822846536,0.00198156383614671
-0.207,0.195591643982495,0.00210543552914323
-0.206,0.198787539467548,0.00223663690046809
-0.205,0.202004128741835,0.00237556513997435
-0.204,0.205241031296551,0.00252263578397734
-0.203,0.208497867017508,0.00267828328970345
-0.202,0.211774256517518,0.00284296160375542
-0.201,0.215069821457275,0.00301714472198051
-0.2,0.218384184854462,0.00320132723793578
-0.199,0.22171697138087,0.00339602487695173
-0.198,0.225067807647353,0.00360177501260482
-0.197,0.228436322476471,0.00381913716222044
-0.196,0.231822147162732,0.00404869345784553
-0.195,0.235224915720374,0.00429104908895395
-0.194,0.238644265118662,0.00454683271298182
-0.193,0.242079835504716,0.00481669682963635
-0.192,0.245531270413923,0.00510131811478263
-0.191,0.248998216967997,0.00540139770959205
-0.19,0.252480326060815,0.00571766146053557
-0.189,0.255977252532153,0.00605086010572844
-0.188,0.25948865532949,0.00640176940308367
-0.187,0.263014197658062,0.00677119019571173
-0.186,0.266553547119384,0.00715994841001798
-0.185,0.270106375838459,0.0075688949819992
-0.184,0.273672360579932,0.00799890570733007
-0.183,0.277251182853446,0.00845088101096197
-0.182,0.28084252900848,0.00892574563213273
-0.181,0.284446090318964,0.00942444822090905
-0.18,0.288061563057977,0.00994796084265602
-0.179,0.291688648562833,0.0104972783871504
-0.178,0.295327053290884,0.0110734178794293
-0.177,0.298976488866364,0.0116774176898917
-0.176,0.302636672118611,0.0123103366416496
-0.175,0.306307325112004,0.0129732530136541
-0.174,0.309988175167946,0.0136672634387015
-0.173,0.313678954879248,0.0143934816960506
-0.172,0.31737940211725,0.0151530373990542
-0.171,0.321089260032008,0.0159470745789162
-0.17,0.324808277045907,0.016776750166435
-0.169,0.328536206841019,0.0176432323743668
-0.168,0.332272808340546,0.0185476989838446
-0.167,0.336017845684666,0.019491335539101
-0.166,0.339771088201128,0.0204753334555692
-0.165,0.343532310370873,0.021500888047255
-0.164,0.34730129178904,0.0225691964800904
-0.163,0.351077817121613,0.0236814556587676
-0.162,0.354861676058047,0.0248388600553186
-0.161,0.358652663260123,0.0260425994884293
-0.16,0.362450578307347,0.0272938568631484
-0.159,0.366255225639138,0.028593805881271
-0.158,0.370066414494083,0.0299436087332138
-0.157,0.373883958846511,0.0313444137826732
-0.156,0.377707677340624,0.0327973532557294
-0.155,0.381537393222432,0.034303540946348
-0.154,0.385372934269717,0.0358640699504119
-0.153,0.389214132720227,0.0374800104404928
-0.152,0.393060825198345,0.0391524074935369
-0.151,0.396912852640389,0.0408822789834934
-0.15,0.40077006021877,0.0426706135506496
-0.149,0.40463229726517,0.0445183686590645
-0.148,0.408499417192918,0.0464264687530035
-0.147,0.412371277418725,0.048395803522683
-0.146,0.416247739283942,0.0504272262889378
-0.145,0.420128667975479,0.052521552515632
-0.144,0.424013932446524,0.054679558457755
-0.143,0.427903405337202,0.0569019799521906
-0.142,0.431796962895285,0.0591895113571235
-0.141,0.435694484897075,0.0615428046449736
-0.14,0.439595854568567,0.0639624686526306
-0.139,0.443500958506993,0.0664490684916141
-0.138,0.447409686602836,0.0690031251196261
-0.137,0.451321931962408,0.0716251150737982
-0.136,0.455237590831067,0.074315470364787
-0.135,0.459156562517152,0.0770745785297463
-0.134,0.463078749316697,0.0799027828411144
-0.133,0.467004056438996,0.0828003826671221
-0.132,0.470932391933069,0.0857676339789421
-0.131,0.474863666615084,0.0888047499984985
-0.13,0.478797793996781,0.0919119019801193
-0.129,0.482734690214936,0.0950892201184747
-0.128,0.48667427396192,0.0983367945745844
-0.127,0.490616466417352,0.101654676611123
-0.126,0.494561191180916,0.10504287982779
-0.125,0.498508374206336,0.108501381487136
-0.124,0.502457943736546,0.112030123921004
-0.123,0.506409830240063,0.115629016007544
-0.122,0.510363966348597,0.119297934708696
-0.121,0.514320286795881,0.123036726658089
-0.12,0.518278728357756,0.126845209789357
-0.119,0.522239229793501,0.130723174995101
-0.118,0.526201731788424,0.134670387806969
-0.117,0.530166176897699,0.138686590087654
-0.116,0.534132509491468,0.142771501726014
-0.115,0.538100675701186,0.146924822326927
-0.114,0.542070623367219,0.151146232888017
-0.113,0.546042301987678,0.155435397455882
-0.112,0.550015662668489,0.159791964755003
-0.111,0.553990658074684,0.164215569783111
-0.11,0.557967242382899,0.168705835367345
-0.109,0.561945371235077,0.173262373676136
-0.108,0.565925001693355,0.177884787682359
-0.107,0.569906092196118,0.182572672573848
-0.106,0.573888602515214,0.187325617107996
-0.105,0.577872493714304,0.192143204907667
-0.104,0.581857728108336,0.197025015696239
-0.103,0.585844269224123,0.201970626470072
-0.102,0.589832081762008,0.206979612607234
-0.101,0.593821131558596,0.212051548911724
-0.1,0.597811385550531,0.217186010592927
-0.099,0.601802811739312,0.22238257418038
-0.098,0.605795379157103,0.227640818374332
-0.097,0.609789057833543,0.232960324832902
-0.096,0.613783818763523,0.238340678896944
-0.095,0.617779633875905,0.243781470253984
-0.094,0.621776476003174,0.24928229354285
-0.093,0.625774318851998,0.254842748900802
-0.092,0.629773136974665,0.26046244245515
-0.091,0.633772905741401,0.26614098676149
-0.09,0.637773601313518,0.271878001190812
-0.089,0.641775200617399,0.27767311226781
-0.088,0.645777681319277,0.283525953962809
-0.087,0.649781021800809,0.289436167939758
-0.086,0.653785201135406,0.295403403762762
-0.085,0.657790199065316,0.301427319063642
-0.084,0.661795995979423,0.307507579672982
-0.083,0.66580257289176,0.313643859717127
-0.082,0.669809911420708,0.319835841683509
-0.081,0.673817993768862,0.326083216456691
-0.08,0.677826802703541,0.332385683327393
-0.079,0.681836321537947,0.338742949976738
-0.078,0.685846534112919,0.345154732437869
-0.077,0.689857424779295,0.35162075503699
-0.076,0.693868978380849,0.358140750315827
-0.075,0.697881180237795,0.364714458937378
-0.074,0.701894016130833,0.37134162957676
-0.073,0.705907472285724,0.378022018798856
-0.072,0.709921535358382,0.384755390924356
-0.071,0.713936192420467,0.391541517885711
-0.07,0.717951430945452,0.398380179074423
-0.069,0.721967238795171,0.405271161180978
-0.0679999999999999,0.72598360420681,0.412214258028672
-0.0669999999999999,0.730000515780344,0.419209270402466
-0.0659999999999999,0.734017962466402,0.426256005873927
-0.0649999999999999,0.738035933554539,0.433354278623236
-0.0639999999999999,0.742054418661909,0.440503909259148
-0.0629999999999999,0.746073407722333,0.44770472463773
-0.0619999999999999,0.750092890975727,0.454956557680622
-0.0609999999999999,0.754112858957907,0.462259247193479
-0.0599999999999999,0.758133302490736,0.46961263768523
-0.0589999999999999,0.762154212672612,0.477016579188665
-0.0579999999999999,0.766175580869285,0.484470927082871
-0.0569999999999999,0.770197398704992,0.49197554191792
-0.0559999999999999,0.774219658053896,0.499530289242199
-0.0549999999999999,0.778242351031826,0.507135039432717
-0.0539999999999999,0.782265469988297,0.514789667528663
-0.0529999999999999,0.786289007498813,0.522494053068467
-0.0519999999999999,0.790312956357438,0.53024807993056
-0.0509999999999999,0.794337309569618,0.538051636178015
-0.0499999999999999,0.798362060345261,0.545904613907188
-0.0489999999999999,0.802387202092056,0.55380690910048
-0.0479999999999999,0.806412728409023,0.561758421483292
-0.0469999999999999,0.810438633080289,0.569759054385219
-0.0459999999999999,0.81446491006908,0.577808714605537
-0.0449999999999999,0.818491553511929,0.585907312282967
-0.0439999999999999,0.822518557713076,0.594054760769727
-0.0429999999999999,0.826545917139072,0.602250976509839
-0.0419999999999999,0.830573626413568,0.610495878921664
-0.0409999999999999,0.834601680312288,0.6187893902846
-0.04,0.838630073758171,0.627131435629891
-0.039,0.842658801816696,0.635521942635477
-0.038,0.846687859691352,0.643960841524794
-0.037,0.850717242719282,0.652448064969452
-0.036,0.854746946367073,0.660983547995686
-0.035,0.858776966226686,0.669567227894497
-0.034,0.862807298011541,0.678199044135357
-0.033,0.866837937552727,0.686878938283403
-0.032,0.870868880795347,0.695606853919992
-0.031,0.874900123794993,0.704382736566517
-0.03,0.878931662714337,0.713206533611379
-0.029,0.882963493819847,0.722078194239987
-0.028,0.886995613478611,0.730997669367707
-0.027,0.891028018155273,0.739964911575622
-0.026,0.895060704409074,0.748979875049012
-0.025,0.899093668890997,0.758042515518445
-0.024,0.903126908341003,0.76715279020337
-0.023,0.907160419585373,0.776310657758114
-0.022,0.91119419953413,0.78551607822018
-0.021,0.915228245178556,0.794769012960754
-0.02,0.919262553588789,0.80406942463731
-0.019,0.923297121911507,0.813417277148246
-0.018,0.927331947367686,0.822812535589429
-0.017,0.931367027250431,0.832255166212592
-0.016,0.935402358922893,0.841745136385479
-0.015,0.939437939816242,0.851282414553663
-0.014,0.94347376742771,0.860866970203961
-0.013,0.94750983931871,0.870498773829363
-0.012,0.951546153113006,0.880177796895416
-0.011,0.955582706494952,0.889904011807972
-0.01,0.959619497207782,0.899677391882261
-0.00900000000000001,0.963656523051961,0.909497911313193
-0.00800000000000001,0.967693781883589,0.919365545146863
-0.00700000000000001,0.971731271612865,0.929280269253163
-0.00600000000000001,0.97576899020258,0.939242060299484
-0.005,0.979806935666689,0.949250895725417
-0.004,0.983845106068897,0.959306753718437
-0.003,0.987883499521324,0.96940961319049
-0.002,0.991922114183184,0.979559453755465
-0.001,0.995960948259522,0.989756255707485
0,1,1
0.00100000000000011,1.00403926769768,1.01029066822561
0.002,1.00807874968788,1.02062824259661
0.00300000000000011,1.01211844434712,1.03101270592621
0.004,1.01615835009195,1.04144404161039
0.00500000000000012,1.02019846537799,1.05192223361039
0.00600000000000001,1.02423878869883,1.06244726643573
0.00700000000000012,1.02827931858515,1.07301912512786
0.00800000000000001,1.03232005360369,1.08363779524425
0.00900000000000012,1.03636099235635,1.09430326284305
0.01,1.04040213347931,1.10501551446819
0.0110000000000001,1.04444347564217,1.11577453713496
0.012,1.04848501754707,1.12658031831597
0.0130000000000001,1.0525267579279,1.13743284592761
0.014,1.05656869554953,1.14833210831684
0.0150000000000001,1.06061082920701,1.15927809424837
0.016,1.06465315772483,1.17027079289223
0.0170000000000001,1.06869567995621,1.18131019381161
0.018,1.07273839478239,1.19239628695117
0.0190000000000001,1.07678130111195,1.20352906262549
0.02,1.08082439788014,1.21470851150798
0.0210000000000001,1.08486768404827,1.22593462462
0.022,1.08891115860303,1.23720739332025
0.0230000000000001,1.09295482055594,1.24852680929449
0.024,1.09699866894272,1.25989286454547
0.0249999999999999,1.10104270282273,1.27130555138313
0.026,1.10508692127843,1.28276486241505
0.0269999999999999,1.10913132341481,1.29427079053708
0.028,1.11317590835887,1.30582332892428
0.0289999999999999,1.11722067525914,1.31742247102198
0.03,1.12126562328511,1.32906821053714
0.0309999999999999,1.12531075162685,1.34076054142986
0.032,1.12935605949442,1.35249945790509
0.0329999999999999,1.1334015461175,1.36428495440454
0.034,1.13744721074491,1.37611702559878
0.0349999999999999,1.14149305264417,1.38799566637951
0.036,1.14553907110107,1.39992087185202
0.0369999999999999,1.1495852654193,1.41189263732777
0.038,1.15363163491999,1.42391095831724
0.0389999999999999,1.15767817894134,1.43597583052279
0.04,1.16172489683827,1.44808724983185
0.0409999999999999,1.16577178798201,1.4602452123101
0.042,1.16981885175972,1.47244971419492
0.0429999999999999,1.1738660875742,1.48470075188891
0.044,1.17791349484349,1.49699832195361
0.0449999999999999,1.18196107300055,1.50934242110331
0.046,1.18600882149294,1.52173304619901
0.0469999999999999,1.1900567397825,1.53417019424255
0.048,1.19410482734501,1.54665386237083
0.0489999999999999,1.19815308366993,1.55918404785014
0.05,1.20220150826006,1.57176074807069
0.0509999999999999,1.20625010063127,1.58438396054116
0.052,1.21029886031223,1.59705368288348
0.0529999999999999,1.21434778684409,1.60976991282765
0.054,1.21839687978027,1.62253264820668
0.0549999999999999,1.22244613868613,1.63534188695167
0.056,1.22649556313877,1.64819762708703
0.0569999999999999,1.23054515272674,1.6610998667257
0.0580000000000001,1.23459490704981,1.67404860406463
0.0589999999999999,1.23864482571872,1.68704383738019
0.0600000000000001,1.24269490835496,1.70008556502384
0.0609999999999999,1.24674515459052,1.71317378541783
0.0620000000000001,1.25079556406768,1.72630849705097
0.0629999999999999,1.25484613643879,1.73948969847454
0.0640000000000001,1.25889687136603,1.75271738829833
0.0649999999999999,1.26294776852126,1.76599156518666
0.0660000000000001,1.26699882758573,1.7793122278546
0.0669999999999999,1.27105004824996,1.79267937506426
0.0680000000000001,1.27510143021348,1.8060930056211
0.069,1.27915297318468,1.81955311837041
0.0700000000000001,1.2832046768806,1.83305971219382
0.071,1.28725654102674,1.84661278600595
0.0720000000000001,1.29130856535693,1.86021233875107
0.073,1.29536074961306,1.87385836939987
0.0740000000000001,1.29941309354501,1.88755087694638
0.075,1.3034655969104,1.90128986040482
0.0760000000000001,1.30751825947446,1.91507531880665
0.077,1.31157108100989,1.92890725119768
0.0780000000000001,1.31562406129664,1.94278565663518
0.079,1.31967720012182,1.95671053418511
0.0800000000000001,1.32373049727949,1.97068188291947
0.081,1.32778395257055,1.98469970191359
0.0820000000000001,1.3318375658026,1.99876399024365
0.083,1.33589133678974,2.01287474698411
0.0840000000000001,1.3399452653525,2.02703197120532
0.085,1.34399935131765,2.04123566197112
0.0860000000000001,1.3480535945181,2.05548581833656
0.087,1.35210799479275,2.06978243934562
0.0880000000000001,1.35616255198636,2.08412552402907
0.089,1.36021726594942,2.09851507140229
0.0900000000000001,1.36427213653805,2.11295108046324
0.091,1.36832716361385,2.1274335501904
0.0920000000000001,1.37238234704379,2.14196247954089
0.093,1.3764376867001,2.15653786744844
0.0940000000000001,1.38049318246016,2.17115971282169
0.095,1.38454883420634,2.18582801454223
0.0960000000000001,1.38860464182597,2.200542771463
0.097,1.39266060521116,2.21530398240644
0.0980000000000001,1.39671672425874,2.23011164616299
0.099,1.40077299887013,2.24496576148934
0.1,1.40482942895124,2.25986632710699
0.101,1.40888601441239,2.27481334170064
0.102,1.41294275516819,2.28980680391679
0.103,1.41699965113745,2.30484671236229
0.104,1.42105670224309,2.31993306560294
0.105,1.42511390841206,2.33506586216217
0.106,1.42917126957522,2.35024510051972
0.107,1.43322878566726,2.3654707791104
0.108,1.43728645662662,2.38074289632285
0.109,1.44134428239543,2.39606145049834
0.11,1.44540226291935,2.41142643992966
0.111,1.44946039814759,2.42683786285998
0.112,1.45351868803273,2.44229571748177
0.113,1.45757713253071,2.45780000193577
0.114,1.46163573160073,2.47335071430998
0.115,1.46569448520517,2.48894785263866
0.116,1.4697533933095,2.50459141490144
0.117,1.47381245588224,2.52028139902232
0.118,1.47787167289489,2.53601780286887
0.119,1.4819310443218,2.55180062425135
0.12,1.48599057014017,2.56762986092187
0.121,1.49005025032994,2.58350551057358
0.122,1.49411008487377,2.59942757083998
0.123,1.4981700737569,2.61539603929407
0.124,1.50223021696714,2.63141091344775
0.125,1.50629051449482,2.64747219075102
0.126,1.51035096633267,2.66357986859142
0.127,1.51441157247581,2.6797339442933
0.128,1.51847233292168,2.69593441511727
0.129,1.52253324766995,2.71218127825958
0.13,1.52659431672252,2.72847453085156
0.131,1.5306555400834,2.74481416995907
0.132,1.53471691775871,2.76120019258198
0.133,1.5387784497566,2.77763259565363
0.134,1.54284013608719,2.79411137604043
0.135,1.54690197676253,2.81063653054129
0.136,1.55096397179655,2.82720805588727
0.137,1.55502612120501,2.8438259487411
0.138,1.55908842500545,2.86049020569679
0.139,1.56315088321713,2.87720082327924
0.14,1.567213495861,2.89395779794386
0.141,1.57127626295965,2.91076112607625
0.142,1.57533918453724,2.92761080399182
0.143,1.57940226061951,2.94450682793548
0.144,1.58346549123367,2.96144919408138
0.145,1.58752887640843,2.97843789853254
0.146,1.59159241617387,2.99547293732065
0.147,1.59565611056149,3.01255430640577
0.148,1.59971995960411,3.0296820016761
0.149,1.60378396333584,3.04685601894773
0.15,1.60784812179205,3.06407635396446
0.151,1.61191243500935,3.08134300239752
0.152,1.61597690302552,3.09865595984549
0.153,1.62004152587947,3.116015221834
0.154,1.62410630361126,3.13342078381567
0.155,1.628171236262,3.15087264116988
0.156,1.63223632387383,3.16837078920263
0.157,1.63630156648993,3.18591522314646
0.158,1.64036696415444,3.20350593816028
0.159,1.64443251691243,3.22114292932927
0.16,1.64849822480989,3.23882619166479
0.161,1.65256408789371,3.25655572010425
0.162,1.65663010621158,3.2743315095111
0.163,1.66069627981206,3.29215355467468
0.164,1.66476260874448,3.3100218503102
0.165,1.66882909305891,3.32793639105869
0.166,1.67289573280619,3.34589717148691
0.167,1.67696252803783,3.36390418608739
0.168,1.68102947880605,3.3819574292783
0.169,1.68509658516369,3.40005689540354
0.17,1.68916384716425,3.41820257873261
0.171,1.6932312648618,3.43639447346072
0.172,1.69729883831101,3.45463257370871
0.173,1.70136656756707,3.47291687352307
0.174,1.70543445268573,3.49124736687599
0.175,1.70950249372323,3.50962404766536
0.176,1.71357069073629,3.52804690971479
0.177,1.71763904378208,3.54651594677368
0.178,1.72170755291823,3.56503115251719
0.179,1.72577621820275,3.58359252054639
0.18,1.72984503969409,3.60220004438821
0.181,1.73391401745104,3.62085371749557
0.182,1.73798315153274,3.6395535332474
0.183,1.74205244199869,3.65829948494875
0.184,1.74612188890869,3.67709156583082
0.185,1.75019149232282,3.69592976905107
0.186,1.75426125230147,3.71481408769329
0.187,1.75833116890526,3.73374451476771
0.188,1.76240124219507,3.75272104321104
0.189,1.766471472232,3.77174366588664
0.19,1.77054185907734,3.79081237558455
0.191,1.77461240279259,3.80992716502167
0.192,1.77868310343941,3.8290880268418
0.193,1.78275396107965,3.84829495361579
0.194,1.78682497577526,3.86754793784165
0.195,1.79089614758834,3.88684697194469
0.196,1.7949674765811,3.90619204827759
0.197,1.79903896281585,3.92558315912059
0.198,1.80311060635499,3.94502029668159
0.199,1.80718240726098,3.96450345309629
0.2,1.81125436559633,3.98403262042831
0.201,1.81532648142362,4.00360779066936
0.202,1.81939875480544,4.02322895573936
0.203,1.82347118580441,4.0428961074866
0.204,1.82754377448314,4.06260923768787
0.205,1.83161652090425,4.08236833804865
0.206,1.83568942513034,4.10217340020319
0.207,1.83976248722398,4.12202441571476
0.208,1.84383570724769,4.14192137607571
0.209,1.84790908526396,4.16186427270771
0.21,1.85198262133519,4.18185309696188
0.211,1.85605631552374,4.20188784011895
0.212,1.86013016789186,4.22196849338941
0.213,1.86420417850172,4.24209504791374
0.214,1.8682783474154,4.26226749476248
0.215,1.87235267469485,4.28248582493653
0.216,1.8764271604019,4.30275002936718
0.217,1.88050180459827,4.32306009891642
0.218,1.88457660734553,4.343416024377
0.219,1.88865156870509,4.36381779647271
0.22,1.89272668873823,4.38426540585845
0.221,1.89680196750606,4.40475884312054
0.222,1.90087740506951,4.42529809877677
0.223,1.90495300148935,4.44588316327667
0.224,1.90902875682614,4.46651402700167
0.225,1.91310467114027,4.48719068026528
0.226,1.91718074449191,4.50791311331327
0.227,1.92125697694105,4.52868131632388
0.228,1.92533336854744,4.54949527940798
0.229,1.92940991937064,4.57035499260927
0.23,1.93348662946994,4.59126044590448
0.231,1.93756349890445,4.61221162920356
0.232,1.94164052773301,4.63320853234984
0.233,1.94571771601421,4.65425114512027
0.234,1.94979506380642,4.67533945722556
0.235,1.95387257116773,4.69647345831043
0.236,1.95795023815599,4.71765313795374
0.237,1.96202806482877,4.73887848566874
0.238,1.96610605124338,4.76014949090324
0.239,1.97018419745684,4.78146614303981
0.24,1.9742625035259,4.80282843139595
0.241,1.97834096950705,4.82423634522434
0.242,1.98241959545644,4.84568987371298
0.243,1.98649838142998,4.86718900598542
0.244,1.99057732748325,4.88873373110094
0.245,1.99465643367155,4.91032403805478
0.246,1.99873570004985,4.93195991577827
0.247,2.00281512667283,4.95364135313909
0.248,2.00689471359487,4.97536833894145
0.249,2.01097446087002,4.99714086192628
0.25,2.015054368552,5.01895891077142
0.251,2.01913443669424,5.04082247409184
0.252,2.02321466534981,5.0627315404398
0.253,2.02729505457148,5.08468609830512
0.254,2.03137560441168,5.10668613611528
0.255,2.03545631492251,5.12873164223569
0.256,2.03953718615573,5.15082260496988
0.257,2.04361821816276,5.17295901255965
0.258,2.04769941099468,5.19514085318532
0.259,2.05178076470224,5.21736811496591
0.26,2.05586227933583,5.23964078595931
0.261,2.0599439549455,5.26195885416252
0.262,2.06402579158094,5.28432230751181
0.263,2.06810778929152,5.30673113388295
0.264,2.07218994812621,5.32918532109136
0.265,2.07627226813366,5.35168485689238
0.266,2.08035474936216,5.37422972898136
0.267,2.08443739185963,5.39681992499396
0.268,2.08852019567364,5.41945543250627
0.269,2.09260316085139,5.44213623903505
0.27,2.09668628743972,5.46486233203788
0.271,2.10076957548513,5.48763369891342
0.272,2.10485302503371,5.51045032700153
0.273,2.10893663613123,5.5333122035835
0.274,2.11302040882306,5.55621931588225
0.275,2.11710434315423,5.5791716510625
0.276,2.12118843916938,5.60216919623098
0.277,2.12527269691278,5.6252119384366
0.278,2.12935711642834,5.64829986467066
0.279,2.13344169775961,5.67143296186703
0.28,2.13752644094975,5.69461121690235
0.281,2.14161134604155,5.7178346165962
0.282,2.14569641307743,5.74110314771131
0.283,2.14978164209944,5.76441679695373
0.284,2.15386703314926,5.78777555097304
0.285,2.15795258626819,5.81117939636249
0.286,2.16203830149716,5.83462831965925
0.287,2.16612417887672,5.85812230734456
0.288,2.17021021844705,5.88166134584391
0.289,2.17429642024796,5.90524542152724
0.29,2.17838278431889,5.92887452070911
0.291,2.18246931069888,5.9525486296489
0.292,2.18655599942662,5.976267734551
0.293,2.19064285054043,6.00003182156494
0.294,2.19472986407823,6.02384087678564
0.295,2.19881704007759,6.04769488625356
0.296,2.2029043785757,6.07159383595486
0.297,2.20699187960937,6.09553771182161
0.298,2.21107954321505,6.11952649973197
0.299,2.2151673694288,6.14356018551035
0.3,2.21925535828632,6.16763875492758
0.301,2.22334350982294,6.19176219370113
0.302,2.22743182407362,6.21593048749526
0.303,2.23152030107293,6.24014362192116
0.304,2.2356089408551,6.26440158253721
0.305,2.23969774345396,6.28870435484905
0.306,2.24378670890299,6.31305192430988
0.307,2.2478758372353,6.33744427632049
0.308,2.25196512848364,6.36188139622955
0.309,2.25605458268036,6.38636326933374
0.31,2.26014419985748,6.41088988087789
0.311,2.26423398004665,6.4354612160552
0.312,2.26832392327914,6.46007726000738
0.313,2.27241402958585,6.48473799782484
0.314,2.27650429899736,6.50944341454684
0.315,2.28059473154383,6.53419349516165
0.316,2.28468532725511,6.55898822460677
0.317,2.28877608616065,6.58382758776901
0.318,2.29286700828957,6.60871156948474
0.319,2.29695809367063,6.63364015454001
0.32,2.3010493423322,6.65861332767073
0.321,2.30514075430234,6.68363107356279
0.322,2.30923232960872,6.70869337685231
0.323,2.31332406827868,6.73380022212573
0.324,2.31741597033919,6.75895159391999
0.325,2.32150803581687,6.7841474767227
0.326,2.325600264738,6.8093878549723
0.327,2.32969265712851,6.8346727130582
0.328,2.33378521301398,6.86000203532098
0.329,2.33787793241962,6.88537580605249
0.33,2.34197081537034,6.91079400949606
0.331,2.34606386189066,6.93625662984662
0.332,2.35015707200479,6.96176365125089
0.333,2.35425044573657,6.9873150578075
0.334,2.35834398310954,7.01291083356719
0.335,2.36243768414685,7.03855096253289
0.336,2.36653154887134,7.06423542865996
0.337,2.37062557730552,7.08996421585628
0.338,2.37471976947155,7.11573730798242
0.339,2.37881412539126,7.14155468885182
0.34,2.38290864508615,7.16741634223089
0.341,2.38700332857738,7.1933222518392
0.342,2.39109817588579,7.2192724013496
0.343,2.39519318703189,7.24526677438839
0.344,2.39928836203586,7.27130535453546
0.345,2.40338370091755,7.29738812532445
0.346,2.40747920369649,7.32351507024286
0.347,2.41157487039189,7.34968617273224
0.348,2.41567070102264,7.37590141618831
0.349,2.4197666956073,7.4021607839611
0.35,2.42386285416412,7.42846425935511
0.351,2.42795917671102,7.45481182562945
0.352,2.43205566326563,7.48120346599798
0.353,2.43615231384523,7.50763916362943
0.354,2.44024912846683,7.53411890164761
0.355,2.44434610714708,7.56064266313144
0.356,2.44844324990237,7.5872104311152
0.357,2.45254055674874,7.6138221885886
0.358,2.45663802770195,7.64047791849696
0.359,2.46073566277744,7.66717760374129
0.36,2.46483346199036,7.69392122717852
0.361,2.46893142535553,7.72070877162153
0.362,2.47302955288751,7.74754021983937
0.363,2.47712784460053,7.77441555455734
0.364,2.48122630050853,7.8013347584572
0.365,2.48532492062515,7.82829781417718
0.366,2.48942370496375,7.85530470431225
0.367,2.49352265353738,7.88235541141415
0.368,2.49762176635881,7.90944991799158
0.369,2.50172104344052,7.9365882065103
0.37,2.50582048479468,7.96377025939331
0.371,2.50992009043321,7.99099605902089
0.372,2.51401986036771,8.01826558773084
0.373,2.51811979460951,8.04557882781851
0.374,2.52221989316967,8.07293576153701
0.375,2.52632015605894,8.10033637109728
0.376,2.53042058328782,8.12778063866825
0.377,2.53452117486652,8.15526854637694
0.378,2.53862193080497,8.18280007630864
0.379,2.54272285111282,8.21037521050695
0.38,2.54682393579947,8.23799393097399
0.381,2.55092518487402,8.26565621967047
0.382,2.55502659834533,8.29336205851585
0.383,2.55912817622196,8.32111142938843
0.384,2.56322991851222,8.34890431412551
0.385,2.56733182522416,8.37674069452347
0.386,2.57143389636555,8.40462055233793
0.387,2.57553613194392,8.43254386928384
0.388,2.57963853196651,8.46051062703564
0.389,2.58374109644032,8.48852080722734
0.39,2.58784382537209,8.51657439145266
0.391,2.59194671876829,8.54467136126515
0.392,2.59604977663517,8.5728116981783
0.393,2.60015299897868,8.60099538366566
0.394,2.60425638580456,8.62922239916098
0.395,2.60835993711827,8.65749272605829
0.396,2.61246365292503,8.68580634571204
0.397,2.61656753322982,8.71416323943721
0.398,2.62067157803737,8.74256338850942
0.399,2.62477578735216,8.77100677416507
0.4,2.62888016117844,8.79949337760143
0.401,2.6329846995202,8.82802317997674
0.402,2.63708940238122,8.85659616241038
0.403,2.641194269765,8.88521230598291
0.404,2.64529930167484,8.91387159173625
0.405,2.64940449811378,8.94257400067375
0.406,2.65350985908465,8.97131951376033
0.407,2.65761538459002,9.00010811192253
0.408,2.66172107463225,9.02893977604873
0.409,2.66582692921347,9.05781448698915
0.41,2.66993294833557,9.08673222555601
0.411,2.67403913200021,9.11569297252368
0.412,2.67814548020885,9.14469670862868
0.413,2.6822519929627,9.17374341456991
0.414,2.68635867026276,9.20283307100867
0.415,2.69046551210981,9.23196565856881
0.416,2.6945725185044,9.26114115783681
0.417,2.69867968944688,9.29035954936194
0.418,2.70278702493736,9.31962081365628
0.419,2.70689452497576,9.34892493119493
0.42,2.71100218956177,9.37827188241602
0.421,2.71511001869487,9.40766164772087
0.422,2.71921801237434,9.43709420747408
0.423,2.72332617059923,9.46656954200363
0.424,2.72743449336839,9.496087631601
0.425,2.73154298068048,9.52564845652126
0.426,2.73565163253393,9.55525199698315
0.427,2.73976044892699,9.58489823316925
0.428,2.74386942985768,9.614587145226
0.429,2.74797857532384,9.64431871326386
0.43,2.7520878853231,9.67409291735739
0.431,2.7561973598529,9.70390973754537
0.432,2.76030699891047,9.73376915383085
0.433,2.76441680249285,9.76367114618131
0.434,2.76852677059689,9.79361569452872
0.435,2.77263690321925,9.82360277876967
0.436,2.77674720035639,9.85363237876543
0.437,2.78085766200457,9.8837044743421
0.438,2.78496828815988,9.91381904529065
0.439,2.78907907881821,9.94397607136708
0.44,2.79319003397526,9.97417553229244
0.441,2.79730115362657,10.004417407753
0.442,2.80141243776746,10.0347016774004
0.443,2.80552388639309,10.0650283208515
0.444,2.80963549949844,10.0953973176887
0.445,2.81374727707828,10.12580864746
0.446,2.81785921912725,10.1562622896792
0.447,2.82197132563977,10.1867582238257
0.448,2.8260835966101,10.2172964293447
0.449,2.83019603203233,10.2478768856476
0.45,2.83430863190036,10.2784995721117
0.451,2.83842139620794,10.3091644680803
0.452,2.84253432494862,10.3398715528634
0.453,2.8466474181158,10.3706208057367
0.454,2.8507606757027,10.4014122059429
0.455,2.85487409770239,10.432245732691
0.456,2.85898768410775,10.4631213651564
0.457,2.86310143491151,10.4940390824815
0.458,2.86721535010623,10.5249988637754
0.459,2.87132942968431,10.556000688114
0.46,2.87544367363797,10.5870445345403
0.461,2.8795580819593,10.6181303820643
0.462,2.88367265464021,10.6492582096631
0.463,2.88778739167245,10.6804279962812
0.464,2.89190229304763,10.7116397208303
0.465,2.89601735875719,10.7428933621896
0.466,2.9001325887924,10.7741888992058
0.467,2.90424798314441,10.8055263106931
0.468,2.9083635418042,10.8369055754337
0.469,2.91247926476259,10.8683266721771
0.47,2.91659515201026,10.8997895796411
0.471,2.92071120353775,10.9312942765112
0.472,2.92482741933542,10.9628407414412
0.473,2.92894379939351,10.9944289530527
0.474,2.93306034370211,11.0260588899357
0.475,2.93717705225116,11.0577305306486
0.476,2.94129392503046,11.089443853718
0.477,2.94541096202965,11.1211988376391
0.478,2.94952816323826,11.1529954608755
0.479,2.95364552864565,11.1848337018598
0.48,2.95776305824105,11.2167135389929
0.481,2.96188075201356,11.2486349506449
0.482,2.96599860995212,11.2805979151545
0.483,2.97011663204557,11.3126024108296
0.484,2.97423481828257,11.3446484159471
0.485,2.97835316865168,11.376735908753
0.486,2.9824716831413,11.4088648674627
0.487,2.98659036173973,11.4410352702607
0.488,2.99070920443511,11.4732470953011
0.489,2.99482821121546,11.5055003207074
0.49,2.99894738206866,11.5377949245727
0.491,3.00306671698249,11.5701308849599
0.492,3.00718621594456,11.6025081799013
0.493,3.01130587894239,11.6349267873993
0.494,3.01542570596336,11.6673866854262
0.495,3.01954569699471,11.6998878519241
0.496,3.02366585202359,11.7324302648054
0.497,3.027786171037,11.7650139019525
0.498,3.03190665402183,11.797638741218
0.499,3.03602730096484,11.830304760425
0.5,3.04014811185268,11.8630119373668
0.501,3.04426908667187,11.8957602498073
0.502,3.04839022540883,11.9285496754808
0.503,3.05251152804984,11.9613801920925
0.504,3.05663299458107,11.9942517773181
0.505,3.06075462498859,12.0271644088041
0.506,3.06487641925834,12.0601180641679
0.507,3.06899837737616,12.093112720998
0.508,3.07312049932775,12.1261483568537
0.509,3.07724278509872,12.1592249492655
0.51,3.08136523467457,12.1923424757353
0.511,3.08548784804069,12.2255009137359
0.512,3.08961062518234,12.2587002407117
0.513,3.09373356608469,12.2919404340785
0.514,3.09785667073281,12.3252214712235
0.515,3.10197993911164,12.3585433295055
0.516,3.10610337120603,12.3919059862551
0.517,3.11022696700072,12.4253094187746
0.518,3.11435072648036,12.4587536043379
0.519,3.11847464962946,12.492238520191
0.52,3.12259873643246,12.5257641435518
0.521,3.1267229868737,12.5593304516103
0.522,3.13084740093739,12.5929374215287
0.523,3.13497197860767,12.626585030441
0.524,3.13909671986856,12.6602732554541
0.525,3.143221624704,12.6940020736466
0.526,3.14734669309781,12.72777146207
0.527,3.15147192503373,12.7615813977482
0.528,3.1555973204954,12.7954318576775
0.529,3.15972287946636,12.829322818827
0.53,3.16384860193006,12.8632542581386
0.531,3.16797448786985,12.8972261525268
0.532,3.172100537269,12.9312384788791
0.533,3.17622675011067,12.965291214056
0.534,3.18035312637793,12.9993843348909
0.535,3.18447966605379,13.0335178181905
0.536,3.18860636912112,13.0676916407345
0.537,3.19273323556274,13.1019057792759
0.538,3.19686026536136,13.1361602105411
0.539,3.20098745849961,13.1704549112297
0.54,3.20511481496004,13.2047898580151
0.541,3.2092423347251,13.2391650275439
0.542,3.21337001777715,13.2735803964366
0.543,3.21749786409849,13.3080359412872
0.544,3.22162587367131,13.3425316386637
0.545,3.22575404647773,13.3770674651077
0.546,3.22988238249977,13.4116433971347
0.547,3.2340108817194,13.4462594112345
0.548,3.23813954411847,13.4809154838707
0.549,3.24226836967878,13.515611591481
0.55,3.24639735838202,13.5503477104775
0.551,3.25052651020984,13.5851238172465
0.552,3.25465582514377,13.6199398881485
0.553,3.25878530316528,13.6547958995187
0.554,3.26291494425577,13.6896918276665
0.555,3.26704474839655,13.7246276488762
0.556,3.27117471556885,13.7596033394064
0.557,3.27530484575384,13.7946188754906
0.558,3.27943513893261,13.8296742333371
0.559,3.28356559508616,13.8647693891289
0.56,3.28769621419543,13.8999043190241
0.561,3.29182699624129,13.9350789991557
0.562,3.29595794120453,13.9702934056318
0.563,3.30008904906586,14.0055475145356
0.564,3.30422031980593,14.0408413019256
0.565,3.30835175340533,14.0761747438353
0.566,3.31248334984455,14.111547816274
0.567,3.31661510910403,14.146960495226
0.568,3.32074703116414,14.1824127566514
0.569,3.32487911600517,14.2179045764857
0.57,3.32901136360736,14.2534359306399
0.571,3.33314377395086,14.2890067950011
0.572,3.33727634701578,14.3246171454317
0.573,3.34140908278215,14.3602669577704
0.574,3.34554198122991,14.3959562078313
0.575,3.34967504233898,14.431684871405
0.576,3.35380826608918,14.4674529242578
0.577,3.35794165246029,14.5032603421322
0.578,3.36207520143201,14.539107100747
0.579,3.36620891298397,14.5749931757971
0.58,3.37034278709577,14.6109185429538
0.581,3.37447682374692,14.6468831778647
0.582,3.37861102291687,14.6828870561541
0.583,3.38274538458502,14.7189301534227
0.584,3.38687990873071,14.7550124452476
0.585,3.3910145953332,14.7911339071829
0.586,3.39514944437171,14.8272945147592
0.587,3.3992844558254,14.8634942434841
0.588,3.40341962967337,14.8997330688419
0.589,3.40755496589465,14.9360109662939
0.59,3.41169046446823,14.9723279112784
0.591,3.41582612537303,15.0086838792109
0.592,3.41996194858793,15.045078845484
0.593,3.42409793409172,15.0815127854672
0.594,3.42823408186318,15.1179856745078
0.595,3.432370391881,15.1544974879301
0.596,3.43650686412383,15.191048201036
0.597,3.44064349857026,15.2276377891046
0.598,3.44478029519884,15.264266227393
0.599,3.44891725398805,15.3009334911355
0.6,3.45305437491631,15.3376395555443
0.601,3.45719165796203,15.3743843958093
0.602,3.46132910310352,15.4111679870983
0.603,3.46546671031905,15.4479903045569
0.604,3.46960447958687,15.4848513233087
0.605,3.47374241088515,15.5217510184552
0.606,3.47788050419201,15.5586893650761
0.607,3.48201875948553,15.5956663382294
0.608,3.48615717674373,15.632681912951
0.609,3.49029575594461,15.6697360642554
0.61,3.49443449706608,15.7068287671351
0.611,3.49857340008603,15.7439599965615
0.612,3.5027124649823,15.781129727484
0.613,3.50685169173267,15.8183379348309
0.614,3.51099108031488,15.8555845935089
0.615,3.51513063070663,15.8928696784036
0.616,3.51927034288558,15.9301931643791
0.617,3.52341021682931,15.9675550262785
0.618,3.5275502525154,16.0049552389238
0.619,3.53169044992135,16.0423937771157
0.62,3.53583080902464,16.0798706156343
0.621,3.53997132980268,16.1173857292385
0.622,3.54411201223287,16.1549390926665
0.623,3.54825285629253,16.1925306806354
0.624,3.55239386195897,16.2301604678421
0.625,3.55653502920944,16.2678284289623
0.626,3.56067635802115,16.3055345386516
0.627,3.56481784837127,16.3432787715447
0.628,3.56895950023693,16.381061102256
0.629,3.57310131359521,16.4188815053794
0.63,3.57724328842317,16.4567399554887
0.631,3.5813854246978,16.4946364271372
0.632,3.58552772239608,16.532570894858
0.633,3.58967018149492,16.5705433331642
0.634,3.59381280197123,16.6085537165489
0.635,3.59795558380184,16.6466020194848
0.636,3.60209852696357,16.6846882164252
0.637,3.60624163143319,16.722812281803
0.638,3.61038489718742,16.7609741900316
0.639,3.61452832420298,16.7991739155046
0.64,3.61867191245651,16.8374114325959
0.641,3.62281566192465,16.8756867156596
0.642,3.62695957258396,16.9139997390307
0.643,3.63110364441101,16.9523504770242
0.644,3.63524787738231,16.9907389039359
0.645,3.63939227147433,17.0291649940423
0.646,3.64353682666352,17.0676287216005
0.647,3.64768154292628,17.1061300608483
0.648,3.65182642023898,17.1446689860045
0.649,3.65597145857797,17.1832454712687
0.65,3.66011665791955,17.2218594908215
0.651,3.66426201823998,17.2605110188243
0.652,3.6684075395155,17.2992000294199
0.653,3.67255322172232,17.3379264967321
0.654,3.67669906483661,17.3766903948659
0.655,3.6808450688345,17.4154916979075
0.656,3.68499123369209,17.4543303799246
0.657,3.68913755938547,17.4932064149662
0.658,3.69328404589067,17.5321197770628
0.659,3.6974306931837,17.5710704402264
0.66,3.70157750124054,17.6100583784506
0.661,3.70572447003713,17.6490835657106
0.662,3.7098715995494,17.6881459759634
0.663,3.71401888975322,17.7272455831477
0.664,3.71816634062446,17.7663823611841
0.665,3.72231395213893,17.8055562839752
0.666,3.72646172427244,17.8447673254053
0.667,3.73060965700075,17.884015459341
0.668,3.73475775029959,17.9233006596307
0.669,3.73890600414468,17.9626229001053
0.67,3.74305441851169,18.0019821545777
0.671,3.74720299337627,18.0413783968432
0.672,3.75135172871405,18.0808116006792
0.673,3.75550062450063,18.1202817398458
0.674,3.75964968071156,18.1597887880854
0.675,3.76379889732239,18.199332719123
0.676,3.76794827430862,18.2389135066662
0.677,3.77209781164575,18.2785311244051
0.678,3.77624750930923,18.3181855460128
0.679,3.78039736727449,18.3578767451449
0.68,3.78454738551694,18.39760469544
0.681,3.78869756401196,18.4373693705195
0.682,3.79284790273489,18.477170743988
0.683,3.79699840166107,18.5170087894328
0.684,3.8011490607658,18.5568834804245
0.685,3.80529988002434,18.5967947905168
0.686,3.80945085941197,18.6367426932466
0.687,3.81360199890389,18.6767271621341
0.688,3.81775329847531,18.7167481706828
0.689,3.82190475810142,18.7568056923797
0.69,3.82605637775735,18.7968997006951
0.691,3.83020815741825,18.8370301690829
0.692,3.83436009705921,18.8771970709806
0.693,3.83851219665531,18.9174003798094
0.694,3.84266445618162,18.9576400689741
0.695,3.84681687561317,18.9979161118632
0.696,3.85096945492496,19.0382284818493
0.697,3.85512219409199,19.0785771522887
0.698,3.85927509308923,19.1189620965216
0.699,3.86342815189161,19.1593832878723
0.7,3.86758137047405,19.1998406996492
0.701,3.87173474881146,19.2403343051448
0.702,3.87588828687871,19.2808640776358
0.703,3.88004198465066,19.3214299903832
0.704,3.88419584210214,19.3620320166321
0.705,3.88834985920795,19.4026701296124
0.706,3.8925040359429,19.443344302538
0.707,3.89665837228174,19.4840545086076
0.708,3.90081286819923,19.5248007210044
0.709,3.9049675236701,19.565582912896
0.71,3.90912233866904,19.606401057435
0.711,3.91327731317076,19.6472551277586
0.712,3.9174324471499,19.6881450969888
0.713,3.92158774058112,19.7290709382325
0.714,3.92574319343905,19.7700326245815
0.715,3.92989880569829,19.8110301291126
0.716,3.93405457733342,19.8520634248876
0.717,3.93821050831901,19.8931324849535
0.718,3.94236659862961,19.9342372823423
0.719,3.94652284823974,19.9753777900716
0.72,3.95067925712393,20.0165539811438
0.721,3.95483582525664,20.0577658285469
0.722,3.95899255261236,20.0990133052544
0.723,3.96314943916554,20.1402963842252
0.724,3.96730648489061,20.1816150384035
0.725,3.97146368976198,20.2229692407195
0.726,3.97562105375406,20.2643589640887
0.727,3.97977857684122,20.3057841814125
0.728,3.98393625899782,20.3472448655779
0.729,3.9880941001982,20.3887409894581
0.73,3.9922521004167,20.4302725259117
0.731,3.99641025962761,20.4718394477835
0.732,4.00056857780523,20.5134417279044
0.733,4.00472705492383,20.5550793390912
0.734,4.00888569095766,20.596752254147
0.735,4.01304448588097,20.6384604458608
0.736,4.01720343966797,20.6802038870081
0.737,4.02136255229287,20.7219825503507
0.738,4.02552182372985,20.7637964086367
0.739,4.0296812539531,20.8056454346005
0.74,4.03384084293675,20.8475296009633
0.741,4.03800059065495,20.8894488804325
0.742,4.04216049708183,20.9314032457024
0.743,4.04632056219148,20.9733926694538
0.744,4.05048078595799,21.0154171243542
0.745,4.05464116835544,21.0574765830581
0.746,4.05880170935789,21.0995710182065
0.747,4.06296240893938,21.1417004024275
0.748,4.06712326707392,21.1838647083363
0.749,4.07128428373554,21.2260639085348
0.75,4.07544545889823,21.2682979756123
0.751,4.07960679253596,21.310566882145
0.752,4.08376828462271,21.3528706006964
0.753,4.08792993513242,21.3952091038173
0.754,4.09209174403901,21.4375823640456
0.755,4.09625371131643,21.4799903539069
0.756,4.10041583693855,21.522433045914
0.757,4.10457812087929,21.5649104125672
0.758,4.1087405631125,21.6074224263545
0.759,4.11290316361205,21.6499690597514
0.76,4.11706592235178,21.692550285221
0.761,4.12122883930553,21.7351660752143
0.762,4.12539191444711,21.7778164021699
0.763,4.12955514775032,21.8205012385144
0.764,4.13371853918895,21.8632205566623
0.765,4.13788208873678,21.9059743290159
0.766,4.14204579636756,21.9487625279657
0.767,4.14620966205503,21.9915851258901
0.768,4.15037368577294,22.0344420951559
0.769,4.15453786749499,22.0773334081177
0.77,4.15870220719489,22.1202590371188
0.771,4.16286670484634,22.1632189544905
0.772,4.167031360423,22.2062131325525
0.773,4.17119617389855,22.2492415436131
0.774,4.17536114524662,22.2923041599689
0.775,4.17952627444086,22.3354009539052
0.776,4.18369156145489,22.3785318976957
0.777,4.18785700626232,22.421696963603
0.778,4.19202260883674,22.4648961238782
0.779,4.19618836915174,22.5081293507614
0.78,4.20035428718089,22.5513966164812
0.781,4.20452036289774,22.5946978932555
0.782,4.20868659627585,22.6380331532909
0.783,4.21285298728873,22.6814023687829
0.784,4.21701953590991,22.7248055119165
0.785,4.22118624211289,22.7682425548652
0.786,4.22535310587117,22.8117134697923
0.787,4.22952012715823,22.85521822885
0.788,4.23368730594752,22.8987568041797
0.789,4.23785464221252,22.9423291679125
0.79,4.24202213592666,22.9859352921686
0.791,4.24618978706337,23.0295751490578
0.792,4.25035759559607,23.0732487106794
0.793,4.25452556149816,23.1169559491223
0.794,4.25869368474304,23.1606968364651
0.795,4.26286196530408,23.204471344776
0.796,4.26703040315466,23.2482794461129
0.797,4.27119899826813,23.2921211125236
0.798,4.27536775061783,23.3359963160459
0.799,4.27953666017711,23.3799050287072
0.8,4.28370572691926,23.4238472225253
0.801,4.28787495081762,23.4678228695075
0.802,4.29204433184546,23.5118319416518
0.803,4.29621386997608,23.5558744109459
0.804,4.30038356518274,23.599950249368
0.805,4.30455341743871,23.6440594288863
0.806,4.30872342671724,23.6882019214595
0.807,4.31289359299156,23.7323776990367
0.808,4.31706391623489,23.7765867335574
0.809,4.32123439642046,23.8208289969515
0.81,4.32540503352145,23.8651044611396
0.811,4.32957582751107,23.9094130980328
0.812,4.33374677836249,23.9537548795329
0.813,4.33791788604888,23.9981297775325
0.814,4.34208915054338,24.0425377639148
0.815,4.34626057181916,24.086978810554
0.816,4.35043214984933,24.1314528893152
0.817,4.35460388460702,24.1759599720543
0.818,4.35877577606534,24.2205000306182
0.819,4.36294782419739,24.2650730368451
0.82,4.36712002897624,24.3096789625641
0.821,4.37129239037499,24.3543177795956
0.822,4.37546490836669,24.398989459751
0.823,4.3796375829244,24.4436939748333
0.824,4.38381041402115,24.4884312966366
0.825,4.38798340162998,24.5332013969466
0.826,4.39215654572391,24.5780042475402
0.827,4.39632984627594,24.622839820186
0.828,4.40050330325907,24.6677080866442
0.829,4.40467691664629,24.7126090186664
0.83,4.40885068641056,24.7575425879961
0.831,4.41302461252486,24.8025087663685
0.832,4.41719869496214,24.8475075255104
0.833,4.42137293369534,24.8925388371407
0.834,4.42554732869738,24.93760267297
0.835,4.42972187994118,24.9826990047011
0.836,4.43389658739966,25.0278278040284
0.837,4.43807145104571,25.0729890426389
0.838,4.44224647085222,25.1181826922112
0.839,4.44642164679206,25.1634087244164
0.84,4.45059697883809,25.2086671109179
0.841,4.45477246696317,25.253957823371
0.842,4.45894811114014,25.2992808334238
0.843,4.46312391134183,25.3446361127165
0.844,4.46729986754106,25.3900236328819
0.845,4.47147597971064,25.4354433655451
0.846,4.47565224782337,25.4808952823242
0.847,4.47982867185203,25.5263793548294
0.848,4.48400525176941,25.5718955546639
0.849,4.48818198754826,25.6174438534236
0.85,4.49235887916134,25.6630242226971
0.851,4.49653592658139,25.7086366340659
0.852,4.50071312978116,25.7542810591044
0.853,4.50489048873335,25.7999574693799
0.854,4.50906800341069,25.8456658364528
0.855,4.51324567378586,25.8914061318764
0.856,4.51742349983156,25.9371783271973
0.857,4.52160148152047,25.9829823939552
0.858,4.52577961882526,26.0288183036829
0.859,4.52995791171858,26.0746860279067
0.86,4.53413636017307,26.1205855381461
0.861,4.53831496416138,26.1665168059141
0.862,4.54249372365613,26.2124798027169
0.863,4.54667263862992,26.2584745000545
0.864,4.55085170905536,26.3045008694203
0.865,4.55503093490505,26.3505588823013
0.866,4.55921031615156,26.3966485101782
0.867,4.56338985276747,26.4427697245254
0.868,4.56756954472533,26.488922496811
0.869,4.57174939199768,26.5351067984972
0.87,4.57592939455708,26.5813226010397
0.871,4.58010955237603,26.6275698758884
0.872,4.58428986542707,26.6738485944871
0.873,4.58847033368268,26.7201587282736
0.874,4.59265095711538,26.7665002486798
0.875,4.59683173569763,26.812873127132
0.876,4.60101266940191,26.8592773350503
0.877,4.60519375820068,26.9057128438493
0.878,4.60937500206639,26.9521796249379
0.879,4.61355640097147,26.9986776497193
0.88,4.61773795488837,27.0452068895912
0.881,4.62191966378949,27.0917673159457
0.882,4.62610152764724,27.1383589001694
0.883,4.63028354643401,27.1849816136435
0.884,4.63446572012219,27.231635427744
0.885,4.63864804868415,27.2783203138414
0.886,4.64283053209225,27.325036243301
0.887,4.64701317031885,27.3717831874829
0.888,4.65119596333628,27.418561117742
0.889,4.65537891111687,27.4653700054281
0.89,4.65956201363294,27.5122098218861
0.891,4.6637452708568,27.5590805384558
0.892,4.66792868276074,27.6059821264719
0.893,4.67211224931704,27.6529145572646
0.894,4.67629597049799,27.6998778021589
0.895,4.68047984627583,27.7468718324752
0.896,4.68466387662283,27.7938966195293
0.897,4.68884806151122,27.8409521346319
0.898,4.69303240091324,27.8880383490895
0.899,4.69721689480109,27.9351552342039
0.9,4.70140154314698,27.9823027612723
0.901,4.70558634592312,28.0294809015876
0.902,4.70977130310168,28.0766896264381
0.903,4.71395641465484,28.1239289071079
0.904,4.71814168055475,28.1711987148767
0.905,4.72232710077358,28.2184990210201
0.906,4.72651267528345,28.2658297968093
0.907,4.73069840405649,28.3131910135115
0.908,4.73488428706483,28.3605826423897
0.909,4.73907032428056,28.4080046547029
0.91,4.74325651567577,28.4554570217063
0.911,4.74744286122256,28.5029397146508
0.912,4.75162936089299,28.5504527047837
0.913,4.75581601465912,28.5979959633484
0.914,4.76000282249299,28.6455694615845
0.915,4.76418978436665,28.6931731707279
0.916,4.76837690025212,28.7408070620107
0.917,4.77256417012141,28.7884711066616
0.918,4.77675159394652,28.8361652759055
0.919,4.78093917169944,28.883889540964
0.92,4.78512690335216,28.9316438730551
0.921,4.78931478887663,28.9794282433934
0.922,4.79350282824482,29.0272426231902
0.923,4.79769102142866,29.0750869836535
0.924,4.80187936840009,29.1229612959878
0.925,4.80606786913103,29.1708655313948
0.926,4.81025652359339,29.2187996610726
0.927,4.81444533175906,29.2667636562166
0.928,4.81863429359992,29.314757488019
0.929,4.82282340908787,29.3627811276689
0.93,4.82701267819474,29.4108345463524
0.931,4.8312021008924,29.4589177152531
0.932,4.83539167715267,29.5070306055513
0.933,4.83958140694739,29.5551731884247
0.934,4.84377129024838,29.6033454350484
0.935,4.84796132702742,29.6515473165945
0.936,4.85215151725632,29.6997788042326
0.937,4.85634186090684,29.7480398691299
0.938,4.86053235795076,29.7963304824507
0.939,4.86472300835983,29.8446506153571
0.94,4.86891381210579,29.8930002390087
0.941,4.87310476916037,29.9413793245626
0.942,4.87729587949529,29.9897878431737
0.943,4.88148714308226,30.0382257659946
0.944,4.88567855989296,30.0866930641755
0.945,4.88987012989908,30.1351897088648
0.946,4.89406185307228,30.1837156712083
0.947,4.89825372938424,30.23227092235
0.948,4.90244575880657,30.2808554334318
0.949,4.90663794131093,30.3294691755938
0.95,4.91083027686893,30.3781121199737
0.951,4.91502276545218,30.426784237708
0.952,4.91921540703227,30.4754854999307
0.953,4.92340820158078,30.5242158777745
0.954,4.92760114906929,30.5729753423701
0.955,4.93179424946935,30.6217638648466
0.956,4.93598750275251,30.6705814163317
0.957,4.94018090889031,30.7194279679511
0.958,4.94437446785424,30.7683034908293
0.959,4.94856817961585,30.8172079560893
0.96,4.9527620441466,30.8661413348524
0.961,4.95695606141799,30.9151035982388
0.962,4.96115023140148,30.9640947173674
0.963,4.96534455406853,31.0131146633557
0.964,4.96953902939059,31.0621634073198
0.965,4.97373365733909,31.1112409203751
0.966,4.97792843788545,31.1603471736353
0.967,4.98212337100106,31.2094821382136
0.968,4.98631845665733,31.2586457852217
0.969,4.99051369482564,31.3078380857706
0.97,4.99470908547734,31.3570590109702
0.971,4.99890462858381,31.4063085319298
0.972,5.00310032411637,31.4555866197574
0.973,5.00729617204636,31.5048932455607
0.974,5.01149217234509,31.5542283804464
0.975,5.01568832498386,31.6035919955206
0.976,5.01988462993396,31.6529840618888
0.977,5.02408108716667,31.7024045506558
0.978,5.02827769665326,31.751853432926
0.979,5.03247445836496,31.8013306798032
0.98,5.03667137227302,31.8508362623908
0.981,5.04086843834867,31.900370151792
0.982,5.0450656565631,31.9499323191093
0.983,5.04926302688752,31.9995227354452
0.984,5.05346054929312,32.0491413719019
0.985,5.05765822375105,32.0987881995813
0.986,5.06185605023248,32.1484631895853
0.987,5.06605402870855,32.1981663130157
0.988,5.07025215915039,32.247897540974
0.989,5.07445044152912,32.2976568445622
0.99,5.07864887581584,32.3474441948817
0.991,5.08284746198164,32.3972595630347
0.992,5.08704619999759,32.447102920123
0.993,5.09124508983476,32.4969742372488
0.994,5.09544413146419,32.5468734855146
0.995,5.09964332485692,32.5968006360232
0.996,5.10384266998397,32.6467556598776
0.997,5.10804216681635,32.6967385281813
0.998,5.11224181532505,32.7467492120382
0.999,5.11644161548105,32.7967876825528
1,5.12064156725532,32.8468539108298
